service_id,age,years_of_service,deployment_days_last_90,avg_duty_hours_per_week,consecutive_duty_days,leave_days_taken_last_90,sleep_hours_avg,family_contact_days_last_30,disciplinary_flags_last_180,prior_incident_count,self_report_mood_score,journal_text,latent_stress_true,risk_label
SVC00001,23,5,39,63.3,26,3,4.51,1,0,0,6,"Extremely exhausted, haven't slept properly in days.",0.673,High
SVC00001,23,5,16,52.8,28,6,6.81,16,0,0,9,"Routine day, nothing much to report.",0.536,Medium
SVC00001,23,5,15,43.8,23,1,6.0,19,0,0,4,"Standard patrol schedule, no major issues.",0.543,Medium
SVC00001,23,5,67,77.7,21,5,5.53,19,0,0,8,"Routine day, nothing much to report.",0.636,Medium
SVC00001,23,5,30,59.8,7,14,6.91,8,0,0,9,"Usual duty hours, a bit tired but okay overall.",0.392,Low
SVC00001,23,5,57,60.1,4,12,6.58,0,0,0,3,"Been a normal week, keeping busy with regular tasks.",0.525,Medium
SVC00002,21,3,40,63.6,20,12,5.76,11,0,0,1,The back-to-back duty shifts are wearing me down badly.,0.661,High
SVC00002,21,3,31,62.3,13,4,4.54,8,0,0,9,"Usual duty hours, a bit tired but okay overall.",0.523,Medium
SVC00002,21,3,11,53.9,17,14,5.8,13,0,0,4,"Routine day, nothing much to report.",0.416,Medium
SVC00002,21,3,63,46.4,14,13,6.82,10,0,0,2,"Usual duty hours, a bit tired but okay overall.",0.487,Medium
SVC00002,21,3,55,34.6,11,5,4.9,2,1,0,8,"Nothing unusual, just getting through the schedule.",0.464,Medium
SVC00002,21,3,71,49.5,13,1,5.76,1,0,0,8,"Usual duty hours, a bit tired but okay overall.",0.598,Medium
SVC00003,36,18,44,54.8,22,4,8.28,12,0,0,8,"Standard patrol schedule, no major issues.",0.555,Medium
SVC00003,36,18,17,56.3,10,10,4.65,2,0,1,5,"Usual duty hours, a bit tired but okay overall.",0.573,Medium
SVC00003,36,18,13,39.8,29,7,7.29,15,0,0,5,"Nothing unusual, just getting through the schedule.",0.447,Medium
SVC00003,36,18,73,42.2,8,8,5.4,10,0,0,1,"Nothing unusual, just getting through the schedule.",0.574,Medium
SVC00003,36,18,28,46.2,3,1,6.56,5,0,0,4,"Routine day, nothing much to report.",0.468,Medium
SVC00003,36,18,21,43.3,1,8,5.13,7,0,0,3,"Nothing unusual, just getting through the schedule.",0.466,Medium
SVC00004,51,8,16,46.5,5,4,4.54,8,1,0,3,"Nothing unusual, just getting through the schedule.",0.549,Medium
SVC00004,51,8,2,47.1,23,6,6.76,7,0,0,1,"Nothing unusual, just getting through the schedule.",0.519,Medium
SVC00004,51,8,6,49.8,25,11,8.1,3,1,0,10,"Been a normal week, keeping busy with regular tasks.",0.455,Medium
SVC00004,51,8,39,56.1,4,2,6.32,4,0,0,3,"Standard patrol schedule, no major issues.",0.538,Medium
SVC00004,51,8,37,48.0,6,0,4.48,14,0,0,6,"Nothing unusual, just getting through the schedule.",0.486,Medium
SVC00004,51,8,12,58.5,15,4,6.0,19,1,0,2,"Been a normal week, keeping busy with regular tasks.",0.509,Medium
SVC00005,46,13,15,41.8,18,11,4.3,16,0,0,7,"Routine day, nothing much to report.",0.398,Low
SVC00005,46,13,42,50.0,7,11,5.51,12,0,0,2,"Been a normal week, keeping busy with regular tasks.",0.415,Medium
SVC00005,46,13,48,36.6,7,14,8.59,14,0,0,5,"Usual duty hours, a bit tired but okay overall.",0.376,Low
SVC00005,46,13,28,49.1,28,13,6.77,3,0,0,3,"Routine day, nothing much to report.",0.616,Medium
SVC00005,46,13,15,45.3,13,8,7.52,16,0,0,4,"Routine day, nothing much to report.",0.436,Medium
SVC00005,46,13,44,85.8,5,3,8.25,4,0,0,1,"Feeling isolated, it's been weeks since I saw my family.",0.726,High
SVC00006,23,5,36,31.1,28,12,6.79,16,1,0,7,"Been a normal week, keeping busy with regular tasks.",0.401,Medium
SVC00006,23,5,75,53.8,16,14,2.86,17,0,0,3,"Usual duty hours, a bit tired but okay overall.",0.554,Medium
SVC00006,23,5,15,72.7,12,5,7.32,7,0,0,2,"Struggling to cope, everything feels overwhelming lately.",0.556,Medium
SVC00006,23,5,83,72.8,23,4,6.77,19,0,0,9,"Routine day, nothing much to report.",0.595,Medium
SVC00006,23,5,26,63.9,1,3,7.22,10,0,0,9,"Standard patrol schedule, no major issues.",0.428,Medium
SVC00006,23,5,7,33.1,22,2,4.68,3,0,0,9,"Feeling steady. Caught up with family on call, that helped a lot.",0.414,Medium
SVC00007,45,19,47,44.2,19,1,6.99,11,0,0,8,"Been a normal week, keeping busy with regular tasks.",0.517,Medium
SVC00007,45,19,21,44.9,18,12,4.14,2,0,0,8,"Standard patrol schedule, no major issues.",0.427,Medium
SVC00007,45,19,66,54.8,10,12,6.55,15,0,0,4,"Solid week, workload was manageable and the team is in good spirits.",0.501,Medium
SVC00007,45,19,39,50.5,3,10,5.23,18,0,0,10,"Slept well last night, feeling fresh for duty.",0.3,Low
SVC00007,45,19,77,58.6,29,4,5.93,17,0,0,1,"Struggling to cope, everything feels overwhelming lately.",0.742,High
SVC00007,45,19,65,37.0,25,14,5.17,9,0,1,6,"Slept well last night, feeling fresh for duty.",0.379,Low
SVC00008,29,11,76,53.7,19,1,6.5,17,0,0,1,"Extremely exhausted, haven't slept properly in days.",0.672,High
SVC00008,29,11,82,58.3,28,0,6.05,3,0,0,1,"Good day today, training went well and I got some rest.",0.742,High
SVC00008,29,11,60,48.6,24,1,7.62,15,0,0,5,"Usual duty hours, a bit tired but okay overall.",0.661,High
SVC00008,29,11,7,44.9,26,12,5.05,14,0,0,6,"Nothing unusual, just getting through the schedule.",0.365,Low
SVC00008,29,11,6,57.7,19,3,3.82,17,0,0,8,"Routine day, nothing much to report.",0.418,Medium
SVC00008,29,11,49,49.7,24,13,6.67,11,1,0,6,"Extremely exhausted, haven't slept properly in days.",0.503,Medium
SVC00009,25,7,46,75.4,4,1,6.29,18,0,0,3,"Nothing unusual, just getting through the schedule.",0.599,Medium
SVC00009,25,7,37,42.0,26,3,3.51,12,0,0,4,"Extremely exhausted, haven't slept properly in days.",0.746,High
SVC00009,25,7,52,56.2,18,10,5.83,11,0,0,7,"Standard patrol schedule, no major issues.",0.595,Medium
SVC00009,25,7,56,83.2,29,7,8.06,11,1,0,9,"Standard patrol schedule, no major issues.",0.638,Medium
SVC00009,25,7,76,60.0,26,12,6.68,1,0,0,3,"Nothing unusual, just getting through the schedule.",0.779,High
SVC00009,25,7,1,30.0,21,12,7.97,14,0,0,2,"Had a great time during the sports session, morale is high.",0.202,Low
SVC00010,35,17,70,33.3,21,11,6.33,7,0,0,8,"Standard patrol schedule, no major issues.",0.52,Medium
SVC00010,35,17,38,71.5,25,14,5.05,11,1,0,9,"Usual duty hours, a bit tired but okay overall.",0.667,High
SVC00010,35,17,3,70.8,13,13,4.98,3,1,0,2,"Usual duty hours, a bit tired but okay overall.",0.559,Medium
SVC00010,35,17,65,42.6,15,4,5.13,4,0,0,5,"Been a normal week, keeping busy with regular tasks.",0.582,Medium
SVC00010,35,17,65,60.5,11,13,6.7,6,0,0,7,"Feeling isolated, it's been weeks since I saw my family.",0.503,Medium
SVC00010,35,17,53,39.6,11,5,5.04,0,1,0,4,"Usual duty hours, a bit tired but okay overall.",0.634,Medium
SVC00011,20,2,84,54.3,4,8,6.11,8,0,0,3,"Nothing unusual, just getting through the schedule.",0.483,Medium
SVC00011,20,2,43,49.0,20,13,3.07,5,0,0,10,"Nothing unusual, just getting through the schedule.",0.557,Medium
SVC00011,20,2,40,42.0,29,9,8.29,2,0,0,10,"Standard patrol schedule, no major issues.",0.402,Medium
SVC00011,20,2,70,45.8,27,14,6.51,6,0,0,10,"Standard patrol schedule, no major issues.",0.604,Medium
SVC00011,20,2,72,58.5,13,12,6.78,1,0,0,4,"Been a normal week, keeping busy with regular tasks.",0.624,Medium
SVC00011,20,2,70,42.3,22,11,7.13,7,0,0,1,"Nothing unusual, just getting through the schedule.",0.595,Medium
SVC00012,38,9,61,45.6,21,13,7.97,5,0,0,3,"Struggling to cope, everything feels overwhelming lately.",0.693,High
SVC00012,38,9,53,48.3,3,4,5.95,17,0,0,2,"Nothing unusual, just getting through the schedule.",0.374,Low
SVC00012,38,9,58,48.0,9,8,7.0,2,1,0,1,"Usual duty hours, a bit tired but okay overall.",0.551,Medium
SVC00012,38,9,31,72.0,4,1,6.96,1,0,0,10,"Been a normal week, keeping busy with regular tasks.",0.56,Medium
SVC00012,38,9,80,51.8,29,7,5.75,10,1,0,9,"Nothing unusual, just getting through the schedule.",0.594,Medium
SVC00012,38,9,19,55.3,18,0,4.49,5,0,0,4,"Nothing unusual, just getting through the schedule.",0.636,Medium
SVC00013,28,10,57,59.5,13,14,5.52,19,0,0,3,"Been a normal week, keeping busy with regular tasks.",0.511,Medium
SVC00013,28,10,29,46.5,3,4,6.61,19,0,0,10,"Had a great time during the sports session, morale is high.",0.272,Low
SVC00013,28,10,4,40.4,7,14,5.94,9,0,0,9,"Good day today, training went well and I got some rest.",0.289,Low
SVC00013,28,10,81,41.1,21,14,5.91,6,0,0,3,"Routine day, nothing much to report.",0.56,Medium
SVC00013,28,10,10,37.4,15,0,7.09,6,0,0,6,"Usual duty hours, a bit tired but okay overall.",0.547,Medium
SVC00013,28,10,83,40.9,14,5,6.57,4,1,0,9,"Been a normal week, keeping busy with regular tasks.",0.568,Medium
SVC00014,31,5,8,61.3,0,12,4.09,0,0,0,1,"Standard patrol schedule, no major issues.",0.486,Medium
SVC00014,31,5,0,63.2,16,9,6.87,17,0,0,8,"Nothing unusual, just getting through the schedule.",0.416,Medium
SVC00014,31,5,54,73.4,2,5,5.0,2,0,0,4,"Struggling to cope, everything feels overwhelming lately.",0.736,High
SVC00014,31,5,28,59.6,26,0,3.88,7,0,0,1,"Nothing unusual, just getting through the schedule.",0.897,High
SVC00014,31,5,28,55.1,4,8,6.22,15,0,0,2,"Good day today, training went well and I got some rest.",0.491,Medium
SVC00014,31,5,84,73.6,0,8,6.21,11,1,0,2,"Struggling to cope, everything feels overwhelming lately.",0.651,High
SVC00015,35,17,31,30.6,20,2,7.49,0,0,0,9,"Usual duty hours, a bit tired but okay overall.",0.407,Medium
SVC00015,35,17,47,56.6,12,7,7.63,14,0,1,10,"Standard patrol schedule, no major issues.",0.397,Low
SVC00015,35,17,32,46.0,16,14,6.6,1,0,0,5,"Routine day, nothing much to report.",0.412,Medium
SVC00015,35,17,62,38.1,6,5,3.78,9,1,0,1,"Been a normal week, keeping busy with regular tasks.",0.415,Medium
SVC00015,35,17,86,38.5,17,11,5.22,18,0,0,1,"Feeling isolated, it's been weeks since I saw my family.",0.676,High
SVC00015,35,17,19,52.4,30,12,6.08,14,0,0,4,"Been a normal week, keeping busy with regular tasks.",0.599,Medium
SVC00016,20,2,45,62.9,14,5,6.56,7,0,0,4,"Struggling to cope, everything feels overwhelming lately.",0.521,Medium
SVC00016,20,2,22,34.7,14,11,6.31,6,0,0,3,"Standard patrol schedule, no major issues.",0.452,Medium
SVC00016,20,2,23,55.3,0,7,7.14,4,0,0,7,"Usual duty hours, a bit tired but okay overall.",0.425,Medium
SVC00016,20,2,69,51.7,23,13,7.43,12,1,0,10,"Standard patrol schedule, no major issues.",0.604,Medium
SVC00016,20,2,8,31.6,23,9,5.47,10,0,0,2,"Standard patrol schedule, no major issues.",0.585,Medium
SVC00016,20,2,66,57.7,26,5,6.71,2,0,0,8,"Feeling isolated, it's been weeks since I saw my family.",0.658,High
SVC00017,51,23,9,39.1,19,2,6.72,1,0,0,5,"Feeling isolated, it's been weeks since I saw my family.",0.582,Medium
SVC00017,51,23,48,68.4,16,4,5.79,4,1,0,4,The back-to-back duty shifts are wearing me down badly.,0.799,High
SVC00017,51,23,35,49.2,16,5,6.21,2,1,1,4,"Standard patrol schedule, no major issues.",0.52,Medium
SVC00017,51,23,79,62.4,0,2,7.35,18,0,0,10,"Standard patrol schedule, no major issues.",0.399,Low
SVC00017,51,23,76,56.6,30,12,3.96,14,0,1,6,"Routine day, nothing much to report.",0.743,High
SVC00017,51,23,59,52.0,19,9,8.3,15,1,0,8,"Routine day, nothing much to report.",0.393,Low
SVC00018,50,2,72,48.6,3,11,6.49,12,1,0,8,"Standard patrol schedule, no major issues.",0.394,Low
SVC00018,50,2,6,57.6,14,7,6.5,6,0,0,6,"Slept well last night, feeling fresh for duty.",0.402,Medium
SVC00018,50,2,68,59.3,14,7,5.57,3,1,0,4,"Routine day, nothing much to report.",0.665,High
SVC00018,50,2,65,53.5,22,13,7.27,3,0,0,7,"Nothing unusual, just getting through the schedule.",0.608,Medium
SVC00018,50,2,8,60.0,4,9,7.18,6,0,0,1,"Feeling isolated, it's been weeks since I saw my family.",0.453,Medium
SVC00018,50,2,83,52.6,20,13,5.76,5,0,0,10,"Nothing unusual, just getting through the schedule.",0.577,Medium
SVC00019,39,21,52,52.4,18,4,7.56,12,1,0,6,"Had a great time during the sports session, morale is high.",0.558,Medium
SVC00019,39,21,55,45.3,5,14,7.08,6,0,0,4,"Nothing unusual, just getting through the schedule.",0.471,Medium
SVC00019,39,21,22,45.5,29,13,4.96,18,0,0,10,"Been a normal week, keeping busy with regular tasks.",0.468,Medium
SVC00019,39,21,41,69.7,18,9,6.73,6,0,0,3,"Had a great time during the sports session, morale is high.",0.762,High
SVC00019,39,21,51,51.3,5,0,6.79,6,0,0,7,"Been a normal week, keeping busy with regular tasks.",0.467,Medium
SVC00019,39,21,41,41.0,30,14,7.91,3,0,2,10,"Routine day, nothing much to report.",0.53,Medium
SVC00020,36,18,41,33.5,3,8,5.84,3,0,0,3,"Extremely exhausted, haven't slept properly in days.",0.467,Medium
SVC00020,36,18,90,51.2,3,1,6.84,2,0,0,10,"Usual duty hours, a bit tired but okay overall.",0.572,Medium
SVC00020,36,18,61,38.8,10,11,4.44,18,0,0,9,"Solid week, workload was manageable and the team is in good spirits.",0.482,Medium
SVC00020,36,18,20,53.2,27,8,7.67,17,0,0,3,"Routine day, nothing much to report.",0.584,Medium
SVC00020,36,18,7,49.2,13,1,5.85,0,0,0,1,"Solid week, workload was manageable and the team is in good spirits.",0.491,Medium
SVC00020,36,18,49,43.8,1,1,5.99,10,0,0,8,"Been a normal week, keeping busy with regular tasks.",0.424,Medium
SVC00021,36,10,33,45.5,20,11,7.1,15,0,0,1,"Been a normal week, keeping busy with regular tasks.",0.567,Medium
SVC00021,36,10,90,55.3,30,9,7.11,18,1,0,4,"Standard patrol schedule, no major issues.",0.588,Medium
SVC00021,36,10,59,48.9,7,11,4.92,14,0,0,6,"Nothing unusual, just getting through the schedule.",0.414,Medium
SVC00021,36,10,54,30.0,19,3,4.9,5,0,0,8,"Routine day, nothing much to report.",0.516,Medium
SVC00021,36,10,47,36.2,13,8,5.16,16,0,0,1,"Been a normal week, keeping busy with regular tasks.",0.473,Medium
SVC00021,36,10,15,50.3,2,7,7.51,16,0,0,10,"Usual duty hours, a bit tired but okay overall.",0.371,Low
SVC00022,43,1,19,36.1,3,6,6.75,1,0,0,2,"Standard patrol schedule, no major issues.",0.377,Low
SVC00022,43,1,32,55.6,28,9,5.56,16,1,0,9,"Standard patrol schedule, no major issues.",0.408,Medium
SVC00022,43,1,11,67.9,29,11,7.88,13,1,0,6,"Solid week, workload was manageable and the team is in good spirits.",0.589,Medium
SVC00022,43,1,83,45.4,24,12,4.66,19,0,1,9,"Usual duty hours, a bit tired but okay overall.",0.451,Medium
SVC00022,43,1,59,59.4,9,14,7.86,2,0,0,7,"Standard patrol schedule, no major issues.",0.526,Medium
SVC00022,43,1,34,30.3,28,10,4.17,7,0,0,4,"Standard patrol schedule, no major issues.",0.561,Medium
SVC00023,32,10,6,72.9,11,4,7.5,3,0,0,8,"Standard patrol schedule, no major issues.",0.503,Medium
SVC00023,32,10,47,59.9,25,2,6.97,11,0,1,2,Really frustrated and anxious about the extended deployment.,0.653,High
SVC00023,32,10,56,71.4,1,13,5.92,11,0,0,3,"Standard patrol schedule, no major issues.",0.565,Medium
SVC00023,32,10,51,36.1,24,13,8.8,17,0,0,7,"Routine day, nothing much to report.",0.369,Low
SVC00023,32,10,19,62.1,16,1,5.34,19,0,0,10,The back-to-back duty shifts are wearing me down badly.,0.34,Low
SVC00023,32,10,43,49.0,19,14,4.9,18,0,0,5,"Usual duty hours, a bit tired but okay overall.",0.404,Medium
SVC00024,49,3,25,74.0,2,0,6.69,10,0,0,5,"Been a normal week, keeping busy with regular tasks.",0.496,Medium
SVC00024,49,3,56,54.7,18,6,6.58,18,0,0,3,"Standard patrol schedule, no major issues.",0.454,Medium
SVC00024,49,3,86,55.2,6,12,8.62,4,0,0,1,"Routine day, nothing much to report.",0.553,Medium
SVC00024,49,3,39,57.3,6,8,4.86,9,0,0,10,"Routine day, nothing much to report.",0.476,Medium
SVC00024,49,3,28,36.5,29,13,7.14,2,0,0,8,"Standard patrol schedule, no major issues.",0.443,Medium
SVC00024,49,3,64,47.5,12,14,3.95,1,0,0,6,"Usual duty hours, a bit tired but okay overall.",0.473,Medium
SVC00025,43,25,49,61.9,25,9,4.11,16,0,0,4,"Usual duty hours, a bit tired but okay overall.",0.678,High
SVC00025,43,25,88,66.7,23,7,5.79,17,0,0,4,The back-to-back duty shifts are wearing me down badly.,0.793,High
SVC00025,43,25,70,41.0,6,13,8.12,1,0,0,1,"Usual duty hours, a bit tired but okay overall.",0.638,Medium
SVC00025,43,25,46,58.9,27,14,7.74,11,0,0,1,"Usual duty hours, a bit tired but okay overall.",0.608,Medium
SVC00025,43,25,83,59.8,20,9,6.87,10,0,0,9,"Extremely exhausted, haven't slept properly in days.",0.669,High
SVC00025,43,25,8,78.8,12,6,7.46,16,0,0,4,"Routine day, nothing much to report.",0.566,Medium
SVC00026,42,6,61,63.1,23,10,7.17,14,0,0,10,"Routine day, nothing much to report.",0.428,Medium
SVC00026,42,6,46,46.7,8,14,4.58,10,0,0,5,"Been a normal week, keeping busy with regular tasks.",0.365,Low
SVC00026,42,6,58,55.5,18,14,8.17,9,0,0,9,"Been a normal week, keeping busy with regular tasks.",0.488,Medium
SVC00026,42,6,71,69.6,14,9,9.19,15,0,0,7,"Feeling isolated, it's been weeks since I saw my family.",0.58,Medium
SVC00026,42,6,54,63.9,13,5,4.53,10,0,0,6,"Been a normal week, keeping busy with regular tasks.",0.613,Medium
SVC00026,42,6,34,30.0,19,3,5.99,17,0,1,3,"Routine day, nothing much to report.",0.512,Medium
SVC00027,26,8,15,42.3,21,11,4.42,7,0,0,3,"Usual duty hours, a bit tired but okay overall.",0.553,Medium
SVC00027,26,8,75,47.8,21,6,6.62,9,0,0,3,"Standard patrol schedule, no major issues.",0.629,Medium
SVC00027,26,8,30,56.0,11,3,6.85,9,0,0,2,"Usual duty hours, a bit tired but okay overall.",0.592,Medium
SVC00027,26,8,1,62.7,13,12,4.01,7,0,1,7,"Standard patrol schedule, no major issues.",0.379,Low
SVC00027,26,8,55,49.2,25,13,5.65,7,0,0,5,"Standard patrol schedule, no major issues.",0.483,Medium
SVC00027,26,8,37,55.7,23,8,4.69,19,0,0,2,Really frustrated and anxious about the extended deployment.,0.524,Medium
SVC00028,24,6,11,50.7,12,12,5.89,12,0,0,7,"Usual duty hours, a bit tired but okay overall.",0.401,Medium
SVC00028,24,6,67,45.0,1,11,4.41,8,0,0,8,"Routine day, nothing much to report.",0.46,Medium
SVC00028,24,6,83,53.7,28,4,4.71,13,0,0,4,Really frustrated and anxious about the extended deployment.,0.737,High
SVC00028,24,6,89,52.3,13,11,6.64,15,0,0,9,"Usual duty hours, a bit tired but okay overall.",0.472,Medium
SVC00028,24,6,33,56.1,30,3,6.0,4,0,0,2,"Usual duty hours, a bit tired but okay overall.",0.631,Medium
SVC00028,24,6,21,40.2,5,8,4.4,8,1,0,2,"Nothing unusual, just getting through the schedule.",0.497,Medium
SVC00029,28,10,90,51.3,22,14,7.84,1,0,0,5,"Standard patrol schedule, no major issues.",0.646,Medium
SVC00029,28,10,19,47.4,28,9,5.87,5,0,0,1,Really frustrated and anxious about the extended deployment.,0.658,High
SVC00029,28,10,36,55.9,26,3,6.95,0,0,0,2,"Feeling steady. Caught up with family on call, that helped a lot.",0.718,High
SVC00029,28,10,77,71.1,16,0,7.6,10,0,0,4,"Routine day, nothing much to report.",0.694,High
SVC00029,28,10,85,30.8,30,6,6.21,3,0,0,6,"Nothing unusual, just getting through the schedule.",0.492,Medium
SVC00029,28,10,21,52.6,20,7,7.72,17,0,1,4,"Usual duty hours, a bit tired but okay overall.",0.507,Medium
SVC00030,38,20,17,30.9,0,10,6.37,3,0,0,10,"Good day today, training went well and I got some rest.",0.375,Low
SVC00030,38,20,54,52.0,12,1,5.29,5,0,1,8,"Usual duty hours, a bit tired but okay overall.",0.572,Medium
SVC00030,38,20,21,56.4,18,14,5.84,16,0,0,4,"Standard patrol schedule, no major issues.",0.571,Medium
SVC00030,38,20,41,45.5,10,11,6.02,0,1,0,6,"Usual duty hours, a bit tired but okay overall.",0.437,Medium
SVC00030,38,20,66,37.0,27,8,5.59,10,0,0,5,"Routine day, nothing much to report.",0.55,Medium
SVC00030,38,20,9,30.0,19,13,8.67,10,0,0,4,"Good day today, training went well and I got some rest.",0.366,Low
SVC00031,32,14,52,39.8,5,13,5.44,16,0,0,4,"Usual duty hours, a bit tired but okay overall.",0.436,Medium
SVC00031,32,14,6,75.1,2,1,6.33,10,0,0,9,"Slept well last night, feeling fresh for duty.",0.433,Medium
SVC00031,32,14,40,34.7,16,6,7.39,8,0,0,5,"Been a normal week, keeping busy with regular tasks.",0.455,Medium
SVC00031,32,14,68,58.1,7,10,7.07,6,0,0,9,"Been a normal week, keeping busy with regular tasks.",0.422,Medium
SVC00031,32,14,41,44.6,21,1,5.46,5,0,0,3,"Been a normal week, keeping busy with regular tasks.",0.765,High
SVC00031,32,14,84,37.9,4,9,5.38,13,0,0,1,"Standard patrol schedule, no major issues.",0.427,Medium
SVC00032,31,13,70,48.3,7,6,6.29,10,0,0,1,"Been a normal week, keeping busy with regular tasks.",0.611,Medium
SVC00032,31,13,87,38.5,16,14,7.25,14,0,0,6,"Nothing unusual, just getting through the schedule.",0.522,Medium
SVC00032,31,13,88,32.9,29,8,7.52,3,0,0,7,"Standard patrol schedule, no major issues.",0.605,Medium
SVC00032,31,13,64,48.1,0,14,5.47,3,0,0,2,"Usual duty hours, a bit tired but okay overall.",0.497,Medium
SVC00032,31,13,26,30.0,23,3,6.2,18,0,0,4,"Nothing unusual, just getting through the schedule.",0.375,Low
SVC00032,31,13,31,54.0,7,9,7.06,11,1,0,8,"Nothing unusual, just getting through the schedule.",0.47,Medium
SVC00033,33,15,20,62.3,9,3,5.06,19,1,0,1,"Usual duty hours, a bit tired but okay overall.",0.617,Medium
SVC00033,33,15,15,54.6,15,6,8.12,8,0,0,6,"Had a great time during the sports session, morale is high.",0.543,Medium
SVC00033,33,15,40,30.0,3,11,4.75,3,0,0,1,"Been a normal week, keeping busy with regular tasks.",0.492,Medium
SVC00033,33,15,5,57.7,28,8,5.98,0,0,0,9,"Usual duty hours, a bit tired but okay overall.",0.626,Medium
SVC00033,33,15,6,64.3,19,13,6.4,10,1,0,2,"Routine day, nothing much to report.",0.638,Medium
SVC00033,33,15,65,37.7,29,14,3.82,11,0,0,4,"Routine day, nothing much to report.",0.534,Medium
SVC00034,32,14,64,30.0,16,9,4.82,12,0,0,8,"Been a normal week, keeping busy with regular tasks.",0.48,Medium
SVC00034,32,14,54,30.0,5,0,5.44,11,0,0,5,"Usual duty hours, a bit tired but okay overall.",0.364,Low
SVC00034,32,14,55,50.4,28,4,4.69,18,0,0,8,"Extremely exhausted, haven't slept properly in days.",0.592,Medium
SVC00034,32,14,50,58.6,2,12,7.75,18,0,0,7,"Been a normal week, keeping busy with regular tasks.",0.31,Low
SVC00034,32,14,6,64.3,5,12,7.67,14,0,1,6,"Usual duty hours, a bit tired but okay overall.",0.385,Low
SVC00034,32,14,19,47.2,18,14,7.88,1,0,0,3,"Standard patrol schedule, no major issues.",0.4,Medium
SVC00035,41,15,84,37.3,19,14,5.71,9,0,0,1,"Been a normal week, keeping busy with regular tasks.",0.534,Medium
SVC00035,41,15,68,54.9,15,5,5.35,14,0,0,6,"Routine day, nothing much to report.",0.493,Medium
SVC00035,41,15,10,54.0,21,7,5.85,5,0,0,2,"Usual duty hours, a bit tired but okay overall.",0.603,Medium
SVC00035,41,15,40,61.6,16,7,5.8,8,0,0,1,The back-to-back duty shifts are wearing me down badly.,0.681,High
SVC00035,41,15,1,70.9,10,6,6.42,15,0,0,9,"Been a normal week, keeping busy with regular tasks.",0.36,Low
SVC00035,41,15,46,42.8,26,6,4.43,1,1,0,8,"Been a normal week, keeping busy with regular tasks.",0.621,Medium
SVC00036,47,16,57,78.6,22,0,5.33,19,0,0,6,"Extremely exhausted, haven't slept properly in days.",0.8,High
SVC00036,47,16,41,66.3,15,4,4.56,3,0,0,10,"Routine day, nothing much to report.",0.627,Medium
SVC00036,47,16,8,59.0,0,13,6.22,19,0,0,10,"Good day today, training went well and I got some rest.",0.189,Low
SVC00036,47,16,25,30.0,26,5,5.58,18,0,0,10,"Standard patrol schedule, no major issues.",0.406,Medium
SVC00036,47,16,18,46.4,14,2,4.91,7,0,0,3,"Struggling to cope, everything feels overwhelming lately.",0.706,High
SVC00036,47,16,32,40.1,1,8,6.85,0,0,0,10,"Had a great time during the sports session, morale is high.",0.289,Low
SVC00037,28,10,67,59.0,28,14,3.85,3,0,1,8,Really frustrated and anxious about the extended deployment.,0.663,High
SVC00037,28,10,48,49.9,13,9,6.16,1,0,0,10,"Usual duty hours, a bit tired but okay overall.",0.373,Low
SVC00037,28,10,24,52.7,8,2,6.16,8,0,0,4,"Usual duty hours, a bit tired but okay overall.",0.521,Medium
SVC00037,28,10,18,53.9,18,14,7.21,0,0,0,6,"Been a normal week, keeping busy with regular tasks.",0.499,Medium
SVC00037,28,10,76,53.6,5,6,6.32,14,0,1,9,"Routine day, nothing much to report.",0.525,Medium
SVC00037,28,10,8,43.4,4,0,5.84,14,0,0,8,"Had a great time during the sports session, morale is high.",0.289,Low
SVC00038,34,16,3,54.4,30,5,5.86,0,0,0,9,"Been a normal week, keeping busy with regular tasks.",0.63,Medium
SVC00038,34,16,45,42.3,14,3,6.16,0,0,0,2,"Feeling isolated, it's been weeks since I saw my family.",0.64,Medium
SVC00038,34,16,60,47.5,30,7,5.16,19,0,0,6,"Routine day, nothing much to report.",0.619,Medium
SVC00038,34,16,28,48.0,8,14,6.71,2,0,0,4,"Standard patrol schedule, no major issues.",0.502,Medium
SVC00038,34,16,46,51.2,15,1,5.1,13,1,0,3,"Usual duty hours, a bit tired but okay overall.",0.575,Medium
SVC00038,34,16,44,45.7,13,10,7.89,2,0,1,9,"Feeling steady. Caught up with family on call, that helped a lot.",0.328,Low
SVC00039,31,11,32,48.4,9,2,6.64,17,0,0,3,"Routine day, nothing much to report.",0.518,Medium
SVC00039,31,11,30,54.8,13,1,4.9,17,1,0,8,"Standard patrol schedule, no major issues.",0.626,Medium
SVC00039,31,11,27,40.8,14,5,6.25,13,0,0,4,"Usual duty hours, a bit tired but okay overall.",0.47,Medium
SVC00039,31,11,31,45.5,30,11,6.32,5,1,1,6,"Nothing unusual, just getting through the schedule.",0.623,Medium
SVC00039,31,11,63,63.8,24,6,8.51,8,0,0,6,"Nothing unusual, just getting through the schedule.",0.63,Medium
SVC00039,31,11,79,53.1,28,9,6.31,11,1,0,9,"Struggling to cope, everything feels overwhelming lately.",0.655,High
SVC00040,37,14,81,71.0,10,4,4.84,4,1,0,3,"Usual duty hours, a bit tired but okay overall.",0.811,High
SVC00040,37,14,53,63.3,18,9,5.39,5,0,0,9,"Feeling steady. Caught up with family on call, that helped a lot.",0.631,Medium
SVC00040,37,14,68,60.1,7,7,7.54,1,0,0,4,"Nothing unusual, just getting through the schedule.",0.64,Medium
SVC00040,37,14,75,53.7,2,0,6.82,3,0,0,2,Really frustrated and anxious about the extended deployment.,0.496,Medium
SVC00040,37,14,2,38.9,0,6,7.38,5,1,0,3,"Had a great time during the sports session, morale is high.",0.326,Low
SVC00040,37,14,52,52.2,9,12,6.56,14,0,0,5,"Been a normal week, keeping busy with regular tasks.",0.57,Medium
SVC00041,22,4,15,66.4,29,4,7.71,0,1,0,1,The back-to-back duty shifts are wearing me down badly.,0.715,High
SVC00041,22,4,77,30.0,14,8,6.68,5,0,0,8,"Standard patrol schedule, no major issues.",0.519,Medium
SVC00041,22,4,75,55.4,9,7,6.27,2,0,0,7,"Usual duty hours, a bit tired but okay overall.",0.569,Medium
SVC00041,22,4,47,57.0,13,4,7.68,15,0,0,3,"Standard patrol schedule, no major issues.",0.39,Low
SVC00041,22,4,12,64.0,29,12,4.18,8,0,0,2,"Good day today, training went well and I got some rest.",0.655,High
SVC00041,22,4,30,62.1,23,12,5.95,11,0,0,4,"Standard patrol schedule, no major issues.",0.502,Medium
SVC00042,33,6,35,59.8,17,3,6.15,15,1,0,6,"Standard patrol schedule, no major issues.",0.566,Medium
SVC00042,33,6,48,70.8,28,13,5.74,19,0,0,4,"Extremely exhausted, haven't slept properly in days.",0.684,High
SVC00042,33,6,12,61.5,2,11,5.89,2,0,0,2,"Had a great time during the sports session, morale is high.",0.327,Low
SVC00042,33,6,5,52.5,21,3,5.84,15,0,0,5,"Good day today, training went well and I got some rest.",0.54,Medium
SVC00042,33,6,53,60.0,12,6,6.14,7,0,0,10,"Nothing unusual, just getting through the schedule.",0.506,Medium
SVC00042,33,6,52,46.7,14,6,5.36,15,0,0,6,"Been a normal week, keeping busy with regular tasks.",0.498,Medium
SVC00043,41,23,48,32.2,3,4,5.74,19,0,0,9,"Routine day, nothing much to report.",0.412,Medium
SVC00043,41,23,66,65.3,11,8,5.23,5,0,0,4,"Usual duty hours, a bit tired but okay overall.",0.541,Medium
SVC00043,41,23,33,46.8,24,2,7.67,3,1,0,4,"Routine day, nothing much to report.",0.551,Medium
SVC00043,41,23,74,53.2,25,11,4.95,11,0,1,2,Really frustrated and anxious about the extended deployment.,0.758,High
SVC00043,41,23,59,40.3,16,9,7.27,4,0,0,7,"Struggling to cope, everything feels overwhelming lately.",0.547,Medium
SVC00043,41,23,25,47.2,18,14,5.12,1,0,0,6,"Usual duty hours, a bit tired but okay overall.",0.478,Medium
SVC00044,23,5,21,50.1,0,3,5.29,19,0,0,3,"Usual duty hours, a bit tired but okay overall.",0.478,Medium
SVC00044,23,5,83,46.8,29,13,6.96,18,0,0,9,"Standard patrol schedule, no major issues.",0.557,Medium
SVC00044,23,5,1,73.8,28,8,6.48,2,0,0,4,The back-to-back duty shifts are wearing me down badly.,0.705,High
SVC00044,23,5,30,52.0,1,14,5.29,12,0,0,4,"Been a normal week, keeping busy with regular tasks.",0.546,Medium
SVC00044,23,5,86,45.4,17,10,6.92,4,0,0,3,"Routine day, nothing much to report.",0.717,High
SVC00044,23,5,67,56.3,20,9,5.8,9,0,0,1,"Struggling to cope, everything feels overwhelming lately.",0.752,High
SVC00045,39,20,68,58.7,4,9,5.92,16,0,1,9,"Slept well last night, feeling fresh for duty.",0.342,Low
SVC00045,39,20,17,51.2,18,6,7.61,4,0,0,2,"Struggling to cope, everything feels overwhelming lately.",0.603,Medium
SVC00045,39,20,78,41.6,3,10,4.09,18,0,1,5,"Standard patrol schedule, no major issues.",0.448,Medium
SVC00045,39,20,64,46.2,23,1,8.83,2,0,0,1,"Standard patrol schedule, no major issues.",0.713,High
SVC00045,39,20,44,56.7,2,4,3.47,5,1,0,2,"Usual duty hours, a bit tired but okay overall.",0.64,Medium
SVC00045,39,20,53,40.7,28,2,6.77,8,0,0,7,"Feeling isolated, it's been weeks since I saw my family.",0.658,High
SVC00046,49,28,63,42.2,16,3,7.85,9,0,0,8,"Been a normal week, keeping busy with regular tasks.",0.502,Medium
SVC00046,49,28,26,63.9,26,12,8.03,17,0,0,2,Really frustrated and anxious about the extended deployment.,0.711,High
SVC00046,49,28,21,32.7,25,1,7.81,9,0,0,6,"Slept well last night, feeling fresh for duty.",0.472,Medium
SVC00046,49,28,36,54.5,17,3,5.03,11,1,0,9,"Standard patrol schedule, no major issues.",0.451,Medium
SVC00046,49,28,40,47.3,15,7,5.32,4,0,0,6,"Been a normal week, keeping busy with regular tasks.",0.649,Medium
SVC00046,49,28,72,70.4,8,2,5.48,13,0,0,3,"Standard patrol schedule, no major issues.",0.625,Medium
SVC00047,37,6,86,52.1,7,14,7.77,10,0,0,1,"Routine day, nothing much to report.",0.5,Medium
SVC00047,37,6,35,40.4,17,10,8.08,10,0,0,9,"Feeling steady. Caught up with family on call, that helped a lot.",0.392,Low
SVC00047,37,6,27,54.0,7,0,5.13,17,0,1,5,"Usual duty hours, a bit tired but okay overall.",0.474,Medium
SVC00047,37,6,32,43.6,13,2,4.34,16,0,0,8,"Been a normal week, keeping busy with regular tasks.",0.436,Medium
SVC00047,37,6,27,60.3,1,5,5.6,11,0,0,5,"Nothing unusual, just getting through the schedule.",0.552,Medium
SVC00047,37,6,8,57.4,16,2,5.91,17,0,0,4,"Nothing unusual, just getting through the schedule.",0.524,Medium
SVC00048,21,3,20,36.6,3,1,6.12,8,1,0,8,"Been a normal week, keeping busy with regular tasks.",0.404,Medium
SVC00048,21,3,83,62.3,18,4,7.29,11,0,0,10,"Good day today, training went well and I got some rest.",0.621,Medium
SVC00048,21,3,27,51.4,24,2,6.1,0,0,0,6,The back-to-back duty shifts are wearing me down badly.,0.657,High
SVC00048,21,3,43,39.0,3,1,7.88,12,0,0,3,The back-to-back duty shifts are wearing me down badly.,0.431,Medium
SVC00048,21,3,35,74.1,21,1,4.68,4,0,0,10,The back-to-back duty shifts are wearing me down badly.,0.677,High
SVC00048,21,3,61,49.2,10,14,8.01,12,0,0,1,"Standard patrol schedule, no major issues.",0.403,Medium
SVC00049,45,25,16,50.0,6,13,4.83,8,0,0,1,"Usual duty hours, a bit tired but okay overall.",0.461,Medium
SVC00049,45,25,39,59.7,23,4,7.18,12,2,0,1,"Been a normal week, keeping busy with regular tasks.",0.647,Medium
SVC00049,45,25,11,61.9,6,8,7.46,9,0,0,10,"Slept well last night, feeling fresh for duty.",0.317,Low
SVC00049,45,25,55,46.4,1,5,4.89,8,0,0,4,"Standard patrol schedule, no major issues.",0.544,Medium
SVC00049,45,25,6,52.1,23,9,5.45,7,0,0,6,"Been a normal week, keeping busy with regular tasks.",0.459,Medium
SVC00049,45,25,87,60.1,13,14,5.87,8,0,0,5,"Standard patrol schedule, no major issues.",0.633,Medium
SVC00050,42,18,20,72.7,1,13,6.56,9,0,0,9,"Usual duty hours, a bit tired but okay overall.",0.385,Low
SVC00050,42,18,30,52.1,16,1,4.3,3,0,0,5,"Standard patrol schedule, no major issues.",0.559,Medium
SVC00050,42,18,44,39.6,29,10,6.05,2,1,0,6,The back-to-back duty shifts are wearing me down badly.,0.579,Medium
SVC00050,42,18,18,40.1,17,6,6.06,8,0,1,10,"Routine day, nothing much to report.",0.421,Medium
SVC00050,42,18,37,44.0,28,9,5.46,14,0,0,2,"Standard patrol schedule, no major issues.",0.622,Medium
SVC00050,42,18,23,54.9,26,4,8.25,14,0,0,2,"Been a normal week, keeping busy with regular tasks.",0.572,Medium
SVC00051,28,10,43,39.0,11,7,6.86,11,0,0,10,"Slept well last night, feeling fresh for duty.",0.264,Low
SVC00051,28,10,64,30.0,2,9,3.28,0,0,0,10,"Routine day, nothing much to report.",0.437,Medium
SVC00051,28,10,11,61.0,10,0,6.2,19,0,0,2,"Routine day, nothing much to report.",0.511,Medium
SVC00051,28,10,17,57.1,10,7,5.34,0,1,0,2,"Usual duty hours, a bit tired but okay overall.",0.557,Medium
SVC00051,28,10,76,35.1,8,14,5.5,3,0,0,3,"Extremely exhausted, haven't slept properly in days.",0.516,Medium
SVC00051,28,10,59,46.2,6,10,6.2,3,0,0,7,"Been a normal week, keeping busy with regular tasks.",0.565,Medium
SVC00052,28,10,5,54.7,6,9,5.36,18,0,0,9,"Had a great time during the sports session, morale is high.",0.342,Low
SVC00052,28,10,59,43.0,26,14,7.73,12,0,0,9,"Usual duty hours, a bit tired but okay overall.",0.358,Low
SVC00052,28,10,70,43.0,16,1,7.84,15,0,0,8,"Standard patrol schedule, no major issues.",0.514,Medium
SVC00052,28,10,25,60.7,23,14,4.68,11,0,0,4,"Routine day, nothing much to report.",0.431,Medium
SVC00052,28,10,51,58.4,12,2,6.44,16,0,0,9,"Usual duty hours, a bit tired but okay overall.",0.514,Medium
SVC00052,28,10,23,32.8,4,14,5.31,14,0,0,7,"Feeling steady. Caught up with family on call, that helped a lot.",0.273,Low
SVC00053,52,21,69,42.6,9,9,5.41,15,1,0,3,"Nothing unusual, just getting through the schedule.",0.536,Medium
SVC00053,52,21,45,69.1,6,2,8.26,10,0,0,3,"Feeling steady. Caught up with family on call, that helped a lot.",0.669,High
SVC00053,52,21,6,42.8,13,9,9.23,3,0,0,6,"Nothing unusual, just getting through the schedule.",0.423,Medium
SVC00053,52,21,8,48.8,26,9,3.63,6,0,0,3,"Usual duty hours, a bit tired but okay overall.",0.754,High
SVC00053,52,21,27,53.4,24,8,5.46,6,0,0,8,"Extremely exhausted, haven't slept properly in days.",0.428,Medium
SVC00053,52,21,42,56.8,8,1,5.98,12,0,1,3,"Usual duty hours, a bit tired but okay overall.",0.515,Medium
SVC00054,42,2,61,56.3,13,2,6.83,5,0,0,4,"Standard patrol schedule, no major issues.",0.617,Medium
SVC00054,42,2,57,41.3,23,10,6.46,19,0,0,3,"Routine day, nothing much to report.",0.576,Medium
SVC00054,42,2,17,40.8,8,8,6.1,12,1,0,7,"Feeling steady. Caught up with family on call, that helped a lot.",0.324,Low
SVC00054,42,2,65,54.4,17,12,6.42,1,0,0,8,"Good day today, training went well and I got some rest.",0.574,Medium
SVC00054,42,2,24,54.5,25,0,7.2,14,0,0,4,"Routine day, nothing much to report.",0.492,Medium
SVC00054,42,2,73,46.4,3,7,6.5,6,0,1,8,"Nothing unusual, just getting through the schedule.",0.39,Low
SVC00055,21,3,5,63.2,21,0,8.57,3,0,1,2,"Been a normal week, keeping busy with regular tasks.",0.685,High
SVC00055,21,3,31,61.4,1,11,6.11,7,0,1,9,"Solid week, workload was manageable and the team is in good spirits.",0.345,Low
SVC00055,21,3,90,71.4,2,2,6.57,17,0,0,7,"Routine day, nothing much to report.",0.52,Medium
SVC00055,21,3,19,54.2,20,3,6.91,11,0,1,4,"Nothing unusual, just getting through the schedule.",0.525,Medium
SVC00055,21,3,47,44.0,28,1,5.39,0,0,0,7,"Usual duty hours, a bit tired but okay overall.",0.741,High
SVC00055,21,3,88,49.7,18,12,5.17,14,0,0,1,"Good day today, training went well and I got some rest.",0.673,High
SVC00056,46,9,63,55.2,30,10,6.74,5,0,0,7,"Feeling isolated, it's been weeks since I saw my family.",0.786,High
SVC00056,46,9,9,43.6,0,1,6.91,4,0,0,3,"Been a normal week, keeping busy with regular tasks.",0.435,Medium
SVC00056,46,9,83,41.0,4,1,7.58,5,0,0,4,"Standard patrol schedule, no major issues.",0.57,Medium
SVC00056,46,9,37,59.5,8,10,4.92,0,0,0,3,"Standard patrol schedule, no major issues.",0.607,Medium
SVC00056,46,9,14,43.3,21,0,4.43,9,0,0,10,"Been a normal week, keeping busy with regular tasks.",0.406,Medium
SVC00056,46,9,85,36.4,29,2,7.53,12,0,0,2,"Standard patrol schedule, no major issues.",0.647,Medium
SVC00057,53,4,43,55.8,1,1,5.49,1,0,0,2,"Standard patrol schedule, no major issues.",0.546,Medium
SVC00057,53,4,42,36.2,10,10,9.1,11,0,1,10,"Solid week, workload was manageable and the team is in good spirits.",0.194,Low
SVC00057,53,4,12,41.0,29,6,7.0,5,0,0,5,"Nothing unusual, just getting through the schedule.",0.5,Medium
SVC00057,53,4,85,58.5,24,9,7.16,9,0,0,1,"Feeling isolated, it's been weeks since I saw my family.",0.685,High
SVC00057,53,4,1,57.8,24,10,5.1,11,0,0,7,"Standard patrol schedule, no major issues.",0.589,Medium
SVC00057,53,4,20,63.6,14,4,6.64,1,0,0,3,"Feeling isolated, it's been weeks since I saw my family.",0.612,Medium
SVC00058,51,17,67,56.7,25,2,6.15,2,0,0,2,The back-to-back duty shifts are wearing me down badly.,0.75,High
SVC00058,51,17,81,30.0,1,13,7.45,0,0,0,6,"Standard patrol schedule, no major issues.",0.492,Medium
SVC00058,51,17,15,67.7,20,2,7.51,6,0,0,7,"Usual duty hours, a bit tired but okay overall.",0.513,Medium
SVC00058,51,17,36,46.1,4,0,5.44,17,0,0,4,"Standard patrol schedule, no major issues.",0.431,Medium
SVC00058,51,17,59,76.7,28,4,7.47,19,1,0,6,"Usual duty hours, a bit tired but okay overall.",0.629,Medium
SVC00058,51,17,85,59.8,29,2,6.38,5,0,1,3,"Struggling to cope, everything feels overwhelming lately.",0.872,High
SVC00059,45,4,43,61.3,20,7,6.57,16,1,0,5,"Standard patrol schedule, no major issues.",0.598,Medium
SVC00059,45,4,65,47.2,3,14,5.83,2,0,0,7,"Usual duty hours, a bit tired but okay overall.",0.357,Low
SVC00059,45,4,65,72.3,1,4,4.29,17,0,0,4,"Routine day, nothing much to report.",0.629,Medium
SVC00059,45,4,79,57.0,27,6,5.15,16,0,1,8,"Routine day, nothing much to report.",0.623,Medium
SVC00059,45,4,40,51.3,9,8,6.48,11,0,0,9,"Usual duty hours, a bit tired but okay overall.",0.425,Medium
SVC00059,45,4,1,53.5,21,3,4.2,6,0,0,7,"Slept well last night, feeling fresh for duty.",0.534,Medium
SVC00060,47,10,85,54.7,2,11,8.64,9,0,0,8,"Routine day, nothing much to report.",0.447,Medium
SVC00060,47,10,56,45.9,14,4,3.96,16,0,0,5,"Been a normal week, keeping busy with regular tasks.",0.613,Medium
SVC00060,47,10,39,30.0,13,13,6.72,5,0,0,6,"Standard patrol schedule, no major issues.",0.327,Low
SVC00060,47,10,63,72.1,24,3,6.15,19,0,0,9,"Been a normal week, keeping busy with regular tasks.",0.63,Medium
SVC00060,47,10,69,53.4,12,12,6.38,19,0,0,6,"Been a normal week, keeping busy with regular tasks.",0.556,Medium
SVC00060,47,10,45,56.5,18,10,6.88,10,0,2,10,"Nothing unusual, just getting through the schedule.",0.501,Medium
SVC00061,26,3,49,48.6,18,13,8.78,11,0,0,4,"Usual duty hours, a bit tired but okay overall.",0.564,Medium
SVC00061,26,3,76,63.7,15,0,6.15,0,0,0,5,"Struggling to cope, everything feels overwhelming lately.",0.792,High
SVC00061,26,3,53,54.8,7,4,5.9,14,1,0,6,"Nothing unusual, just getting through the schedule.",0.449,Medium
SVC00061,26,3,90,68.3,7,12,8.05,12,0,0,6,"Nothing unusual, just getting through the schedule.",0.617,Medium
SVC00061,26,3,45,59.3,15,9,5.91,10,0,0,8,"Had a great time during the sports session, morale is high.",0.582,Medium
SVC00061,26,3,71,65.0,26,8,6.55,16,0,0,3,"Feeling isolated, it's been weeks since I saw my family.",0.651,High
SVC00062,40,12,38,64.0,7,2,5.9,1,0,0,6,Really frustrated and anxious about the extended deployment.,0.645,Medium
SVC00062,40,12,35,71.8,23,11,6.78,8,0,0,9,"Standard patrol schedule, no major issues.",0.5,Medium
SVC00062,40,12,90,56.3,7,6,6.78,5,0,0,2,"Standard patrol schedule, no major issues.",0.62,Medium
SVC00062,40,12,13,33.0,18,2,8.24,7,0,0,7,"Standard patrol schedule, no major issues.",0.432,Medium
SVC00062,40,12,63,67.7,10,2,6.81,5,0,0,10,"Been a normal week, keeping busy with regular tasks.",0.639,Medium
SVC00062,40,12,31,50.2,17,3,5.85,13,0,0,8,"Nothing unusual, just getting through the schedule.",0.467,Medium
SVC00063,36,18,51,31.6,25,3,5.87,16,0,0,2,"Nothing unusual, just getting through the schedule.",0.509,Medium
SVC00063,36,18,61,36.9,23,3,8.0,7,0,0,10,"Usual duty hours, a bit tired but okay overall.",0.503,Medium
SVC00063,36,18,69,61.4,9,7,6.11,3,0,0,10,"Nothing unusual, just getting through the schedule.",0.521,Medium
SVC00063,36,18,35,59.7,7,5,6.3,4,0,0,9,"Usual duty hours, a bit tired but okay overall.",0.392,Low
SVC00063,36,18,3,45.4,10,11,7.95,17,0,0,9,"Routine day, nothing much to report.",0.385,Low
SVC00063,36,18,90,30.7,13,1,7.46,3,0,1,4,"Usual duty hours, a bit tired but okay overall.",0.612,Medium
SVC00064,41,3,21,59.7,23,4,5.45,5,0,0,8,"Nothing unusual, just getting through the schedule.",0.485,Medium
SVC00064,41,3,89,43.6,21,1,5.85,3,0,0,9,"Been a normal week, keeping busy with regular tasks.",0.706,High
SVC00064,41,3,87,52.6,30,13,7.8,17,0,0,9,"Nothing unusual, just getting through the schedule.",0.514,Medium
SVC00064,41,3,51,36.5,15,2,7.94,8,0,1,6,"Feeling isolated, it's been weeks since I saw my family.",0.488,Medium
SVC00064,41,3,82,34.3,20,8,5.69,14,0,0,10,"Been a normal week, keeping busy with regular tasks.",0.491,Medium
SVC00064,41,3,19,59.5,0,12,5.9,0,0,0,1,"Standard patrol schedule, no major issues.",0.509,Medium
SVC00065,27,9,7,33.0,4,11,4.77,7,0,0,4,"Routine day, nothing much to report.",0.388,Low
SVC00065,27,9,89,35.7,12,1,4.84,16,0,0,1,"Usual duty hours, a bit tired but okay overall.",0.584,Medium
SVC00065,27,9,57,46.6,11,14,6.55,13,0,0,9,"Nothing unusual, just getting through the schedule.",0.466,Medium
SVC00065,27,9,68,30.0,20,1,7.87,5,0,0,10,"Routine day, nothing much to report.",0.428,Medium
SVC00065,27,9,84,43.1,10,0,6.88,4,0,0,2,"Standard patrol schedule, no major issues.",0.64,Medium
SVC00065,27,9,44,60.0,24,0,6.3,5,0,0,6,"Extremely exhausted, haven't slept properly in days.",0.71,High
SVC00066,35,17,56,63.2,29,14,6.07,11,0,0,8,"Standard patrol schedule, no major issues.",0.623,Medium
SVC00066,35,17,7,60.4,8,12,5.71,16,0,0,6,"Routine day, nothing much to report.",0.49,Medium
SVC00066,35,17,26,33.0,8,12,3.98,18,0,0,8,"Solid week, workload was manageable and the team is in good spirits.",0.213,Low
SVC00066,35,17,7,67.6,13,14,5.38,0,0,0,9,"Been a normal week, keeping busy with regular tasks.",0.455,Medium
SVC00066,35,17,3,49.6,29,5,6.72,14,0,0,6,"Standard patrol schedule, no major issues.",0.549,Medium
SVC00066,35,17,77,66.0,12,3,6.78,4,0,0,5,"Routine day, nothing much to report.",0.6,Medium
SVC00067,51,21,20,41.1,29,4,6.11,11,0,0,2,"Usual duty hours, a bit tired but okay overall.",0.545,Medium
SVC00067,51,21,74,37.4,3,9,6.26,8,1,0,4,"Been a normal week, keeping busy with regular tasks.",0.447,Medium
SVC00067,51,21,79,49.9,14,8,4.83,19,1,0,9,"Been a normal week, keeping busy with regular tasks.",0.485,Medium
SVC00067,51,21,76,30.0,28,11,6.41,6,0,0,5,"Routine day, nothing much to report.",0.556,Medium
SVC00067,51,21,21,65.8,16,1,6.12,16,0,0,2,"Usual duty hours, a bit tired but okay overall.",0.662,High
SVC00067,51,21,35,49.5,5,4,5.87,18,0,0,6,"Feeling steady. Caught up with family on call, that helped a lot.",0.339,Low
SVC00068,29,11,28,55.4,17,11,6.02,16,1,0,3,"Standard patrol schedule, no major issues.",0.53,Medium
SVC00068,29,11,6,30.0,8,4,9.5,12,0,0,10,"Routine day, nothing much to report.",0.165,Low
SVC00068,29,11,75,53.1,5,4,4.71,4,1,0,4,"Nothing unusual, just getting through the schedule.",0.657,High
SVC00068,29,11,10,31.4,2,3,6.74,19,0,0,4,"Usual duty hours, a bit tired but okay overall.",0.287,Low
SVC00068,29,11,90,37.5,8,5,6.72,1,0,0,7,"Nothing unusual, just getting through the schedule.",0.532,Medium
SVC00068,29,11,65,55.9,6,9,5.22,4,0,0,10,"Been a normal week, keeping busy with regular tasks.",0.451,Medium
SVC00069,21,3,0,39.3,11,6,4.12,4,3,0,9,"Feeling steady. Caught up with family on call, that helped a lot.",0.341,Low
SVC00069,21,3,60,81.4,2,10,4.84,6,0,0,10,Really frustrated and anxious about the extended deployment.,0.664,High
SVC00069,21,3,51,30.0,5,11,5.79,3,0,0,10,"Good day today, training went well and I got some rest.",0.342,Low
SVC00069,21,3,38,60.0,17,9,7.35,5,0,0,9,"Usual duty hours, a bit tired but okay overall.",0.443,Medium
SVC00069,21,3,38,56.2,27,3,6.72,18,0,0,7,"Nothing unusual, just getting through the schedule.",0.56,Medium
SVC00069,21,3,70,48.3,19,12,6.46,2,0,0,6,"Usual duty hours, a bit tired but okay overall.",0.643,Medium
SVC00070,38,20,61,80.6,28,7,5.67,5,0,0,1,"Been a normal week, keeping busy with regular tasks.",0.786,High
SVC00070,38,20,16,42.1,16,9,7.94,16,0,1,5,"Nothing unusual, just getting through the schedule.",0.307,Low
SVC00070,38,20,68,39.6,5,3,6.49,2,0,0,9,"Nothing unusual, just getting through the schedule.",0.461,Medium
SVC00070,38,20,36,60.9,20,14,6.63,3,0,0,5,"Standard patrol schedule, no major issues.",0.502,Medium
SVC00070,38,20,15,57.3,11,4,5.02,14,0,1,1,"Been a normal week, keeping busy with regular tasks.",0.575,Medium
SVC00070,38,20,43,49.1,3,8,4.57,16,0,0,3,"Standard patrol schedule, no major issues.",0.576,Medium
SVC00071,37,19,53,41.9,20,7,6.67,6,0,0,1,"Been a normal week, keeping busy with regular tasks.",0.618,Medium
SVC00071,37,19,28,63.6,9,13,6.21,15,0,0,9,"Solid week, workload was manageable and the team is in good spirits.",0.284,Low
SVC00071,37,19,47,44.3,14,8,5.98,15,0,1,1,"Standard patrol schedule, no major issues.",0.561,Medium
SVC00071,37,19,46,78.4,28,11,5.3,12,0,0,4,"Slept well last night, feeling fresh for duty.",0.705,High
SVC00071,37,19,64,50.2,19,5,5.46,15,0,0,1,"Routine day, nothing much to report.",0.632,Medium
SVC00071,37,19,62,58.9,2,6,7.33,9,0,0,5,"Been a normal week, keeping busy with regular tasks.",0.503,Medium
SVC00072,35,8,18,57.0,16,12,6.1,3,0,0,7,"Been a normal week, keeping busy with regular tasks.",0.485,Medium
SVC00072,35,8,41,37.4,6,10,2.8,5,0,0,3,"Struggling to cope, everything feels overwhelming lately.",0.573,Medium
SVC00072,35,8,61,64.3,27,11,5.14,2,0,1,7,"Extremely exhausted, haven't slept properly in days.",0.697,High
SVC00072,35,8,86,58.6,15,6,6.92,14,0,0,10,"Been a normal week, keeping busy with regular tasks.",0.568,Medium
SVC00072,35,8,15,74.2,21,3,7.21,16,0,0,2,"Been a normal week, keeping busy with regular tasks.",0.642,Medium
SVC00072,35,8,5,44.3,23,3,5.15,4,0,0,4,"Routine day, nothing much to report.",0.544,Medium
SVC00073,43,11,6,56.3,14,2,6.09,14,0,0,4,"Nothing unusual, just getting through the schedule.",0.483,Medium
SVC00073,43,11,16,56.2,12,3,4.83,13,0,0,1,"Standard patrol schedule, no major issues.",0.548,Medium
SVC00073,43,11,34,93.4,19,9,5.71,19,0,0,9,The back-to-back duty shifts are wearing me down badly.,0.742,High
SVC00073,43,11,77,47.2,30,2,6.69,5,0,0,4,"Extremely exhausted, haven't slept properly in days.",0.79,High
SVC00073,43,11,76,36.0,0,7,6.89,19,1,0,6,"Had a great time during the sports session, morale is high.",0.343,Low
SVC00073,43,11,29,64.7,13,8,6.3,15,1,0,8,"Nothing unusual, just getting through the schedule.",0.483,Medium
SVC00074,37,13,81,66.5,8,14,4.36,0,0,0,1,Really frustrated and anxious about the extended deployment.,0.745,High
SVC00074,37,13,19,77.5,27,9,7.27,5,0,0,1,"Feeling isolated, it's been weeks since I saw my family.",0.697,High
SVC00074,37,13,40,30.0,30,7,5.15,16,0,1,5,"Usual duty hours, a bit tired but okay overall.",0.54,Medium
SVC00074,37,13,50,65.5,23,14,6.24,0,0,0,6,"Standard patrol schedule, no major issues.",0.653,High
SVC00074,37,13,85,57.7,0,12,5.7,11,0,0,9,"Nothing unusual, just getting through the schedule.",0.387,Low
SVC00074,37,13,50,56.8,0,11,5.33,4,0,1,10,"Extremely exhausted, haven't slept properly in days.",0.513,Medium
SVC00075,29,1,72,59.7,15,13,5.1,2,0,1,5,The back-to-back duty shifts are wearing me down badly.,0.615,Medium
SVC00075,29,1,16,69.6,21,9,5.64,9,0,1,9,"Been a normal week, keeping busy with regular tasks.",0.405,Medium
SVC00075,29,1,22,47.6,28,9,7.65,19,0,0,8,"Been a normal week, keeping busy with regular tasks.",0.375,Low
SVC00075,29,1,39,56.1,27,1,5.96,1,0,0,2,"Struggling to cope, everything feels overwhelming lately.",0.84,High
SVC00075,29,1,81,61.2,29,7,5.71,5,0,0,3,The back-to-back duty shifts are wearing me down badly.,0.809,High
SVC00075,29,1,14,72.3,4,8,5.32,2,0,0,8,"Been a normal week, keeping busy with regular tasks.",0.37,Low
SVC00076,26,8,68,48.9,21,11,8.38,10,0,0,1,"Usual duty hours, a bit tired but okay overall.",0.54,Medium
SVC00076,26,8,33,55.1,27,7,6.64,7,0,0,7,"Usual duty hours, a bit tired but okay overall.",0.571,Medium
SVC00076,26,8,26,51.4,0,4,5.5,6,0,0,4,"Standard patrol schedule, no major issues.",0.456,Medium
SVC00076,26,8,51,40.8,4,4,7.56,0,1,0,8,"Usual duty hours, a bit tired but okay overall.",0.361,Low
SVC00076,26,8,21,58.9,10,4,6.4,5,1,0,4,"Standard patrol schedule, no major issues.",0.612,Medium
SVC00076,26,8,44,45.3,22,0,5.04,11,0,0,10,"Been a normal week, keeping busy with regular tasks.",0.511,Medium
SVC00077,25,7,53,43.0,22,6,5.73,7,1,0,4,"Nothing unusual, just getting through the schedule.",0.576,Medium
SVC00077,25,7,90,63.6,2,13,5.97,0,0,0,7,"Nothing unusual, just getting through the schedule.",0.492,Medium
SVC00077,25,7,21,62.5,13,14,4.23,17,0,0,7,"Usual duty hours, a bit tired but okay overall.",0.534,Medium
SVC00077,25,7,70,43.7,23,4,5.71,19,0,1,6,"Nothing unusual, just getting through the schedule.",0.554,Medium
SVC00077,25,7,43,40.9,6,12,6.53,8,0,0,1,"Standard patrol schedule, no major issues.",0.362,Low
SVC00077,25,7,36,43.8,26,2,6.09,2,0,0,4,"Standard patrol schedule, no major issues.",0.625,Medium
SVC00078,23,5,27,43.0,19,11,5.07,14,0,0,1,"Routine day, nothing much to report.",0.61,Medium
SVC00078,23,5,50,34.9,29,10,4.89,19,0,0,6,"Standard patrol schedule, no major issues.",0.501,Medium
SVC00078,23,5,45,32.1,0,9,6.69,2,0,0,4,"Routine day, nothing much to report.",0.442,Medium
SVC00078,23,5,32,56.0,21,14,6.15,2,0,0,8,"Standard patrol schedule, no major issues.",0.543,Medium
SVC00078,23,5,61,52.1,4,11,5.88,10,0,0,8,"Routine day, nothing much to report.",0.57,Medium
SVC00078,23,5,24,45.1,3,2,6.7,19,0,0,8,"Routine day, nothing much to report.",0.388,Low
SVC00079,50,26,14,42.2,26,2,5.22,18,0,0,1,"Nothing unusual, just getting through the schedule.",0.615,Medium
SVC00079,50,26,77,61.1,20,10,6.48,1,1,0,6,"Nothing unusual, just getting through the schedule.",0.636,Medium
SVC00079,50,26,66,57.1,12,3,8.49,17,0,0,5,"Usual duty hours, a bit tired but okay overall.",0.54,Medium
SVC00079,50,26,83,30.0,11,9,5.55,14,0,0,4,"Had a great time during the sports session, morale is high.",0.524,Medium
SVC00079,50,26,39,39.9,9,10,6.99,9,0,0,5,"Standard patrol schedule, no major issues.",0.362,Low
SVC00079,50,26,25,61.7,6,11,5.82,12,0,0,3,"Nothing unusual, just getting through the schedule.",0.41,Medium
SVC00080,26,8,13,37.8,13,8,6.45,5,0,0,1,"Been a normal week, keeping busy with regular tasks.",0.496,Medium
SVC00080,26,8,49,51.9,6,0,5.01,9,0,2,8,"Solid week, workload was manageable and the team is in good spirits.",0.386,Low
SVC00080,26,8,73,52.3,21,1,5.81,15,1,0,9,"Nothing unusual, just getting through the schedule.",0.55,Medium
SVC00080,26,8,83,73.4,5,1,6.67,2,0,0,5,Really frustrated and anxious about the extended deployment.,0.714,High
SVC00080,26,8,3,49.3,1,9,6.35,0,0,0,2,"Usual duty hours, a bit tired but okay overall.",0.457,Medium
SVC00080,26,8,67,55.7,8,6,7.56,15,0,0,8,"Usual duty hours, a bit tired but okay overall.",0.416,Medium
SVC00081,33,15,15,48.5,14,13,6.86,15,0,0,9,"Feeling steady. Caught up with family on call, that helped a lot.",0.317,Low
SVC00081,33,15,74,54.9,2,6,7.18,3,0,0,5,"Standard patrol schedule, no major issues.",0.602,Medium
SVC00081,33,15,38,52.5,18,5,6.92,2,0,0,10,"Been a normal week, keeping busy with regular tasks.",0.588,Medium
SVC00081,33,15,64,53.2,24,0,5.65,12,0,1,7,"Usual duty hours, a bit tired but okay overall.",0.584,Medium
SVC00081,33,15,68,38.7,21,5,6.29,2,0,0,5,"Been a normal week, keeping busy with regular tasks.",0.58,Medium
SVC00081,33,15,20,39.6,1,8,4.17,12,0,0,3,"Solid week, workload was manageable and the team is in good spirits.",0.324,Low
SVC00082,48,29,43,70.2,12,6,7.35,1,0,0,5,"Nothing unusual, just getting through the schedule.",0.617,Medium
SVC00082,48,29,61,49.2,8,1,7.49,11,0,0,3,"Usual duty hours, a bit tired but okay overall.",0.55,Medium
SVC00082,48,29,86,44.5,0,7,4.09,8,0,0,6,"Feeling steady. Caught up with family on call, that helped a lot.",0.661,High
SVC00082,48,29,53,61.5,29,13,5.18,14,0,0,8,"Been a normal week, keeping busy with regular tasks.",0.629,Medium
SVC00082,48,29,24,67.9,15,4,7.24,19,0,0,2,"Routine day, nothing much to report.",0.576,Medium
SVC00082,48,29,18,44.2,9,6,4.53,19,0,0,8,"Routine day, nothing much to report.",0.436,Medium
SVC00083,38,7,61,56.3,20,6,6.08,4,0,0,3,"Standard patrol schedule, no major issues.",0.655,High
SVC00083,38,7,24,60.7,11,10,6.75,5,0,0,5,"Solid week, workload was manageable and the team is in good spirits.",0.532,Medium
SVC00083,38,7,9,45.0,9,9,7.33,14,0,0,5,"Good day today, training went well and I got some rest.",0.197,Low
SVC00083,38,7,1,47.7,27,9,7.67,5,0,0,6,"Routine day, nothing much to report.",0.484,Medium
SVC00083,38,7,68,78.9,24,5,5.7,14,0,0,2,"Nothing unusual, just getting through the schedule.",0.835,High
SVC00083,38,7,55,50.7,0,12,6.1,10,0,0,9,"Slept well last night, feeling fresh for duty.",0.285,Low
SVC00084,33,8,83,58.1,19,7,8.52,4,0,0,3,"Standard patrol schedule, no major issues.",0.612,Medium
SVC00084,33,8,29,86.3,12,8,8.29,2,0,0,8,"Nothing unusual, just getting through the schedule.",0.637,Medium
SVC00084,33,8,9,54.4,21,9,8.59,19,0,0,6,"Usual duty hours, a bit tired but okay overall.",0.456,Medium
SVC00084,33,8,5,51.1,6,9,5.75,17,0,0,9,"Routine day, nothing much to report.",0.308,Low
SVC00084,33,8,90,52.1,17,7,6.95,2,0,0,3,"Nothing unusual, just getting through the schedule.",0.677,High
SVC00084,33,8,29,56.2,11,11,6.79,11,0,0,10,"Standard patrol schedule, no major issues.",0.407,Medium
SVC00085,50,21,43,36.1,20,7,5.41,7,0,0,3,"Standard patrol schedule, no major issues.",0.533,Medium
SVC00085,50,21,57,54.1,24,5,8.65,19,0,0,7,"Been a normal week, keeping busy with regular tasks.",0.489,Medium
SVC00085,50,21,89,45.0,17,12,5.35,9,0,0,8,"Been a normal week, keeping busy with regular tasks.",0.416,Medium
SVC00085,50,21,21,38.9,19,3,4.1,8,0,0,9,"Been a normal week, keeping busy with regular tasks.",0.548,Medium
SVC00085,50,21,14,40.0,17,3,4.72,6,0,0,1,"Standard patrol schedule, no major issues.",0.613,Medium
SVC00085,50,21,57,48.1,5,4,8.85,18,0,0,6,"Had a great time during the sports session, morale is high.",0.303,Low
SVC00086,23,5,59,60.0,9,3,5.07,6,0,0,3,Really frustrated and anxious about the extended deployment.,0.76,High
SVC00086,23,5,31,54.2,26,7,4.64,7,0,0,10,"Standard patrol schedule, no major issues.",0.58,Medium
SVC00086,23,5,30,45.5,6,3,5.38,15,0,0,7,"Been a normal week, keeping busy with regular tasks.",0.411,Medium
SVC00086,23,5,74,66.2,12,9,4.29,10,0,0,1,"Feeling isolated, it's been weeks since I saw my family.",0.676,High
SVC00086,23,5,44,55.7,18,8,3.49,18,1,0,4,"Struggling to cope, everything feels overwhelming lately.",0.657,High
SVC00086,23,5,66,45.8,18,1,5.19,0,0,0,4,"Been a normal week, keeping busy with regular tasks.",0.747,High
SVC00087,26,8,80,63.7,6,2,7.28,11,0,1,4,"Struggling to cope, everything feels overwhelming lately.",0.695,High
SVC00087,26,8,89,64.7,27,6,5.02,15,0,0,2,Really frustrated and anxious about the extended deployment.,0.761,High
SVC00087,26,8,54,60.4,17,2,6.68,18,0,1,4,"Feeling isolated, it's been weeks since I saw my family.",0.729,High
SVC00087,26,8,25,51.7,11,4,7.67,4,0,1,5,"Routine day, nothing much to report.",0.644,Medium
SVC00087,26,8,31,59.3,26,2,5.34,8,0,1,5,"Struggling to cope, everything feels overwhelming lately.",0.697,High
SVC00087,26,8,85,48.0,25,6,5.97,16,0,1,4,"Been a normal week, keeping busy with regular tasks.",0.631,Medium
SVC00088,48,30,78,59.0,20,0,3.97,14,0,0,9,"Struggling to cope, everything feels overwhelming lately.",0.683,High
SVC00088,48,30,76,61.9,13,9,6.11,6,0,1,10,"Standard patrol schedule, no major issues.",0.531,Medium
SVC00088,48,30,46,41.3,17,4,5.81,5,0,0,6,"Been a normal week, keeping busy with regular tasks.",0.458,Medium
SVC00088,48,30,83,42.2,5,4,7.22,13,0,0,3,"Usual duty hours, a bit tired but okay overall.",0.521,Medium
SVC00088,48,30,3,40.8,10,12,4.65,0,0,1,6,The back-to-back duty shifts are wearing me down badly.,0.36,Low
SVC00088,48,30,53,50.0,27,0,3.75,13,0,0,2,"Extremely exhausted, haven't slept properly in days.",0.74,High
SVC00089,38,19,7,32.2,9,7,6.21,18,0,0,4,"Been a normal week, keeping busy with regular tasks.",0.205,Low
SVC00089,38,19,22,39.9,3,9,6.2,14,0,0,8,"Routine day, nothing much to report.",0.359,Low
SVC00089,38,19,54,51.8,0,14,5.69,10,0,0,3,"Feeling isolated, it's been weeks since I saw my family.",0.49,Medium
SVC00089,38,19,2,48.5,13,13,3.45,14,0,0,7,"Had a great time during the sports session, morale is high.",0.362,Low
SVC00089,38,19,61,66.9,13,11,6.74,15,0,0,9,"Routine day, nothing much to report.",0.426,Medium
SVC00089,38,19,58,49.4,0,5,7.9,18,0,0,9,"Feeling steady. Caught up with family on call, that helped a lot.",0.456,Medium
SVC00090,34,16,40,58.1,10,4,7.6,9,0,0,2,"Been a normal week, keeping busy with regular tasks.",0.508,Medium
SVC00090,34,16,40,50.4,1,0,5.14,1,0,1,3,"Standard patrol schedule, no major issues.",0.551,Medium
SVC00090,34,16,57,61.5,12,1,6.96,12,0,0,6,"Nothing unusual, just getting through the schedule.",0.61,Medium
SVC00090,34,16,41,48.1,1,7,5.54,10,0,0,2,"Routine day, nothing much to report.",0.488,Medium
SVC00090,34,16,73,52.1,18,13,4.42,7,0,0,5,"Standard patrol schedule, no major issues.",0.629,Medium
SVC00090,34,16,14,49.8,25,5,5.57,14,1,0,4,"Nothing unusual, just getting through the schedule.",0.527,Medium
SVC00091,49,27,89,68.3,23,13,5.06,14,0,1,10,"Nothing unusual, just getting through the schedule.",0.6,Medium
SVC00091,49,27,71,54.1,3,9,5.29,11,0,0,7,"Standard patrol schedule, no major issues.",0.603,Medium
SVC00091,49,27,85,46.8,23,4,8.88,19,0,0,8,"Standard patrol schedule, no major issues.",0.415,Medium
SVC00091,49,27,48,51.0,10,5,9.5,12,0,0,4,"Standard patrol schedule, no major issues.",0.466,Medium
SVC00091,49,27,63,53.3,10,8,6.63,0,0,0,5,"Feeling steady. Caught up with family on call, that helped a lot.",0.574,Medium
SVC00091,49,27,3,49.4,16,2,5.58,5,0,0,10,"Usual duty hours, a bit tired but okay overall.",0.437,Medium
SVC00092,28,10,14,56.6,10,10,5.49,5,0,0,9,The back-to-back duty shifts are wearing me down badly.,0.372,Low
SVC00092,28,10,77,63.1,9,10,7.96,14,0,0,5,"Nothing unusual, just getting through the schedule.",0.521,Medium
SVC00092,28,10,57,48.3,20,4,4.14,18,0,0,3,"Nothing unusual, just getting through the schedule.",0.598,Medium
SVC00092,28,10,77,43.2,4,7,7.3,17,0,0,1,"Nothing unusual, just getting through the schedule.",0.548,Medium
SVC00092,28,10,44,49.2,30,8,6.62,11,0,0,8,"Feeling isolated, it's been weeks since I saw my family.",0.657,High
SVC00092,28,10,19,36.9,27,11,4.59,5,0,0,3,"Usual duty hours, a bit tired but okay overall.",0.618,Medium
SVC00093,52,7,51,33.9,0,6,7.16,12,0,0,5,"Solid week, workload was manageable and the team is in good spirits.",0.318,Low
SVC00093,52,7,62,30.0,19,5,5.59,2,0,0,6,"Standard patrol schedule, no major issues.",0.575,Medium
SVC00093,52,7,74,55.6,3,11,4.97,11,0,0,2,"Routine day, nothing much to report.",0.575,Medium
SVC00093,52,7,4,53.2,10,14,5.24,9,0,1,10,"Extremely exhausted, haven't slept properly in days.",0.285,Low
SVC00093,52,7,54,70.1,0,6,6.38,6,0,0,5,"Routine day, nothing much to report.",0.481,Medium
SVC00093,52,7,85,49.9,2,1,7.59,3,0,1,9,"Been a normal week, keeping busy with regular tasks.",0.539,Medium
SVC00094,38,20,40,71.5,15,11,5.14,19,0,0,10,"Routine day, nothing much to report.",0.469,Medium
SVC00094,38,20,5,65.2,19,1,7.23,15,0,0,8,"Nothing unusual, just getting through the schedule.",0.484,Medium
SVC00094,38,20,47,30.0,11,9,5.33,12,0,0,10,"Good day today, training went well and I got some rest.",0.316,Low
SVC00094,38,20,41,63.9,20,14,5.94,1,0,0,1,Really frustrated and anxious about the extended deployment.,0.64,Medium
SVC00094,38,20,74,53.7,4,9,5.78,14,0,0,9,"Usual duty hours, a bit tired but okay overall.",0.513,Medium
SVC00094,38,20,83,61.0,29,3,6.11,0,0,0,7,"Solid week, workload was manageable and the team is in good spirits.",0.747,High
SVC00095,32,1,15,63.9,4,8,5.33,13,0,0,6,"Routine day, nothing much to report.",0.5,Medium
SVC00095,32,1,43,48.8,5,9,4.35,11,0,0,5,Really frustrated and anxious about the extended deployment.,0.479,Medium
SVC00095,32,1,27,66.1,22,5,7.74,16,0,0,6,"Usual duty hours, a bit tired but okay overall.",0.547,Medium
SVC00095,32,1,55,33.0,23,0,4.79,13,0,0,6,"Routine day, nothing much to report.",0.538,Medium
SVC00095,32,1,88,32.3,23,10,7.45,17,0,0,3,"Usual duty hours, a bit tired but okay overall.",0.466,Medium
SVC00095,32,1,79,60.6,17,4,5.31,5,1,0,2,"Feeling isolated, it's been weeks since I saw my family.",0.775,High
SVC00096,41,21,66,51.1,6,0,6.83,2,0,0,9,"Solid week, workload was manageable and the team is in good spirits.",0.503,Medium
SVC00096,41,21,61,32.8,22,11,7.88,10,0,0,4,"Solid week, workload was manageable and the team is in good spirits.",0.586,Medium
SVC00096,41,21,6,30.0,9,14,7.01,12,0,0,6,"Routine day, nothing much to report.",0.182,Low
SVC00096,41,21,61,57.8,28,2,8.12,11,0,0,3,Really frustrated and anxious about the extended deployment.,0.653,High
SVC00096,41,21,39,55.2,17,7,5.05,11,0,0,5,"Been a normal week, keeping busy with regular tasks.",0.587,Medium
SVC00096,41,21,39,69.0,19,2,7.23,8,0,0,7,"Standard patrol schedule, no major issues.",0.553,Medium
SVC00097,25,7,79,61.4,18,9,5.42,15,0,0,8,"Routine day, nothing much to report.",0.521,Medium
SVC00097,25,7,78,43.1,3,7,4.97,5,0,0,2,"Usual duty hours, a bit tired but okay overall.",0.566,Medium
SVC00097,25,7,4,33.5,11,12,5.67,1,0,0,2,"Standard patrol schedule, no major issues.",0.458,Medium
SVC00097,25,7,33,59.7,8,10,7.3,18,0,0,8,"Standard patrol schedule, no major issues.",0.362,Low
SVC00097,25,7,11,43.4,4,14,6.14,13,1,0,10,"Slept well last night, feeling fresh for duty.",0.095,Low
SVC00097,25,7,57,53.6,17,9,6.98,18,0,0,4,"Usual duty hours, a bit tired but okay overall.",0.601,Medium
SVC00098,50,6,77,50.1,13,11,5.38,1,0,0,3,The back-to-back duty shifts are wearing me down badly.,0.668,High
SVC00098,50,6,49,71.5,26,2,6.78,2,0,0,4,Really frustrated and anxious about the extended deployment.,0.857,High
SVC00098,50,6,87,54.4,23,1,5.75,8,0,0,7,"Been a normal week, keeping busy with regular tasks.",0.698,High
SVC00098,50,6,29,41.9,30,9,6.7,2,0,1,10,"Routine day, nothing much to report.",0.532,Medium
SVC00098,50,6,28,49.8,2,14,6.29,16,0,0,5,"Nothing unusual, just getting through the schedule.",0.37,Low
SVC00098,50,6,54,43.4,27,11,5.77,17,1,0,1,"Nothing unusual, just getting through the schedule.",0.623,Medium
SVC00099,21,3,27,57.6,27,7,5.3,1,3,0,3,"Struggling to cope, everything feels overwhelming lately.",0.768,High
SVC00099,21,3,29,54.3,18,11,4.01,9,0,0,3,"Had a great time during the sports session, morale is high.",0.338,Low
SVC00099,21,3,85,30.0,11,9,2.6,7,0,0,9,"Usual duty hours, a bit tired but okay overall.",0.538,Medium
SVC00099,21,3,33,59.0,1,10,3.78,10,0,2,2,"Nothing unusual, just getting through the schedule.",0.482,Medium
SVC00099,21,3,73,56.7,27,11,7.21,16,0,0,4,"Routine day, nothing much to report.",0.526,Medium
SVC00099,21,3,9,54.0,19,9,6.52,18,0,0,8,"Been a normal week, keeping busy with regular tasks.",0.421,Medium
SVC00100,41,16,79,45.3,21,5,6.24,1,0,0,7,"Been a normal week, keeping busy with regular tasks.",0.553,Medium
SVC00100,41,16,54,62.2,24,6,8.66,4,0,0,4,"Nothing unusual, just getting through the schedule.",0.575,Medium
SVC00100,41,16,41,59.2,11,7,8.55,13,0,0,4,"Been a normal week, keeping busy with regular tasks.",0.549,Medium
SVC00100,41,16,30,47.2,20,3,3.8,1,0,0,1,"Extremely exhausted, haven't slept properly in days.",0.713,High
SVC00100,41,16,55,64.2,8,2,6.42,9,1,0,10,"Extremely exhausted, haven't slept properly in days.",0.699,High
SVC00100,41,16,2,51.9,13,0,7.55,16,0,0,6,"Standard patrol schedule, no major issues.",0.448,Medium
SVC00101,21,3,58,45.5,17,4,4.46,9,0,0,8,"Standard patrol schedule, no major issues.",0.573,Medium
SVC00101,21,3,10,57.4,2,2,3.88,10,0,0,7,"Usual duty hours, a bit tired but okay overall.",0.503,Medium
SVC00101,21,3,20,62.4,22,14,4.25,7,0,0,1,"Extremely exhausted, haven't slept properly in days.",0.676,High
SVC00101,21,3,87,41.5,9,7,5.1,10,0,0,1,Really frustrated and anxious about the extended deployment.,0.765,High
SVC00101,21,3,5,75.1,16,0,6.37,15,0,0,8,"Standard patrol schedule, no major issues.",0.563,Medium
SVC00101,21,3,26,51.3,22,14,9.5,11,0,0,6,"Nothing unusual, just getting through the schedule.",0.525,Medium
SVC00102,47,25,79,45.8,21,0,8.5,16,0,0,4,"Nothing unusual, just getting through the schedule.",0.677,High
SVC00102,47,25,22,65.5,1,9,6.71,4,0,0,3,"Standard patrol schedule, no major issues.",0.438,Medium
SVC00102,47,25,57,35.3,20,3,7.65,13,0,0,9,"Routine day, nothing much to report.",0.436,Medium
SVC00102,47,25,48,74.7,20,11,6.94,13,0,0,9,"Routine day, nothing much to report.",0.554,Medium
SVC00102,47,25,72,56.1,16,6,4.47,13,0,0,10,"Standard patrol schedule, no major issues.",0.568,Medium
SVC00102,47,25,20,47.3,7,2,4.76,5,0,0,4,"Good day today, training went well and I got some rest.",0.499,Medium
SVC00103,53,22,20,34.9,25,2,5.84,18,0,0,6,"Been a normal week, keeping busy with regular tasks.",0.542,Medium
SVC00103,53,22,33,58.8,12,5,7.51,19,0,0,5,The back-to-back duty shifts are wearing me down badly.,0.437,Medium
SVC00103,53,22,8,65.6,11,14,7.76,16,0,0,1,"Routine day, nothing much to report.",0.448,Medium
SVC00103,53,22,46,32.2,1,9,7.92,13,0,0,4,"Been a normal week, keeping busy with regular tasks.",0.494,Medium
SVC00103,53,22,15,36.6,19,10,5.55,1,0,0,8,"Struggling to cope, everything feels overwhelming lately.",0.531,Medium
SVC00103,53,22,12,51.3,3,12,8.22,15,0,1,2,"Usual duty hours, a bit tired but okay overall.",0.421,Medium
SVC00104,24,6,1,52.3,14,13,6.95,14,0,0,3,"Nothing unusual, just getting through the schedule.",0.451,Medium
SVC00104,24,6,90,45.4,14,5,6.38,11,0,0,1,"Routine day, nothing much to report.",0.625,Medium
SVC00104,24,6,77,71.5,8,0,6.95,18,0,0,2,"Nothing unusual, just getting through the schedule.",0.692,High
SVC00104,24,6,36,48.5,28,6,8.42,19,0,0,9,"Usual duty hours, a bit tired but okay overall.",0.436,Medium
SVC00104,24,6,83,59.1,13,0,6.89,2,0,0,9,"Routine day, nothing much to report.",0.566,Medium
SVC00104,24,6,77,61.2,5,0,6.99,13,0,0,1,"Nothing unusual, just getting through the schedule.",0.502,Medium
SVC00105,32,2,66,64.6,1,9,3.24,3,0,0,10,"Usual duty hours, a bit tired but okay overall.",0.521,Medium
SVC00105,32,2,12,41.1,23,2,4.32,5,0,2,9,"Been a normal week, keeping busy with regular tasks.",0.612,Medium
SVC00105,32,2,7,51.0,14,3,8.18,11,0,0,5,"Routine day, nothing much to report.",0.426,Medium
SVC00105,32,2,20,45.2,1,1,4.38,13,0,0,6,"Usual duty hours, a bit tired but okay overall.",0.386,Low
SVC00105,32,2,3,58.8,3,4,5.57,12,0,0,9,"Usual duty hours, a bit tired but okay overall.",0.404,Medium
SVC00105,32,2,79,40.4,5,10,6.49,3,0,0,3,"Been a normal week, keeping busy with regular tasks.",0.513,Medium
SVC00106,45,11,74,58.5,22,4,4.35,14,0,0,3,"Extremely exhausted, haven't slept properly in days.",0.785,High
SVC00106,45,11,24,41.6,0,2,7.53,13,0,0,3,"Nothing unusual, just getting through the schedule.",0.411,Medium
SVC00106,45,11,66,36.4,14,0,4.46,13,0,0,8,"Standard patrol schedule, no major issues.",0.598,Medium
SVC00106,45,11,64,71.4,30,5,6.71,0,0,0,1,"Extremely exhausted, haven't slept properly in days.",0.917,High
SVC00106,45,11,66,77.6,4,3,4.45,15,0,0,7,"Struggling to cope, everything feels overwhelming lately.",0.674,High
SVC00106,45,11,4,50.1,14,11,5.68,19,1,0,5,"Usual duty hours, a bit tired but okay overall.",0.472,Medium
SVC00107,25,7,61,65.2,28,0,5.07,10,0,0,1,"Feeling isolated, it's been weeks since I saw my family.",0.85,High
SVC00107,25,7,14,59.7,10,10,4.7,10,0,0,5,"Standard patrol schedule, no major issues.",0.528,Medium
SVC00107,25,7,46,30.0,26,7,5.04,4,0,1,5,"Standard patrol schedule, no major issues.",0.594,Medium
SVC00107,25,7,32,35.5,19,6,7.12,1,0,0,9,"Routine day, nothing much to report.",0.375,Low
SVC00107,25,7,72,57.6,15,1,7.49,12,0,0,10,"Standard patrol schedule, no major issues.",0.514,Medium
SVC00107,25,7,39,72.9,9,13,6.43,19,0,0,7,"Routine day, nothing much to report.",0.4,Low
SVC00108,43,2,65,69.4,14,2,4.73,1,0,0,9,"Standard patrol schedule, no major issues.",0.745,High
SVC00108,43,2,74,48.6,0,5,7.22,14,0,0,5,"Routine day, nothing much to report.",0.451,Medium
SVC00108,43,2,68,62.7,12,14,7.16,16,0,1,4,Really frustrated and anxious about the extended deployment.,0.62,Medium
SVC00108,43,2,82,75.5,19,1,7.44,6,0,0,9,"Nothing unusual, just getting through the schedule.",0.585,Medium
SVC00108,43,2,45,48.4,18,2,5.16,16,0,0,1,"Nothing unusual, just getting through the schedule.",0.763,High
SVC00108,43,2,14,39.6,1,14,6.57,2,0,0,7,"Been a normal week, keeping busy with regular tasks.",0.413,Medium
SVC00109,41,23,21,77.0,8,1,3.8,7,0,0,2,The back-to-back duty shifts are wearing me down badly.,0.692,High
SVC00109,41,23,39,42.8,8,7,2.81,16,0,0,8,"Solid week, workload was manageable and the team is in good spirits.",0.302,Low
SVC00109,41,23,64,34.6,30,13,6.29,6,0,0,5,"Standard patrol schedule, no major issues.",0.627,Medium
SVC00109,41,23,45,58.4,28,11,5.61,2,0,0,8,"Nothing unusual, just getting through the schedule.",0.575,Medium
SVC00109,41,23,42,42.0,4,9,5.95,8,1,0,2,"Routine day, nothing much to report.",0.539,Medium
SVC00109,41,23,63,50.5,8,0,7.78,6,0,0,8,"Feeling steady. Caught up with family on call, that helped a lot.",0.489,Medium
SVC00110,48,15,12,48.2,27,6,7.19,15,1,0,10,"Nothing unusual, just getting through the schedule.",0.43,Medium
SVC00110,48,15,50,62.4,19,2,8.55,2,0,0,5,"Had a great time during the sports session, morale is high.",0.583,Medium
SVC00110,48,15,14,65.6,3,0,5.57,3,0,1,2,"Standard patrol schedule, no major issues.",0.578,Medium
SVC00110,48,15,1,48.8,16,6,7.51,10,0,0,6,"Been a normal week, keeping busy with regular tasks.",0.374,Low
SVC00110,48,15,10,45.2,10,10,5.78,13,0,0,3,"Routine day, nothing much to report.",0.461,Medium
SVC00110,48,15,84,49.6,4,8,3.56,8,1,0,2,"Usual duty hours, a bit tired but okay overall.",0.685,High
SVC00111,40,22,45,82.9,24,12,4.7,0,0,0,2,"Routine day, nothing much to report.",0.768,High
SVC00111,40,22,26,45.4,28,7,6.33,5,0,0,7,"Routine day, nothing much to report.",0.511,Medium
SVC00111,40,22,64,45.3,4,11,5.27,14,0,0,3,The back-to-back duty shifts are wearing me down badly.,0.62,Medium
SVC00111,40,22,5,34.6,18,10,7.79,11,0,0,3,"Standard patrol schedule, no major issues.",0.537,Medium
SVC00111,40,22,63,45.6,23,14,7.47,17,2,0,5,"Extremely exhausted, haven't slept properly in days.",0.708,High
SVC00111,40,22,59,64.2,20,8,8.07,3,0,0,3,"Standard patrol schedule, no major issues.",0.598,Medium
SVC00112,43,25,24,52.4,17,13,5.1,15,1,0,9,"Standard patrol schedule, no major issues.",0.438,Medium
SVC00112,43,25,70,52.1,5,3,5.14,2,0,0,8,"Feeling steady. Caught up with family on call, that helped a lot.",0.531,Medium
SVC00112,43,25,40,65.8,28,3,7.6,2,0,0,10,"Usual duty hours, a bit tired but okay overall.",0.631,Medium
SVC00112,43,25,24,72.5,9,10,4.98,10,0,0,5,"Nothing unusual, just getting through the schedule.",0.503,Medium
SVC00112,43,25,67,53.7,5,3,7.09,14,0,0,6,"Routine day, nothing much to report.",0.429,Medium
SVC00112,43,25,65,58.1,9,12,8.13,1,0,0,9,"Extremely exhausted, haven't slept properly in days.",0.462,Medium
SVC00113,40,22,11,66.0,14,1,4.86,2,0,0,8,"Standard patrol schedule, no major issues.",0.57,Medium
SVC00113,40,22,68,62.0,27,0,5.88,10,0,0,3,"Been a normal week, keeping busy with regular tasks.",0.815,High
SVC00113,40,22,37,48.2,30,5,4.88,16,0,0,4,"Standard patrol schedule, no major issues.",0.608,Medium
SVC00113,40,22,2,30.0,29,4,6.14,10,0,0,4,"Nothing unusual, just getting through the schedule.",0.571,Medium
SVC00113,40,22,36,54.4,2,8,8.2,0,0,0,9,"Extremely exhausted, haven't slept properly in days.",0.447,Medium
SVC00113,40,22,20,59.3,9,0,7.81,8,0,0,3,"Usual duty hours, a bit tired but okay overall.",0.627,Medium
SVC00114,34,6,77,55.8,18,12,6.63,4,0,0,1,"Standard patrol schedule, no major issues.",0.677,High
SVC00114,34,6,53,67.5,11,10,5.84,12,1,0,1,"Nothing unusual, just getting through the schedule.",0.63,Medium
SVC00114,34,6,63,60.5,1,5,6.41,14,0,0,9,"Routine day, nothing much to report.",0.42,Medium
SVC00114,34,6,6,49.0,29,13,5.34,14,1,0,7,"Routine day, nothing much to report.",0.477,Medium
SVC00114,34,6,54,42.8,16,11,5.65,8,1,0,4,"Been a normal week, keeping busy with regular tasks.",0.531,Medium
SVC00114,34,6,73,78.8,2,2,8.08,0,0,0,4,"Routine day, nothing much to report.",0.712,High
SVC00115,24,6,39,44.2,3,6,6.74,2,0,0,9,"Routine day, nothing much to report.",0.352,Low
SVC00115,24,6,85,54.6,10,8,7.18,11,0,0,5,"Routine day, nothing much to report.",0.644,Medium
SVC00115,24,6,25,67.3,14,1,5.82,11,0,0,6,"Usual duty hours, a bit tired but okay overall.",0.519,Medium
SVC00115,24,6,41,38.3,13,2,5.79,11,0,0,7,"Routine day, nothing much to report.",0.559,Medium
SVC00115,24,6,57,51.6,11,12,2.52,8,0,0,9,"Usual duty hours, a bit tired but okay overall.",0.514,Medium
SVC00115,24,6,38,52.8,10,6,5.89,6,0,0,1,"Standard patrol schedule, no major issues.",0.507,Medium
SVC00116,46,27,42,39.9,3,2,4.58,0,0,0,3,"Standard patrol schedule, no major issues.",0.496,Medium
SVC00116,46,27,69,59.0,0,5,4.12,1,0,0,2,"Struggling to cope, everything feels overwhelming lately.",0.669,High
SVC00116,46,27,2,47.6,24,7,6.57,8,0,0,3,The back-to-back duty shifts are wearing me down badly.,0.665,High
SVC00116,46,27,24,44.7,18,14,5.89,13,0,0,4,"Standard patrol schedule, no major issues.",0.525,Medium
SVC00116,46,27,3,54.7,10,13,4.45,9,0,0,9,"Usual duty hours, a bit tired but okay overall.",0.358,Low
SVC00116,46,27,45,51.3,22,1,8.39,7,0,0,1,"Standard patrol schedule, no major issues.",0.747,High
SVC00117,44,24,31,80.9,11,1,5.28,14,0,0,6,"Been a normal week, keeping busy with regular tasks.",0.607,Medium
SVC00117,44,24,86,47.7,4,4,4.46,13,0,0,3,"Struggling to cope, everything feels overwhelming lately.",0.613,Medium
SVC00117,44,24,38,58.6,23,2,5.46,1,0,0,4,"Standard patrol schedule, no major issues.",0.684,High
SVC00117,44,24,17,32.1,0,14,5.58,19,0,0,10,"Been a normal week, keeping busy with regular tasks.",0.263,Low
SVC00117,44,24,1,64.9,22,9,8.76,15,0,0,5,"Nothing unusual, just getting through the schedule.",0.46,Medium
SVC00117,44,24,14,61.7,7,9,5.02,17,0,1,9,"Been a normal week, keeping busy with regular tasks.",0.521,Medium
SVC00118,22,4,20,58.6,12,14,6.95,16,0,0,4,"Been a normal week, keeping busy with regular tasks.",0.407,Medium
SVC00118,22,4,21,39.0,18,3,8.57,6,1,0,3,"Usual duty hours, a bit tired but okay overall.",0.491,Medium
SVC00118,22,4,47,46.4,14,9,7.43,10,0,0,7,"Standard patrol schedule, no major issues.",0.543,Medium
SVC00118,22,4,45,46.1,27,4,7.24,19,0,0,2,Really frustrated and anxious about the extended deployment.,0.606,Medium
SVC00118,22,4,66,46.7,29,10,3.71,5,0,0,5,"Feeling isolated, it's been weeks since I saw my family.",0.651,High
SVC00118,22,4,20,30.0,4,12,5.92,18,0,1,8,"Solid week, workload was manageable and the team is in good spirits.",0.202,Low
SVC00119,22,4,24,64.1,23,12,4.89,19,0,0,6,"Been a normal week, keeping busy with regular tasks.",0.638,Medium
SVC00119,22,4,73,58.3,27,0,5.8,13,0,0,2,"Struggling to cope, everything feels overwhelming lately.",0.833,High
SVC00119,22,4,50,59.2,10,5,6.84,5,0,1,5,"Been a normal week, keeping busy with regular tasks.",0.641,Medium
SVC00119,22,4,62,68.6,19,0,5.38,18,0,0,3,"Been a normal week, keeping busy with regular tasks.",0.641,Medium
SVC00119,22,4,26,52.4,18,11,4.68,15,0,0,9,"Feeling isolated, it's been weeks since I saw my family.",0.386,Low
SVC00119,22,4,10,51.6,13,10,8.2,5,0,0,3,"Usual duty hours, a bit tired but okay overall.",0.449,Medium
SVC00120,26,8,52,56.3,28,8,6.28,10,0,0,6,"Nothing unusual, just getting through the schedule.",0.53,Medium
SVC00120,26,8,86,64.6,25,0,7.0,17,0,0,2,"Usual duty hours, a bit tired but okay overall.",0.714,High
SVC00120,26,8,35,46.5,23,14,4.8,12,0,0,6,"Routine day, nothing much to report.",0.495,Medium
SVC00120,26,8,69,50.5,28,11,9.25,15,0,0,9,"Nothing unusual, just getting through the schedule.",0.375,Low
SVC00120,26,8,8,35.5,27,2,6.47,10,0,0,2,"Routine day, nothing much to report.",0.563,Medium
SVC00120,26,8,48,68.6,2,8,8.51,0,0,1,6,"Routine day, nothing much to report.",0.544,Medium
SVC00121,37,19,73,66.8,10,8,5.81,2,0,0,7,"Been a normal week, keeping busy with regular tasks.",0.621,Medium
SVC00121,37,19,54,71.8,7,6,6.82,2,0,0,9,"Extremely exhausted, haven't slept properly in days.",0.586,Medium
SVC00121,37,19,60,45.0,12,1,7.05,1,1,0,10,"Nothing unusual, just getting through the schedule.",0.547,Medium
SVC00121,37,19,89,61.1,16,5,5.57,0,0,0,2,"Usual duty hours, a bit tired but okay overall.",0.787,High
SVC00121,37,19,37,49.3,26,0,6.04,2,0,0,1,"Standard patrol schedule, no major issues.",0.704,High
SVC00121,37,19,1,50.9,21,11,6.32,4,0,0,9,"Usual duty hours, a bit tired but okay overall.",0.407,Medium
SVC00122,29,11,23,61.1,26,13,6.25,4,0,0,3,"Usual duty hours, a bit tired but okay overall.",0.612,Medium
SVC00122,29,11,35,32.4,14,8,5.89,16,0,0,7,"Standard patrol schedule, no major issues.",0.482,Medium
SVC00122,29,11,71,64.5,0,12,4.93,5,0,0,4,"Routine day, nothing much to report.",0.587,Medium
SVC00122,29,11,14,53.4,10,13,8.07,19,0,0,8,"Had a great time during the sports session, morale is high.",0.306,Low
SVC00122,29,11,40,30.0,21,4,6.67,13,0,1,3,"Usual duty hours, a bit tired but okay overall.",0.616,Medium
SVC00122,29,11,72,74.2,14,6,7.12,6,0,0,10,"Standard patrol schedule, no major issues.",0.654,High
SVC00123,39,5,24,49.4,22,9,8.1,8,0,0,8,"Nothing unusual, just getting through the schedule.",0.59,Medium
SVC00123,39,5,31,69.1,23,4,5.82,12,0,1,10,Really frustrated and anxious about the extended deployment.,0.677,High
SVC00123,39,5,86,45.3,3,2,4.61,7,0,0,5,"Usual duty hours, a bit tired but okay overall.",0.603,Medium
SVC00123,39,5,65,45.7,15,8,5.84,3,0,0,6,"Routine day, nothing much to report.",0.532,Medium
SVC00123,39,5,0,57.6,27,14,5.04,11,0,0,4,"Usual duty hours, a bit tired but okay overall.",0.573,Medium
SVC00123,39,5,6,48.0,30,3,4.31,6,0,0,2,"Routine day, nothing much to report.",0.673,High
SVC00124,37,13,72,53.1,12,13,7.78,15,0,0,7,"Struggling to cope, everything feels overwhelming lately.",0.478,Medium
SVC00124,37,13,90,48.9,12,0,5.97,0,0,0,10,"Been a normal week, keeping busy with regular tasks.",0.607,Medium
SVC00124,37,13,49,42.2,25,13,4.52,13,0,0,3,"Feeling isolated, it's been weeks since I saw my family.",0.725,High
SVC00124,37,13,72,58.9,4,10,6.56,2,0,0,8,"Nothing unusual, just getting through the schedule.",0.564,Medium
SVC00124,37,13,69,30.3,6,11,5.45,12,0,0,9,"Standard patrol schedule, no major issues.",0.338,Low
SVC00124,37,13,9,70.9,8,10,7.42,16,2,0,10,"Been a normal week, keeping busy with regular tasks.",0.398,Low
SVC00125,30,12,60,48.0,16,4,6.64,8,0,0,8,"Nothing unusual, just getting through the schedule.",0.593,Medium
SVC00125,30,12,19,43.7,0,2,7.29,1,0,1,3,"Nothing unusual, just getting through the schedule.",0.429,Medium
SVC00125,30,12,81,36.3,7,3,5.98,15,0,0,5,"Been a normal week, keeping busy with regular tasks.",0.532,Medium
SVC00125,30,12,65,50.4,4,2,6.65,18,0,0,4,"Standard patrol schedule, no major issues.",0.56,Medium
SVC00125,30,12,18,34.1,8,11,6.45,2,1,0,7,"Nothing unusual, just getting through the schedule.",0.392,Low
SVC00125,30,12,68,51.3,20,13,5.69,9,0,0,9,"Been a normal week, keeping busy with regular tasks.",0.529,Medium
SVC00126,28,10,11,82.1,12,4,5.47,6,1,0,7,"Usual duty hours, a bit tired but okay overall.",0.546,Medium
SVC00126,28,10,44,46.7,12,12,6.94,14,1,0,7,"Standard patrol schedule, no major issues.",0.478,Medium
SVC00126,28,10,32,62.2,17,5,6.53,3,0,0,7,"Standard patrol schedule, no major issues.",0.582,Medium
SVC00126,28,10,25,52.3,7,0,7.06,14,0,0,6,"Routine day, nothing much to report.",0.429,Medium
SVC00126,28,10,3,46.1,17,14,8.0,2,0,0,5,"Usual duty hours, a bit tired but okay overall.",0.416,Medium
SVC00126,28,10,59,46.7,22,11,6.47,7,0,0,9,"Standard patrol schedule, no major issues.",0.445,Medium
SVC00127,51,29,84,40.4,27,8,7.83,5,0,0,6,The back-to-back duty shifts are wearing me down badly.,0.655,High
SVC00127,51,29,31,58.5,19,5,5.52,4,0,0,1,"Standard patrol schedule, no major issues.",0.627,Medium
SVC00127,51,29,3,38.5,28,3,5.66,2,0,0,3,"Been a normal week, keeping busy with regular tasks.",0.575,Medium
SVC00127,51,29,29,59.8,11,3,6.95,14,0,0,6,"Nothing unusual, just getting through the schedule.",0.407,Medium
SVC00127,51,29,53,63.0,25,11,7.58,14,0,0,1,"Extremely exhausted, haven't slept properly in days.",0.71,High
SVC00127,51,29,79,74.1,6,1,7.63,10,0,0,2,"Been a normal week, keeping busy with regular tasks.",0.602,Medium
SVC00128,54,17,14,46.0,28,12,5.58,14,0,0,8,"Standard patrol schedule, no major issues.",0.45,Medium
SVC00128,54,17,32,68.7,13,13,6.29,14,0,0,9,"Been a normal week, keeping busy with regular tasks.",0.485,Medium
SVC00128,54,17,58,59.4,16,3,6.81,5,0,1,5,"Extremely exhausted, haven't slept properly in days.",0.582,Medium
SVC00128,54,17,32,43.1,20,2,4.97,11,2,0,1,"Routine day, nothing much to report.",0.64,Medium
SVC00128,54,17,30,64.6,5,5,5.09,7,0,0,1,"Standard patrol schedule, no major issues.",0.623,Medium
SVC00128,54,17,33,52.6,28,3,5.4,18,0,0,1,"Struggling to cope, everything feels overwhelming lately.",0.666,High
SVC00129,36,5,17,43.2,29,0,5.09,17,0,0,6,"Been a normal week, keeping busy with regular tasks.",0.509,Medium
SVC00129,36,5,51,50.0,22,5,5.84,8,0,1,8,"Been a normal week, keeping busy with regular tasks.",0.622,Medium
SVC00129,36,5,63,46.6,16,10,7.69,13,0,0,5,"Been a normal week, keeping busy with regular tasks.",0.586,Medium
SVC00129,36,5,80,72.4,1,0,5.57,9,0,0,6,"Been a normal week, keeping busy with regular tasks.",0.587,Medium
SVC00129,36,5,81,30.0,5,11,5.75,1,0,0,8,"Extremely exhausted, haven't slept properly in days.",0.394,Low
SVC00129,36,5,11,54.4,14,14,6.39,4,1,0,7,"Usual duty hours, a bit tired but okay overall.",0.398,Low
SVC00130,23,5,0,46.7,20,4,7.95,12,1,0,7,Really frustrated and anxious about the extended deployment.,0.417,Medium
SVC00130,23,5,6,30.0,9,0,5.87,8,1,0,2,"Nothing unusual, just getting through the schedule.",0.563,Medium
SVC00130,23,5,11,54.4,29,3,6.08,7,2,0,9,"Usual duty hours, a bit tired but okay overall.",0.625,Medium
SVC00130,23,5,81,42.8,24,14,6.44,7,1,0,1,"Routine day, nothing much to report.",0.672,High
SVC00130,23,5,73,30.0,29,13,7.25,10,0,0,8,"Solid week, workload was manageable and the team is in good spirits.",0.412,Medium
SVC00130,23,5,37,48.5,17,0,6.48,19,0,0,8,"Nothing unusual, just getting through the schedule.",0.513,Medium
SVC00131,23,5,25,64.6,12,5,7.96,5,0,0,6,"Usual duty hours, a bit tired but okay overall.",0.392,Low
SVC00131,23,5,61,43.1,4,5,5.08,1,1,0,5,"Been a normal week, keeping busy with regular tasks.",0.611,Medium
SVC00131,23,5,52,65.6,21,0,3.16,15,0,0,10,"Feeling steady. Caught up with family on call, that helped a lot.",0.612,Medium
SVC00131,23,5,55,44.3,21,1,6.66,5,0,0,10,"Been a normal week, keeping busy with regular tasks.",0.551,Medium
SVC00131,23,5,88,62.1,1,3,7.23,15,0,0,5,"Nothing unusual, just getting through the schedule.",0.498,Medium
SVC00131,23,5,59,39.7,14,2,3.11,15,0,0,8,"Good day today, training went well and I got some rest.",0.523,Medium
SVC00132,47,29,31,49.5,14,4,4.47,5,3,0,6,"Struggling to cope, everything feels overwhelming lately.",0.614,Medium
SVC00132,47,29,45,63.2,20,5,5.48,0,0,0,1,"Feeling isolated, it's been weeks since I saw my family.",0.7,High
SVC00132,47,29,53,43.0,20,12,7.46,4,0,0,6,"Routine day, nothing much to report.",0.565,Medium
SVC00132,47,29,38,49.9,6,2,4.25,11,0,0,4,"Usual duty hours, a bit tired but okay overall.",0.556,Medium
SVC00132,47,29,21,46.5,23,0,6.97,4,0,0,9,"Good day today, training went well and I got some rest.",0.44,Medium
SVC00132,47,29,51,89.4,12,14,4.51,7,0,0,4,"Extremely exhausted, haven't slept properly in days.",0.65,High
SVC00133,25,7,6,49.3,25,8,6.81,14,0,0,6,"Been a normal week, keeping busy with regular tasks.",0.504,Medium
SVC00133,25,7,82,49.4,21,8,5.58,17,0,0,7,"Routine day, nothing much to report.",0.505,Medium
SVC00133,25,7,82,34.5,28,6,6.55,11,0,0,2,"Struggling to cope, everything feels overwhelming lately.",0.685,High
SVC00133,25,7,85,51.8,21,4,6.07,5,0,0,1,"Standard patrol schedule, no major issues.",0.801,High
SVC00133,25,7,4,30.6,24,1,5.6,6,0,0,7,"Standard patrol schedule, no major issues.",0.592,Medium
SVC00133,25,7,64,53.4,6,4,6.14,18,0,1,3,"Nothing unusual, just getting through the schedule.",0.567,Medium
SVC00134,28,10,64,45.5,24,6,5.98,3,0,0,8,"Nothing unusual, just getting through the schedule.",0.601,Medium
SVC00134,28,10,17,45.7,27,5,5.32,2,0,0,3,"Extremely exhausted, haven't slept properly in days.",0.728,High
SVC00134,28,10,71,56.0,4,10,6.21,14,0,0,1,"Been a normal week, keeping busy with regular tasks.",0.525,Medium
SVC00134,28,10,41,47.4,19,8,7.45,8,1,0,3,"Routine day, nothing much to report.",0.586,Medium
SVC00134,28,10,14,42.1,29,5,7.79,1,0,0,3,"Usual duty hours, a bit tired but okay overall.",0.493,Medium
SVC00134,28,10,28,51.8,10,6,7.02,5,0,0,1,"Usual duty hours, a bit tired but okay overall.",0.557,Medium
SVC00135,35,7,23,41.6,16,2,7.6,11,0,0,4,"Good day today, training went well and I got some rest.",0.631,Medium
SVC00135,35,7,67,64.4,27,0,6.23,17,0,0,5,Really frustrated and anxious about the extended deployment.,0.714,High
SVC00135,35,7,53,43.0,26,0,6.89,19,0,0,3,"Routine day, nothing much to report.",0.533,Medium
SVC00135,35,7,70,55.1,16,14,6.52,9,0,0,1,"Struggling to cope, everything feels overwhelming lately.",0.673,High
SVC00135,35,7,27,66.2,8,10,7.05,1,1,0,6,"Standard patrol schedule, no major issues.",0.547,Medium
SVC00135,35,7,53,38.1,23,14,5.02,7,0,1,4,"Usual duty hours, a bit tired but okay overall.",0.523,Medium
SVC00136,41,23,75,35.2,29,14,6.42,13,1,1,5,"Solid week, workload was manageable and the team is in good spirits.",0.66,High
SVC00136,41,23,52,50.5,20,12,4.94,16,0,0,3,"Routine day, nothing much to report.",0.539,Medium
SVC00136,41,23,19,44.8,21,1,3.54,11,0,0,1,"Feeling isolated, it's been weeks since I saw my family.",0.697,High
SVC00136,41,23,3,38.0,6,14,6.44,3,0,0,8,"Had a great time during the sports session, morale is high.",0.279,Low
SVC00136,41,23,40,45.5,28,10,6.37,12,0,0,9,"Been a normal week, keeping busy with regular tasks.",0.585,Medium
SVC00136,41,23,38,34.7,3,10,6.12,2,0,0,5,"Routine day, nothing much to report.",0.467,Medium
SVC00137,40,22,35,51.2,1,3,6.55,3,0,0,7,The back-to-back duty shifts are wearing me down badly.,0.36,Low
SVC00137,40,22,82,59.2,21,5,5.74,9,1,0,10,"Struggling to cope, everything feels overwhelming lately.",0.68,High
SVC00137,40,22,43,59.5,26,12,8.08,18,1,0,4,"Routine day, nothing much to report.",0.458,Medium
SVC00137,40,22,60,36.9,29,0,6.35,17,0,0,1,The back-to-back duty shifts are wearing me down badly.,0.586,Medium
SVC00137,40,22,76,30.0,9,14,4.85,1,0,0,7,"Routine day, nothing much to report.",0.492,Medium
SVC00137,40,22,64,39.3,17,9,7.08,11,1,0,3,Really frustrated and anxious about the extended deployment.,0.653,High
SVC00138,45,11,87,36.3,21,5,6.56,16,0,0,4,"Nothing unusual, just getting through the schedule.",0.576,Medium
SVC00138,45,11,7,63.9,17,2,6.71,11,0,1,9,"Solid week, workload was manageable and the team is in good spirits.",0.627,Medium
SVC00138,45,11,44,54.1,21,5,5.9,15,0,1,1,"Standard patrol schedule, no major issues.",0.622,Medium
SVC00138,45,11,51,50.0,27,2,7.34,4,0,1,1,"Extremely exhausted, haven't slept properly in days.",0.698,High
SVC00138,45,11,23,47.1,30,2,5.14,10,0,1,8,"Slept well last night, feeling fresh for duty.",0.685,High
SVC00138,45,11,90,44.6,21,9,4.4,12,0,0,6,"Standard patrol schedule, no major issues.",0.598,Medium
SVC00139,36,8,9,61.6,3,3,8.85,8,0,0,1,"Usual duty hours, a bit tired but okay overall.",0.449,Medium
SVC00139,36,8,84,58.9,22,2,4.73,0,0,0,8,"Slept well last night, feeling fresh for duty.",0.719,High
SVC00139,36,8,32,43.9,18,9,6.96,5,0,0,8,"Nothing unusual, just getting through the schedule.",0.402,Medium
SVC00139,36,8,21,32.8,12,5,5.19,7,0,0,10,"Had a great time during the sports session, morale is high.",0.268,Low
SVC00139,36,8,70,65.1,21,14,5.5,8,1,0,9,"Usual duty hours, a bit tired but okay overall.",0.623,Medium
SVC00139,36,8,7,50.3,1,4,6.98,6,0,0,7,"Usual duty hours, a bit tired but okay overall.",0.278,Low
SVC00140,52,8,12,32.0,25,8,6.64,10,0,0,3,"Been a normal week, keeping busy with regular tasks.",0.381,Low
SVC00140,52,8,19,69.1,8,5,5.96,11,0,0,6,"Been a normal week, keeping busy with regular tasks.",0.498,Medium
SVC00140,52,8,62,59.9,27,3,6.03,16,0,0,10,"Nothing unusual, just getting through the schedule.",0.613,Medium
SVC00140,52,8,81,52.1,7,8,6.67,5,0,0,4,"Standard patrol schedule, no major issues.",0.549,Medium
SVC00140,52,8,36,44.3,30,5,6.61,9,0,0,7,"Struggling to cope, everything feels overwhelming lately.",0.681,High
SVC00140,52,8,84,55.0,4,7,7.81,9,0,0,5,"Been a normal week, keeping busy with regular tasks.",0.392,Low
SVC00141,40,22,27,56.9,20,5,6.39,5,0,1,10,"Routine day, nothing much to report.",0.582,Medium
SVC00141,40,22,5,70.0,5,8,7.17,15,0,0,9,"Feeling steady. Caught up with family on call, that helped a lot.",0.416,Medium
SVC00141,40,22,37,58.3,4,2,6.9,3,0,0,6,"Usual duty hours, a bit tired but okay overall.",0.503,Medium
SVC00141,40,22,83,71.7,27,14,6.37,18,0,0,9,"Feeling steady. Caught up with family on call, that helped a lot.",0.622,Medium
SVC00141,40,22,33,65.2,11,2,6.69,15,0,0,1,"Nothing unusual, just getting through the schedule.",0.576,Medium
SVC00141,40,22,66,67.2,2,10,7.99,10,0,0,8,"Routine day, nothing much to report.",0.386,Low
SVC00142,22,4,75,57.1,18,14,7.02,19,0,0,2,"Usual duty hours, a bit tired but okay overall.",0.512,Medium
SVC00142,22,4,88,41.6,27,4,8.04,16,0,1,5,"Standard patrol schedule, no major issues.",0.712,High
SVC00142,22,4,35,51.2,17,1,7.0,2,1,0,5,"Solid week, workload was manageable and the team is in good spirits.",0.705,High
SVC00142,22,4,67,36.4,0,11,5.92,8,0,0,2,"Usual duty hours, a bit tired but okay overall.",0.55,Medium
SVC00142,22,4,85,68.0,6,11,3.96,15,0,0,7,"Usual duty hours, a bit tired but okay overall.",0.537,Medium
SVC00142,22,4,28,45.8,5,4,7.15,10,1,0,6,"Routine day, nothing much to report.",0.499,Medium
SVC00143,39,21,5,68.3,23,3,7.83,0,0,0,6,"Nothing unusual, just getting through the schedule.",0.601,Medium
SVC00143,39,21,7,40.5,5,3,7.04,5,0,0,9,"Usual duty hours, a bit tired but okay overall.",0.46,Medium
SVC00143,39,21,51,57.7,28,5,4.53,4,0,0,6,"Struggling to cope, everything feels overwhelming lately.",0.765,High
SVC00143,39,21,82,49.9,22,12,7.63,10,0,0,6,"Good day today, training went well and I got some rest.",0.49,Medium
SVC00143,39,21,73,45.1,5,7,4.7,9,0,1,4,"Been a normal week, keeping busy with regular tasks.",0.495,Medium
SVC00143,39,21,30,43.8,13,4,5.78,4,0,0,3,"Been a normal week, keeping busy with regular tasks.",0.541,Medium
SVC00144,33,14,11,32.6,17,12,6.91,6,0,1,6,"Standard patrol schedule, no major issues.",0.422,Medium
SVC00144,33,14,10,72.5,13,1,5.47,14,0,0,8,"Been a normal week, keeping busy with regular tasks.",0.453,Medium
SVC00144,33,14,39,56.4,15,10,6.85,11,1,0,3,"Been a normal week, keeping busy with regular tasks.",0.561,Medium
SVC00144,33,14,86,52.0,21,5,6.97,12,0,0,7,"Nothing unusual, just getting through the schedule.",0.542,Medium
SVC00144,33,14,5,58.3,2,0,5.4,16,1,0,6,The back-to-back duty shifts are wearing me down badly.,0.475,Medium
SVC00144,33,14,53,53.3,6,0,6.07,8,0,0,7,"Standard patrol schedule, no major issues.",0.508,Medium
SVC00145,52,6,15,37.9,0,4,6.72,18,0,0,9,"Feeling steady. Caught up with family on call, that helped a lot.",0.276,Low
SVC00145,52,6,72,38.4,18,1,6.44,5,0,0,10,"Been a normal week, keeping busy with regular tasks.",0.633,Medium
SVC00145,52,6,63,43.1,17,7,6.56,13,0,0,6,"Standard patrol schedule, no major issues.",0.536,Medium
SVC00145,52,6,62,68.0,16,4,5.76,8,0,0,2,"Usual duty hours, a bit tired but okay overall.",0.898,High
SVC00145,52,6,41,48.3,13,12,5.79,16,0,0,8,"Standard patrol schedule, no major issues.",0.406,Medium
SVC00145,52,6,85,60.7,9,11,4.89,6,1,0,3,"Extremely exhausted, haven't slept properly in days.",0.769,High
SVC00146,25,5,83,51.1,28,0,5.53,15,0,0,2,"Been a normal week, keeping busy with regular tasks.",0.8,High
SVC00146,25,5,21,58.2,15,12,7.02,5,0,1,6,"Good day today, training went well and I got some rest.",0.545,Medium
SVC00146,25,5,90,57.8,17,7,8.82,12,1,0,1,"Nothing unusual, just getting through the schedule.",0.718,High
SVC00146,25,5,86,49.2,23,8,6.51,12,0,1,7,"Slept well last night, feeling fresh for duty.",0.736,High
SVC00146,25,5,10,51.0,2,2,6.07,5,1,0,4,"Nothing unusual, just getting through the schedule.",0.412,Medium
SVC00146,25,5,67,63.3,10,9,6.57,5,0,0,8,"Nothing unusual, just getting through the schedule.",0.529,Medium
SVC00147,45,15,27,72.5,13,3,8.54,3,0,0,3,"Nothing unusual, just getting through the schedule.",0.633,Medium
SVC00147,45,15,63,54.9,10,9,5.46,18,0,1,9,"Usual duty hours, a bit tired but okay overall.",0.439,Medium
SVC00147,45,15,56,50.0,14,8,3.87,6,0,0,6,"Usual duty hours, a bit tired but okay overall.",0.483,Medium
SVC00147,45,15,39,42.6,29,9,6.63,11,1,0,1,"Nothing unusual, just getting through the schedule.",0.639,Medium
SVC00147,45,15,59,38.1,1,6,5.7,15,0,1,1,"Routine day, nothing much to report.",0.459,Medium
SVC00147,45,15,67,53.8,26,2,6.43,3,0,0,8,"Been a normal week, keeping busy with regular tasks.",0.758,High
SVC00148,39,12,62,41.0,2,14,5.81,2,0,0,2,"Been a normal week, keeping busy with regular tasks.",0.489,Medium
SVC00148,39,12,82,54.8,25,12,6.13,6,0,0,6,"Struggling to cope, everything feels overwhelming lately.",0.735,High
SVC00148,39,12,23,54.6,0,8,5.98,2,1,0,3,"Been a normal week, keeping busy with regular tasks.",0.535,Medium
SVC00148,39,12,62,68.0,12,6,6.54,6,2,0,4,"Struggling to cope, everything feels overwhelming lately.",0.779,High
SVC00148,39,12,44,39.6,26,6,5.84,7,2,0,3,"Usual duty hours, a bit tired but okay overall.",0.603,Medium
SVC00148,39,12,54,49.0,2,1,6.99,12,0,0,10,"Usual duty hours, a bit tired but okay overall.",0.413,Medium
SVC00149,43,25,70,54.5,11,9,6.46,6,0,0,9,"Routine day, nothing much to report.",0.504,Medium
SVC00149,43,25,2,65.7,24,7,7.86,3,0,0,1,"Standard patrol schedule, no major issues.",0.55,Medium
SVC00149,43,25,32,57.5,7,1,5.66,4,0,0,6,"Standard patrol schedule, no major issues.",0.649,Medium
SVC00149,43,25,11,54.5,18,0,4.32,12,0,0,8,"Been a normal week, keeping busy with regular tasks.",0.456,Medium
SVC00149,43,25,2,37.9,18,0,5.78,19,0,0,1,"Been a normal week, keeping busy with regular tasks.",0.395,Low
SVC00149,43,25,46,56.9,27,14,5.01,2,0,0,2,"Struggling to cope, everything feels overwhelming lately.",0.688,High
SVC00150,36,18,69,59.8,23,5,6.58,15,0,0,7,"Nothing unusual, just getting through the schedule.",0.62,Medium
SVC00150,36,18,51,55.6,21,10,5.07,0,0,0,8,"Usual duty hours, a bit tired but okay overall.",0.546,Medium
SVC00150,36,18,75,53.2,27,3,6.47,9,0,0,2,Really frustrated and anxious about the extended deployment.,0.813,High
SVC00150,36,18,24,63.0,25,5,5.56,2,1,0,8,"Been a normal week, keeping busy with regular tasks.",0.561,Medium
SVC00150,36,18,44,40.4,23,0,4.82,3,0,0,1,"Usual duty hours, a bit tired but okay overall.",0.585,Medium
SVC00150,36,18,51,52.4,29,7,8.38,14,0,0,5,"Feeling steady. Caught up with family on call, that helped a lot.",0.504,Medium
SVC00151,49,6,30,60.5,11,8,5.22,11,0,0,7,"Been a normal week, keeping busy with regular tasks.",0.499,Medium
SVC00151,49,6,11,58.5,12,11,5.83,15,0,1,1,"Standard patrol schedule, no major issues.",0.585,Medium
SVC00151,49,6,0,47.9,29,5,9.04,6,0,0,8,"Nothing unusual, just getting through the schedule.",0.505,Medium
SVC00151,49,6,69,30.0,19,14,6.22,17,0,1,8,"Nothing unusual, just getting through the schedule.",0.344,Low
SVC00151,49,6,49,37.8,2,12,8.02,7,0,0,10,"Routine day, nothing much to report.",0.36,Low
SVC00151,49,6,36,54.6,4,13,6.53,11,0,0,3,"Usual duty hours, a bit tired but okay overall.",0.42,Medium
SVC00152,33,6,13,58.7,12,8,5.85,5,1,0,9,"Nothing unusual, just getting through the schedule.",0.378,Low
SVC00152,33,6,77,33.3,0,1,7.09,7,0,0,1,"Routine day, nothing much to report.",0.536,Medium
SVC00152,33,6,79,50.9,1,11,6.87,16,1,0,4,"Usual duty hours, a bit tired but okay overall.",0.362,Low
SVC00152,33,6,85,50.6,3,0,2.5,14,0,0,1,"Routine day, nothing much to report.",0.652,High
SVC00152,33,6,64,51.7,6,3,6.5,10,0,0,2,"Routine day, nothing much to report.",0.59,Medium
SVC00152,33,6,17,50.1,5,11,7.25,6,0,0,10,"Been a normal week, keeping busy with regular tasks.",0.37,Low
SVC00153,28,10,33,66.4,23,6,5.58,19,0,0,3,"Standard patrol schedule, no major issues.",0.596,Medium
SVC00153,28,10,37,66.1,8,0,5.24,13,0,0,5,"Struggling to cope, everything feels overwhelming lately.",0.663,High
SVC00153,28,10,31,79.5,25,4,5.78,10,0,1,10,"Feeling isolated, it's been weeks since I saw my family.",0.657,High
SVC00153,28,10,84,51.7,9,1,6.01,17,0,0,8,"Standard patrol schedule, no major issues.",0.615,Medium
SVC00153,28,10,14,57.2,0,7,4.22,3,0,0,10,"Standard patrol schedule, no major issues.",0.483,Medium
SVC00153,28,10,0,30.0,12,3,6.2,5,0,0,8,"Solid week, workload was manageable and the team is in good spirits.",0.338,Low
SVC00154,31,13,83,69.0,26,5,7.62,16,0,0,1,"Struggling to cope, everything feels overwhelming lately.",0.789,High
SVC00154,31,13,26,46.7,19,12,5.94,11,0,0,10,"Extremely exhausted, haven't slept properly in days.",0.444,Medium
SVC00154,31,13,2,53.6,4,13,6.77,16,0,0,2,"Solid week, workload was manageable and the team is in good spirits.",0.394,Low
SVC00154,31,13,9,47.8,30,10,8.18,17,0,0,7,"Routine day, nothing much to report.",0.532,Medium
SVC00154,31,13,79,57.5,16,9,7.2,0,0,0,1,"Feeling steady. Caught up with family on call, that helped a lot.",0.774,High
SVC00154,31,13,59,48.8,19,10,6.83,10,2,0,4,"Routine day, nothing much to report.",0.57,Medium
SVC00155,48,29,2,61.0,16,13,5.84,1,0,0,9,"Nothing unusual, just getting through the schedule.",0.445,Medium
SVC00155,48,29,32,60.2,28,1,6.05,14,0,0,4,"Routine day, nothing much to report.",0.548,Medium
SVC00155,48,29,37,33.9,20,5,3.61,7,1,0,6,"Usual duty hours, a bit tired but okay overall.",0.602,Medium
SVC00155,48,29,90,56.7,13,12,7.8,11,0,0,10,"Usual duty hours, a bit tired but okay overall.",0.57,Medium
SVC00155,48,29,32,63.3,22,10,4.66,12,0,0,3,"Standard patrol schedule, no major issues.",0.537,Medium
SVC00155,48,29,11,68.8,13,10,5.52,18,0,0,4,"Nothing unusual, just getting through the schedule.",0.36,Low
SVC00156,20,1,8,35.8,0,7,5.16,18,0,0,7,"Had a great time during the sports session, morale is high.",0.187,Low
SVC00156,20,1,54,73.5,3,5,5.49,5,0,0,10,"Standard patrol schedule, no major issues.",0.559,Medium
SVC00156,20,1,66,59.0,10,3,7.36,6,0,1,9,"Routine day, nothing much to report.",0.43,Medium
SVC00156,20,1,39,71.5,4,2,7.5,19,0,0,7,"Feeling isolated, it's been weeks since I saw my family.",0.5,Medium
SVC00156,20,1,13,64.7,26,10,6.94,5,0,0,1,"Extremely exhausted, haven't slept properly in days.",0.68,High
SVC00156,20,1,11,55.7,18,6,7.1,13,0,0,10,"Slept well last night, feeling fresh for duty.",0.363,Low
SVC00157,27,2,61,71.4,14,3,4.07,1,0,0,4,"Routine day, nothing much to report.",0.574,Medium
SVC00157,27,2,88,71.1,1,13,8.48,3,0,0,2,"Slept well last night, feeling fresh for duty.",0.636,Medium
SVC00157,27,2,90,62.4,17,3,4.03,7,0,0,8,"Usual duty hours, a bit tired but okay overall.",0.659,High
SVC00157,27,2,37,56.4,0,6,4.18,18,0,0,6,"Been a normal week, keeping busy with regular tasks.",0.381,Low
SVC00157,27,2,56,55.9,3,11,6.11,19,1,0,4,"Been a normal week, keeping busy with regular tasks.",0.439,Medium
SVC00157,27,2,10,57.5,9,9,3.4,5,0,0,3,"Usual duty hours, a bit tired but okay overall.",0.481,Medium
SVC00158,36,6,67,30.0,13,0,8.05,0,0,0,3,"Slept well last night, feeling fresh for duty.",0.508,Medium
SVC00158,36,6,34,53.2,13,1,6.33,15,2,0,8,"Routine day, nothing much to report.",0.389,Low
SVC00158,36,6,30,39.6,11,0,7.05,18,0,0,10,"Been a normal week, keeping busy with regular tasks.",0.391,Low
SVC00158,36,6,72,56.9,23,13,8.97,4,0,0,4,"Feeling steady. Caught up with family on call, that helped a lot.",0.676,High
SVC00158,36,6,81,52.6,15,14,8.06,7,0,0,4,"Been a normal week, keeping busy with regular tasks.",0.497,Medium
SVC00158,36,6,0,45.2,10,13,7.8,15,0,0,3,"Nothing unusual, just getting through the schedule.",0.361,Low
SVC00159,34,16,66,36.4,21,5,4.98,3,0,0,5,Really frustrated and anxious about the extended deployment.,0.718,High
SVC00159,34,16,66,59.7,23,1,7.86,12,0,0,2,"Solid week, workload was manageable and the team is in good spirits.",0.737,High
SVC00159,34,16,86,32.0,13,7,7.27,3,0,0,5,"Routine day, nothing much to report.",0.478,Medium
SVC00159,34,16,7,45.7,3,12,5.31,1,0,0,1,"Slept well last night, feeling fresh for duty.",0.547,Medium
SVC00159,34,16,46,44.9,2,13,4.16,7,0,0,8,"Standard patrol schedule, no major issues.",0.259,Low
SVC00159,34,16,31,48.8,23,3,5.62,2,0,0,3,"Feeling isolated, it's been weeks since I saw my family.",0.594,Medium
SVC00160,53,25,11,54.1,22,6,6.91,2,0,0,5,"Standard patrol schedule, no major issues.",0.604,Medium
SVC00160,53,25,79,30.0,18,14,5.13,7,0,0,5,"Standard patrol schedule, no major issues.",0.521,Medium
SVC00160,53,25,58,45.3,9,12,6.97,0,0,0,1,"Nothing unusual, just getting through the schedule.",0.508,Medium
SVC00160,53,25,63,49.9,1,11,6.07,13,0,0,4,"Slept well last night, feeling fresh for duty.",0.476,Medium
SVC00160,53,25,51,59.2,18,11,4.97,5,0,0,1,"Been a normal week, keeping busy with regular tasks.",0.638,Medium
SVC00160,53,25,37,57.7,25,0,6.34,15,0,0,2,"Nothing unusual, just getting through the schedule.",0.61,Medium
SVC00161,39,21,13,57.6,10,12,5.71,9,0,1,8,"Usual duty hours, a bit tired but okay overall.",0.4,Medium
SVC00161,39,21,21,54.8,10,9,7.75,5,0,0,6,"Nothing unusual, just getting through the schedule.",0.402,Medium
SVC00161,39,21,78,42.7,29,10,6.94,12,0,0,7,"Been a normal week, keeping busy with regular tasks.",0.528,Medium
SVC00161,39,21,44,52.1,11,10,5.81,13,0,0,4,"Standard patrol schedule, no major issues.",0.414,Medium
SVC00161,39,21,67,48.3,13,14,5.59,9,0,0,1,"Standard patrol schedule, no major issues.",0.361,Low
SVC00161,39,21,12,44.1,7,10,7.76,5,0,0,5,"Routine day, nothing much to report.",0.439,Medium
SVC00162,39,21,25,54.5,17,2,5.9,3,0,0,10,"Routine day, nothing much to report.",0.473,Medium
SVC00162,39,21,49,53.4,7,3,3.33,4,0,0,10,"Routine day, nothing much to report.",0.583,Medium
SVC00162,39,21,12,43.1,1,2,3.76,7,1,0,10,"Feeling steady. Caught up with family on call, that helped a lot.",0.391,Low
SVC00162,39,21,90,45.2,6,13,7.08,11,0,0,2,"Routine day, nothing much to report.",0.578,Medium
SVC00162,39,21,26,58.9,30,13,8.04,15,0,1,10,"Nothing unusual, just getting through the schedule.",0.476,Medium
SVC00162,39,21,88,51.1,7,1,5.1,10,1,1,5,"Standard patrol schedule, no major issues.",0.542,Medium
SVC00163,47,3,69,30.7,30,6,6.41,13,0,0,10,"Standard patrol schedule, no major issues.",0.488,Medium
SVC00163,47,3,62,31.8,5,1,4.74,1,0,0,1,Really frustrated and anxious about the extended deployment.,0.513,Medium
SVC00163,47,3,80,40.7,9,4,6.11,17,0,0,10,"Nothing unusual, just getting through the schedule.",0.393,Low
SVC00163,47,3,52,52.9,1,1,4.87,2,0,0,3,"Routine day, nothing much to report.",0.536,Medium
SVC00163,47,3,83,30.0,14,12,3.76,4,0,2,8,"Routine day, nothing much to report.",0.5,Medium
SVC00163,47,3,25,45.4,27,10,6.4,10,1,0,2,"Routine day, nothing much to report.",0.523,Medium
SVC00164,20,2,33,49.5,14,10,5.59,4,0,0,2,"Standard patrol schedule, no major issues.",0.559,Medium
SVC00164,20,2,22,57.0,9,1,6.39,13,0,0,2,"Routine day, nothing much to report.",0.48,Medium
SVC00164,20,2,50,47.7,4,10,9.5,12,0,0,1,Really frustrated and anxious about the extended deployment.,0.489,Medium
SVC00164,20,2,30,60.9,26,2,5.86,10,0,0,5,"Routine day, nothing much to report.",0.627,Medium
SVC00164,20,2,86,55.0,15,12,6.9,6,0,0,8,"Routine day, nothing much to report.",0.601,Medium
SVC00164,20,2,75,56.6,5,6,5.8,10,1,1,9,"Struggling to cope, everything feels overwhelming lately.",0.672,High
SVC00165,25,7,63,41.8,2,13,5.51,14,0,1,8,"Slept well last night, feeling fresh for duty.",0.226,Low
SVC00165,25,7,1,39.5,11,6,5.44,13,1,0,4,"Been a normal week, keeping busy with regular tasks.",0.385,Low
SVC00165,25,7,60,60.5,25,11,5.13,5,0,0,10,"Routine day, nothing much to report.",0.504,Medium
SVC00165,25,7,46,51.9,13,3,4.51,4,0,0,4,"Routine day, nothing much to report.",0.537,Medium
SVC00165,25,7,41,41.3,1,8,7.49,7,0,0,5,"Nothing unusual, just getting through the schedule.",0.288,Low
SVC00165,25,7,24,58.4,29,12,5.47,17,2,0,6,"Routine day, nothing much to report.",0.628,Medium
SVC00166,36,13,49,47.8,17,14,6.73,19,0,0,5,"Nothing unusual, just getting through the schedule.",0.351,Low
SVC00166,36,13,0,35.1,4,0,4.05,3,0,0,4,"Usual duty hours, a bit tired but okay overall.",0.519,Medium
SVC00166,36,13,6,36.4,4,5,9.5,1,1,0,4,"Slept well last night, feeling fresh for duty.",0.381,Low
SVC00166,36,13,71,40.6,17,12,6.68,1,0,0,9,"Been a normal week, keeping busy with regular tasks.",0.381,Low
SVC00166,36,13,7,60.3,2,0,8.61,16,0,0,10,"Feeling steady. Caught up with family on call, that helped a lot.",0.273,Low
SVC00166,36,13,25,63.2,7,11,5.97,18,0,1,1,"Routine day, nothing much to report.",0.583,Medium
SVC00167,35,6,25,53.2,20,6,5.68,7,0,0,1,The back-to-back duty shifts are wearing me down badly.,0.679,High
SVC00167,35,6,76,51.1,7,14,6.46,7,0,0,4,"Routine day, nothing much to report.",0.458,Medium
SVC00167,35,6,47,49.9,22,3,6.05,9,0,0,1,"Nothing unusual, just getting through the schedule.",0.636,Medium
SVC00167,35,6,22,44.4,12,10,7.48,17,0,0,4,"Routine day, nothing much to report.",0.371,Low
SVC00167,35,6,9,84.4,7,9,5.66,6,0,0,9,"Routine day, nothing much to report.",0.486,Medium
SVC00167,35,6,47,49.8,13,3,6.21,7,1,0,3,The back-to-back duty shifts are wearing me down badly.,0.654,High
SVC00168,26,7,55,46.3,29,0,7.07,6,0,0,1,"Extremely exhausted, haven't slept properly in days.",0.791,High
SVC00168,26,7,79,61.0,6,0,6.94,6,0,0,8,"Usual duty hours, a bit tired but okay overall.",0.554,Medium
SVC00168,26,7,87,43.5,6,0,6.16,11,1,1,4,"Standard patrol schedule, no major issues.",0.459,Medium
SVC00168,26,7,4,62.0,13,7,8.21,13,0,0,6,"Routine day, nothing much to report.",0.471,Medium
SVC00168,26,7,77,50.0,17,2,7.06,1,1,0,9,"Standard patrol schedule, no major issues.",0.627,Medium
SVC00168,26,7,19,55.7,30,12,6.47,7,0,0,4,"Been a normal week, keeping busy with regular tasks.",0.629,Medium
SVC00169,25,7,9,60.8,7,9,6.42,3,0,0,6,"Extremely exhausted, haven't slept properly in days.",0.391,Low
SVC00169,25,7,85,52.1,13,4,5.46,15,0,0,3,"Usual duty hours, a bit tired but okay overall.",0.515,Medium
SVC00169,25,7,13,35.5,25,7,8.3,3,0,0,10,"Been a normal week, keeping busy with regular tasks.",0.436,Medium
SVC00169,25,7,54,30.0,26,8,7.3,15,1,0,1,"Routine day, nothing much to report.",0.531,Medium
SVC00169,25,7,84,55.3,25,14,7.44,15,1,0,6,"Been a normal week, keeping busy with regular tasks.",0.569,Medium
SVC00169,25,7,0,45.3,21,14,7.15,15,0,0,6,"Slept well last night, feeling fresh for duty.",0.347,Low
SVC00170,54,11,35,55.9,17,5,5.81,2,0,0,6,"Standard patrol schedule, no major issues.",0.62,Medium
SVC00170,54,11,14,56.8,30,10,7.44,0,0,0,8,"Been a normal week, keeping busy with regular tasks.",0.643,Medium
SVC00170,54,11,22,58.5,27,1,6.66,5,0,0,7,"Nothing unusual, just getting through the schedule.",0.52,Medium
SVC00170,54,11,27,49.4,17,2,7.29,0,0,0,2,"Usual duty hours, a bit tired but okay overall.",0.615,Medium
SVC00170,54,11,74,30.0,9,10,5.5,3,0,0,8,"Been a normal week, keeping busy with regular tasks.",0.357,Low
SVC00170,54,11,40,53.0,3,14,6.25,11,0,0,1,"Nothing unusual, just getting through the schedule.",0.42,Medium
SVC00171,45,21,8,37.6,20,9,3.75,10,0,0,8,"Been a normal week, keeping busy with regular tasks.",0.465,Medium
SVC00171,45,21,1,70.2,11,8,7.04,15,0,0,10,"Usual duty hours, a bit tired but okay overall.",0.521,Medium
SVC00171,45,21,26,64.4,19,5,5.95,7,0,0,4,"Usual duty hours, a bit tired but okay overall.",0.639,Medium
SVC00171,45,21,43,30.0,6,10,7.74,9,0,0,1,"Good day today, training went well and I got some rest.",0.456,Medium
SVC00171,45,21,49,30.0,9,1,5.93,10,0,1,10,"Been a normal week, keeping busy with regular tasks.",0.435,Medium
SVC00171,45,21,48,58.9,22,14,7.16,5,1,0,2,"Feeling isolated, it's been weeks since I saw my family.",0.705,High
SVC00172,42,17,52,35.9,27,1,3.76,6,0,0,9,"Feeling isolated, it's been weeks since I saw my family.",0.677,High
SVC00172,42,17,45,34.0,21,7,6.35,6,1,0,5,"Nothing unusual, just getting through the schedule.",0.543,Medium
SVC00172,42,17,37,36.1,13,2,6.32,17,0,1,4,"Routine day, nothing much to report.",0.393,Low
SVC00172,42,17,25,46.6,17,1,5.64,7,0,0,7,"Standard patrol schedule, no major issues.",0.552,Medium
SVC00172,42,17,34,49.0,24,10,6.9,14,0,0,7,"Been a normal week, keeping busy with regular tasks.",0.492,Medium
SVC00172,42,17,59,56.2,4,1,5.47,13,0,0,8,"Routine day, nothing much to report.",0.412,Medium
SVC00173,47,4,49,30.0,19,4,6.87,13,1,0,5,Really frustrated and anxious about the extended deployment.,0.504,Medium
SVC00173,47,4,73,54.8,2,4,5.57,3,0,0,10,"Nothing unusual, just getting through the schedule.",0.354,Low
SVC00173,47,4,29,76.7,13,0,5.37,12,0,0,10,"Standard patrol schedule, no major issues.",0.512,Medium
SVC00173,47,4,20,43.0,1,1,6.57,4,0,1,4,"Extremely exhausted, haven't slept properly in days.",0.42,Medium
SVC00173,47,4,44,36.1,14,4,7.6,11,0,0,7,"Feeling steady. Caught up with family on call, that helped a lot.",0.325,Low
SVC00173,47,4,34,37.2,25,13,5.7,2,1,0,5,"Standard patrol schedule, no major issues.",0.476,Medium
SVC00174,47,28,13,74.6,10,1,4.98,6,0,0,10,"Been a normal week, keeping busy with regular tasks.",0.493,Medium
SVC00174,47,28,32,53.5,11,0,7.04,2,1,0,2,"Routine day, nothing much to report.",0.601,Medium
SVC00174,47,28,75,34.5,27,3,5.15,4,0,0,5,"Feeling steady. Caught up with family on call, that helped a lot.",0.643,Medium
SVC00174,47,28,55,66.0,8,0,5.98,14,0,0,1,"Routine day, nothing much to report.",0.458,Medium
SVC00174,47,28,86,81.5,19,4,3.91,15,1,0,1,"Struggling to cope, everything feels overwhelming lately.",0.821,High
SVC00174,47,28,81,47.9,23,7,7.84,9,0,0,5,"Usual duty hours, a bit tired but okay overall.",0.58,Medium
SVC00175,46,1,78,39.5,0,2,7.79,14,0,0,3,"Feeling steady. Caught up with family on call, that helped a lot.",0.515,Medium
SVC00175,46,1,65,60.7,25,10,6.75,8,0,0,8,"Standard patrol schedule, no major issues.",0.565,Medium
SVC00175,46,1,48,53.0,13,5,5.96,17,0,0,8,"Been a normal week, keeping busy with regular tasks.",0.52,Medium
SVC00175,46,1,36,61.9,11,0,8.11,15,0,0,4,"Nothing unusual, just getting through the schedule.",0.588,Medium
SVC00175,46,1,3,60.9,1,11,5.28,14,0,0,10,"Solid week, workload was manageable and the team is in good spirits.",0.285,Low
SVC00175,46,1,41,45.4,11,8,5.5,16,0,0,9,"Usual duty hours, a bit tired but okay overall.",0.421,Medium
SVC00176,28,10,53,43.0,6,3,4.83,17,0,0,4,"Routine day, nothing much to report.",0.579,Medium
SVC00176,28,10,39,77.7,1,9,4.08,13,0,1,4,"Feeling steady. Caught up with family on call, that helped a lot.",0.564,Medium
SVC00176,28,10,45,51.9,5,4,6.23,10,0,0,9,"Nothing unusual, just getting through the schedule.",0.472,Medium
SVC00176,28,10,38,42.4,26,14,6.75,8,0,0,7,"Standard patrol schedule, no major issues.",0.447,Medium
SVC00176,28,10,11,61.0,5,1,6.67,8,0,1,5,"Routine day, nothing much to report.",0.601,Medium
SVC00176,28,10,46,33.4,5,6,8.53,15,0,0,6,"Been a normal week, keeping busy with regular tasks.",0.433,Medium
SVC00177,28,10,17,50.4,23,5,5.55,13,0,0,6,"Been a normal week, keeping busy with regular tasks.",0.504,Medium
SVC00177,28,10,84,41.2,8,10,5.93,9,0,1,10,"Good day today, training went well and I got some rest.",0.342,Low
SVC00177,28,10,51,79.6,9,12,6.0,7,0,0,5,"Been a normal week, keeping busy with regular tasks.",0.64,Medium
SVC00177,28,10,44,57.0,3,10,5.72,17,0,0,2,"Usual duty hours, a bit tired but okay overall.",0.385,Low
SVC00177,28,10,39,66.8,1,14,6.89,16,0,0,1,"Been a normal week, keeping busy with regular tasks.",0.346,Low
SVC00177,28,10,51,51.2,29,7,6.52,9,0,0,7,"Routine day, nothing much to report.",0.575,Medium
SVC00178,30,4,57,54.2,28,2,5.28,17,0,0,10,"Routine day, nothing much to report.",0.611,Medium
SVC00178,30,4,4,55.4,18,13,7.36,11,0,0,10,"Good day today, training went well and I got some rest.",0.267,Low
SVC00178,30,4,18,46.0,15,10,5.59,9,0,0,3,"Usual duty hours, a bit tired but okay overall.",0.498,Medium
SVC00178,30,4,28,42.7,30,7,3.46,18,0,0,1,"Standard patrol schedule, no major issues.",0.557,Medium
SVC00178,30,4,24,64.8,13,7,4.66,12,0,0,8,"Been a normal week, keeping busy with regular tasks.",0.51,Medium
SVC00178,30,4,25,84.3,23,4,6.78,4,1,0,10,"Slept well last night, feeling fresh for duty.",0.667,High
SVC00179,53,17,63,73.2,26,3,5.88,0,0,0,4,"Struggling to cope, everything feels overwhelming lately.",0.718,High
SVC00179,53,17,51,56.4,24,6,5.57,3,0,1,2,"Extremely exhausted, haven't slept properly in days.",0.812,High
SVC00179,53,17,45,51.4,26,14,6.77,3,0,0,4,"Usual duty hours, a bit tired but okay overall.",0.592,Medium
SVC00179,53,17,36,61.8,15,7,6.55,14,2,0,2,"Nothing unusual, just getting through the schedule.",0.558,Medium
SVC00179,53,17,57,51.4,8,1,3.15,4,0,0,7,"Nothing unusual, just getting through the schedule.",0.61,Medium
SVC00179,53,17,81,74.2,9,5,6.95,16,0,0,7,"Been a normal week, keeping busy with regular tasks.",0.605,Medium
SVC00180,41,23,70,34.9,28,1,5.85,10,0,0,8,The back-to-back duty shifts are wearing me down badly.,0.656,High
SVC00180,41,23,83,45.6,21,0,5.84,5,2,0,6,"Solid week, workload was manageable and the team is in good spirits.",0.792,High
SVC00180,41,23,65,47.0,29,1,6.41,2,0,0,9,"Feeling isolated, it's been weeks since I saw my family.",0.655,High
SVC00180,41,23,87,64.0,10,3,6.43,15,2,0,10,"Feeling isolated, it's been weeks since I saw my family.",0.632,Medium
SVC00180,41,23,53,44.8,4,8,7.23,13,0,1,10,"Feeling steady. Caught up with family on call, that helped a lot.",0.344,Low
SVC00180,41,23,50,39.9,2,2,7.83,16,0,0,8,"Routine day, nothing much to report.",0.361,Low
SVC00181,49,6,85,37.8,10,6,5.73,11,0,0,7,"Nothing unusual, just getting through the schedule.",0.55,Medium
SVC00181,49,6,35,53.7,13,11,5.28,1,0,0,8,"Standard patrol schedule, no major issues.",0.574,Medium
SVC00181,49,6,12,35.2,18,9,5.29,2,0,0,5,"Routine day, nothing much to report.",0.51,Medium
SVC00181,49,6,41,31.3,9,7,5.38,5,0,0,9,"Standard patrol schedule, no major issues.",0.473,Medium
SVC00181,49,6,33,42.4,24,14,6.39,11,0,0,3,"Routine day, nothing much to report.",0.53,Medium
SVC00181,49,6,34,56.8,5,10,4.42,0,0,0,8,"Nothing unusual, just getting through the schedule.",0.521,Medium
SVC00182,37,6,62,45.3,9,12,8.67,12,0,1,2,"Been a normal week, keeping busy with regular tasks.",0.458,Medium
SVC00182,37,6,88,49.6,26,8,5.29,14,0,0,7,"Routine day, nothing much to report.",0.639,Medium
SVC00182,37,6,29,33.2,15,12,5.85,0,0,0,3,"Been a normal week, keeping busy with regular tasks.",0.556,Medium
SVC00182,37,6,30,55.6,26,10,6.37,14,0,0,5,"Slept well last night, feeling fresh for duty.",0.443,Medium
SVC00182,37,6,38,73.5,6,8,5.37,5,0,0,8,"Routine day, nothing much to report.",0.458,Medium
SVC00182,37,6,6,59.4,23,2,7.56,11,0,0,5,"Standard patrol schedule, no major issues.",0.437,Medium
SVC00183,48,28,77,46.5,6,12,8.43,14,2,0,5,"Been a normal week, keeping busy with regular tasks.",0.514,Medium
SVC00183,48,28,10,60.6,0,9,6.18,2,0,0,9,"Been a normal week, keeping busy with regular tasks.",0.377,Low
SVC00183,48,28,16,55.0,18,14,7.94,11,0,0,7,"Nothing unusual, just getting through the schedule.",0.453,Medium
SVC00183,48,28,16,60.4,21,4,6.07,12,0,0,8,"Been a normal week, keeping busy with regular tasks.",0.61,Medium
SVC00183,48,28,3,48.1,13,14,8.36,0,0,0,8,"Standard patrol schedule, no major issues.",0.395,Low
SVC00183,48,28,3,40.4,29,14,6.35,9,0,0,5,"Been a normal week, keeping busy with regular tasks.",0.511,Medium
SVC00184,52,29,71,46.0,26,11,5.97,2,0,0,5,"Usual duty hours, a bit tired but okay overall.",0.606,Medium
SVC00184,52,29,24,60.0,17,2,6.44,10,0,0,5,"Routine day, nothing much to report.",0.516,Medium
SVC00184,52,29,87,33.2,21,13,6.29,16,0,0,6,"Standard patrol schedule, no major issues.",0.472,Medium
SVC00184,52,29,20,39.2,1,2,7.07,8,0,0,8,"Nothing unusual, just getting through the schedule.",0.251,Low
SVC00184,52,29,18,72.7,15,11,6.38,12,0,1,8,"Been a normal week, keeping busy with regular tasks.",0.45,Medium
SVC00184,52,29,76,54.9,5,4,6.06,16,1,0,8,"Feeling steady. Caught up with family on call, that helped a lot.",0.514,Medium
SVC00185,50,2,9,36.1,4,0,6.56,10,0,0,6,"Usual duty hours, a bit tired but okay overall.",0.411,Medium
SVC00185,50,2,39,45.2,18,0,5.27,14,0,0,1,"Been a normal week, keeping busy with regular tasks.",0.599,Medium
SVC00185,50,2,88,60.1,29,2,5.26,3,0,0,7,"Been a normal week, keeping busy with regular tasks.",0.745,High
SVC00185,50,2,84,50.1,13,6,6.96,0,0,0,1,"Routine day, nothing much to report.",0.752,High
SVC00185,50,2,79,39.8,3,3,6.28,15,0,0,1,"Usual duty hours, a bit tired but okay overall.",0.549,Medium
SVC00185,50,2,35,55.6,1,6,6.78,10,0,0,3,"Been a normal week, keeping busy with regular tasks.",0.468,Medium
SVC00186,28,10,74,68.8,20,8,6.06,7,0,0,5,The back-to-back duty shifts are wearing me down badly.,0.686,High
SVC00186,28,10,8,37.1,1,11,8.21,19,0,0,6,"Usual duty hours, a bit tired but okay overall.",0.285,Low
SVC00186,28,10,4,71.6,7,2,6.0,6,0,0,9,Really frustrated and anxious about the extended deployment.,0.562,Medium
SVC00186,28,10,20,49.2,23,12,6.22,15,0,0,1,"Usual duty hours, a bit tired but okay overall.",0.603,Medium
SVC00186,28,10,62,67.0,11,4,6.41,8,0,0,1,"Feeling isolated, it's been weeks since I saw my family.",0.658,High
SVC00186,28,10,43,30.0,6,0,5.71,12,0,1,1,"Nothing unusual, just getting through the schedule.",0.623,Medium
SVC00187,42,24,84,63.5,18,9,5.44,2,0,0,1,"Struggling to cope, everything feels overwhelming lately.",0.904,High
SVC00187,42,24,26,46.4,11,8,7.12,5,0,0,9,"Routine day, nothing much to report.",0.457,Medium
SVC00187,42,24,45,47.5,27,1,5.71,12,0,1,7,The back-to-back duty shifts are wearing me down badly.,0.679,High
SVC00187,42,24,41,37.5,8,14,7.83,12,0,0,9,"Feeling isolated, it's been weeks since I saw my family.",0.314,Low
SVC00187,42,24,47,61.0,23,13,5.37,19,0,0,4,Really frustrated and anxious about the extended deployment.,0.668,High
SVC00187,42,24,82,43.9,29,11,6.11,10,0,1,5,"Been a normal week, keeping busy with regular tasks.",0.701,High
SVC00188,51,31,36,56.5,21,6,7.7,8,0,0,6,"Been a normal week, keeping busy with regular tasks.",0.539,Medium
SVC00188,51,31,12,38.5,27,3,3.47,8,0,0,10,"Standard patrol schedule, no major issues.",0.663,High
SVC00188,51,31,51,53.8,12,12,4.49,11,0,0,4,"Routine day, nothing much to report.",0.561,Medium
SVC00188,51,31,65,38.9,27,11,4.25,14,0,0,8,"Usual duty hours, a bit tired but okay overall.",0.544,Medium
SVC00188,51,31,52,45.1,26,11,7.62,5,0,0,10,"Standard patrol schedule, no major issues.",0.512,Medium
SVC00188,51,31,52,58.6,13,10,6.65,19,0,0,6,"Routine day, nothing much to report.",0.52,Medium
SVC00189,24,6,38,63.2,8,12,4.46,10,1,0,2,"Usual duty hours, a bit tired but okay overall.",0.657,High
SVC00189,24,6,29,30.0,2,4,8.59,11,1,0,9,"Good day today, training went well and I got some rest.",0.273,Low
SVC00189,24,6,33,37.2,11,6,4.99,18,0,0,8,"Good day today, training went well and I got some rest.",0.336,Low
SVC00189,24,6,37,46.3,3,3,5.86,7,0,0,3,"Been a normal week, keeping busy with regular tasks.",0.508,Medium
SVC00189,24,6,35,77.9,12,1,4.83,8,1,0,4,"Struggling to cope, everything feels overwhelming lately.",0.711,High
SVC00189,24,6,68,60.5,30,10,5.44,12,0,1,8,"Standard patrol schedule, no major issues.",0.61,Medium
SVC00190,43,18,86,45.9,21,13,6.75,16,0,0,10,"Standard patrol schedule, no major issues.",0.544,Medium
SVC00190,43,18,80,38.5,20,13,6.6,17,0,0,8,"Standard patrol schedule, no major issues.",0.581,Medium
SVC00190,43,18,67,36.4,16,11,6.35,8,0,0,10,"Usual duty hours, a bit tired but okay overall.",0.434,Medium
SVC00190,43,18,57,43.8,27,4,8.87,13,1,0,1,"Usual duty hours, a bit tired but okay overall.",0.519,Medium
SVC00190,43,18,85,49.4,7,8,3.79,3,0,1,6,"Nothing unusual, just getting through the schedule.",0.507,Medium
SVC00190,43,18,70,60.6,10,5,5.85,14,0,0,6,"Routine day, nothing much to report.",0.507,Medium
SVC00191,37,19,31,78.6,4,11,7.62,15,0,1,6,"Routine day, nothing much to report.",0.42,Medium
SVC00191,37,19,16,52.0,22,12,5.13,18,0,0,1,"Nothing unusual, just getting through the schedule.",0.399,Low
SVC00191,37,19,60,72.9,2,13,7.66,16,0,0,8,"Nothing unusual, just getting through the schedule.",0.343,Low
SVC00191,37,19,54,55.3,26,0,4.92,4,0,0,9,"Standard patrol schedule, no major issues.",0.63,Medium
SVC00191,37,19,20,68.6,0,6,7.15,15,0,0,7,"Feeling steady. Caught up with family on call, that helped a lot.",0.27,Low
SVC00191,37,19,15,57.9,7,1,3.67,4,0,0,2,"Routine day, nothing much to report.",0.506,Medium
SVC00192,37,19,58,52.9,7,9,5.89,14,0,0,4,"Feeling isolated, it's been weeks since I saw my family.",0.611,Medium
SVC00192,37,19,42,52.8,16,7,5.96,7,0,0,2,"Extremely exhausted, haven't slept properly in days.",0.677,High
SVC00192,37,19,75,44.1,22,6,5.3,14,1,0,6,"Struggling to cope, everything feels overwhelming lately.",0.689,High
SVC00192,37,19,3,30.0,23,9,7.01,2,0,0,4,"Been a normal week, keeping busy with regular tasks.",0.429,Medium
SVC00192,37,19,85,74.5,7,7,6.57,5,0,0,4,"Usual duty hours, a bit tired but okay overall.",0.598,Medium
SVC00192,37,19,72,58.3,1,13,8.85,7,0,0,8,"Nothing unusual, just getting through the schedule.",0.383,Low
SVC00193,45,2,78,46.4,17,3,5.1,0,0,0,2,Really frustrated and anxious about the extended deployment.,0.652,High
SVC00193,45,2,81,50.0,10,7,5.97,2,0,0,3,"Been a normal week, keeping busy with regular tasks.",0.611,Medium
SVC00193,45,2,63,62.3,26,5,8.05,19,0,0,3,"Nothing unusual, just getting through the schedule.",0.573,Medium
SVC00193,45,2,60,83.4,17,7,8.06,17,1,0,3,"Nothing unusual, just getting through the schedule.",0.593,Medium
SVC00193,45,2,77,54.9,7,8,6.01,19,0,0,9,"Nothing unusual, just getting through the schedule.",0.435,Medium
SVC00193,45,2,51,54.0,27,1,7.89,2,0,0,4,"Standard patrol schedule, no major issues.",0.596,Medium
SVC00194,31,13,46,55.6,5,5,6.73,9,0,1,1,"Nothing unusual, just getting through the schedule.",0.6,Medium
SVC00194,31,13,37,70.5,17,0,2.5,10,0,0,5,"Extremely exhausted, haven't slept properly in days.",0.801,High
SVC00194,31,13,29,46.9,8,10,6.56,1,0,0,8,"Standard patrol schedule, no major issues.",0.515,Medium
SVC00194,31,13,38,47.5,13,2,4.15,14,0,1,2,The back-to-back duty shifts are wearing me down badly.,0.719,High
SVC00194,31,13,56,44.5,27,7,6.96,12,0,0,5,"Struggling to cope, everything feels overwhelming lately.",0.656,High
SVC00194,31,13,66,51.6,13,4,5.09,19,0,0,2,"Usual duty hours, a bit tired but okay overall.",0.533,Medium
SVC00195,31,13,42,48.3,14,4,6.27,6,0,0,7,"Routine day, nothing much to report.",0.532,Medium
SVC00195,31,13,37,33.6,14,12,4.49,8,0,0,3,Really frustrated and anxious about the extended deployment.,0.447,Medium
SVC00195,31,13,71,47.6,23,2,6.76,18,0,0,7,"Routine day, nothing much to report.",0.472,Medium
SVC00195,31,13,17,46.4,6,1,7.6,3,1,0,6,"Nothing unusual, just getting through the schedule.",0.455,Medium
SVC00195,31,13,89,63.2,22,8,9.5,13,0,0,3,"Nothing unusual, just getting through the schedule.",0.624,Medium
SVC00195,31,13,64,52.7,27,2,7.62,0,0,0,7,"Standard patrol schedule, no major issues.",0.576,Medium
SVC00196,30,12,30,49.4,9,8,5.07,5,0,0,5,"Been a normal week, keeping busy with regular tasks.",0.516,Medium
SVC00196,30,12,42,42.7,16,9,2.5,19,0,0,4,"Routine day, nothing much to report.",0.614,Medium
SVC00196,30,12,5,51.4,27,1,5.68,9,0,0,7,Really frustrated and anxious about the extended deployment.,0.66,High
SVC00196,30,12,69,38.2,11,4,6.6,15,0,0,1,"Routine day, nothing much to report.",0.628,Medium
SVC00196,30,12,68,78.2,4,10,4.84,15,0,0,4,"Routine day, nothing much to report.",0.56,Medium
SVC00196,30,12,70,66.7,16,14,3.64,17,0,0,7,"Routine day, nothing much to report.",0.58,Medium
SVC00197,34,16,89,30.0,0,4,5.73,10,0,0,10,"Usual duty hours, a bit tired but okay overall.",0.264,Low
SVC00197,34,16,27,35.5,15,0,5.82,16,1,0,3,"Standard patrol schedule, no major issues.",0.511,Medium
SVC00197,34,16,89,65.8,12,3,7.67,1,0,0,5,"Slept well last night, feeling fresh for duty.",0.666,High
SVC00197,34,16,76,55.2,2,13,7.7,15,0,0,3,"Good day today, training went well and I got some rest.",0.347,Low
SVC00197,34,16,24,61.4,7,9,7.37,15,0,0,4,"Standard patrol schedule, no major issues.",0.523,Medium
SVC00197,34,16,71,56.0,21,9,5.87,6,0,0,1,Really frustrated and anxious about the extended deployment.,0.69,High
SVC00198,52,22,64,32.4,6,4,4.16,14,0,0,2,"Standard patrol schedule, no major issues.",0.523,Medium
SVC00198,52,22,63,35.5,13,10,7.24,14,0,0,2,The back-to-back duty shifts are wearing me down badly.,0.403,Medium
SVC00198,52,22,73,45.3,21,5,7.43,0,0,0,7,"Nothing unusual, just getting through the schedule.",0.62,Medium
SVC00198,52,22,34,30.0,5,14,5.78,11,0,0,3,"Usual duty hours, a bit tired but okay overall.",0.364,Low
SVC00198,52,22,81,60.4,19,6,5.54,18,0,0,4,"Extremely exhausted, haven't slept properly in days.",0.549,Medium
SVC00198,52,22,82,32.3,8,9,7.76,3,0,0,8,"Routine day, nothing much to report.",0.425,Medium
SVC00199,29,11,75,41.2,24,7,6.9,2,0,0,6,"Usual duty hours, a bit tired but okay overall.",0.548,Medium
SVC00199,29,11,59,59.9,15,0,5.54,16,0,1,4,"Been a normal week, keeping busy with regular tasks.",0.553,Medium
SVC00199,29,11,19,49.2,7,0,6.1,9,0,0,3,"Nothing unusual, just getting through the schedule.",0.443,Medium
SVC00199,29,11,45,47.7,2,2,5.39,12,0,0,4,"Standard patrol schedule, no major issues.",0.419,Medium
SVC00199,29,11,38,57.4,29,8,4.97,15,0,0,3,"Usual duty hours, a bit tired but okay overall.",0.617,Medium
SVC00199,29,11,90,44.7,0,6,6.49,17,0,0,4,"Solid week, workload was manageable and the team is in good spirits.",0.396,Low
SVC00200,39,21,15,48.1,19,6,6.1,15,0,0,2,"Nothing unusual, just getting through the schedule.",0.53,Medium
SVC00200,39,21,85,45.3,12,0,4.71,17,0,0,10,"Routine day, nothing much to report.",0.524,Medium
SVC00200,39,21,37,41.8,20,0,4.44,14,0,0,6,"Nothing unusual, just getting through the schedule.",0.598,Medium
SVC00200,39,21,37,30.0,25,14,5.66,7,0,0,1,"Routine day, nothing much to report.",0.573,Medium
SVC00200,39,21,54,61.5,2,11,3.22,13,0,0,7,"Nothing unusual, just getting through the schedule.",0.528,Medium
SVC00200,39,21,28,30.0,5,8,8.9,0,0,0,1,"Been a normal week, keeping busy with regular tasks.",0.49,Medium
SVC00201,21,3,41,41.0,3,2,7.71,16,1,0,4,"Had a great time during the sports session, morale is high.",0.452,Medium
SVC00201,21,3,80,38.8,11,1,5.6,11,1,0,2,"Nothing unusual, just getting through the schedule.",0.624,Medium
SVC00201,21,3,54,53.5,9,0,7.38,17,0,0,5,"Feeling isolated, it's been weeks since I saw my family.",0.551,Medium
SVC00201,21,3,31,56.1,6,8,6.85,18,0,0,5,"Standard patrol schedule, no major issues.",0.395,Low
SVC00201,21,3,53,51.2,20,0,8.27,14,0,0,4,"Standard patrol schedule, no major issues.",0.597,Medium
SVC00201,21,3,2,51.5,21,5,7.22,0,0,0,10,"Standard patrol schedule, no major issues.",0.568,Medium
SVC00202,42,11,0,41.4,2,11,6.74,9,0,0,8,"Nothing unusual, just getting through the schedule.",0.317,Low
SVC00202,42,11,67,65.0,3,5,6.69,9,0,0,3,"Standard patrol schedule, no major issues.",0.56,Medium
SVC00202,42,11,61,41.3,21,9,6.33,14,0,1,2,"Solid week, workload was manageable and the team is in good spirits.",0.643,Medium
SVC00202,42,11,85,55.9,22,3,7.16,4,0,0,1,"Usual duty hours, a bit tired but okay overall.",0.764,High
SVC00202,42,11,6,44.2,21,13,7.69,9,0,0,1,"Routine day, nothing much to report.",0.457,Medium
SVC00202,42,11,8,49.1,13,9,5.75,17,1,0,7,"Nothing unusual, just getting through the schedule.",0.452,Medium
SVC00203,42,17,47,48.6,14,5,6.94,10,0,0,4,"Good day today, training went well and I got some rest.",0.482,Medium
SVC00203,42,17,21,73.0,24,3,7.03,7,0,2,7,"Struggling to cope, everything feels overwhelming lately.",0.697,High
SVC00203,42,17,52,58.3,23,11,7.49,17,0,0,3,"Been a normal week, keeping busy with regular tasks.",0.631,Medium
SVC00203,42,17,46,51.8,27,11,5.33,3,0,0,1,"Standard patrol schedule, no major issues.",0.634,Medium
SVC00203,42,17,86,36.5,27,5,8.61,16,0,0,2,"Feeling isolated, it's been weeks since I saw my family.",0.681,High
SVC00203,42,17,54,56.9,30,0,6.29,14,0,1,3,"Feeling isolated, it's been weeks since I saw my family.",0.789,High
SVC00204,29,11,25,30.0,27,12,5.74,0,1,1,7,"Been a normal week, keeping busy with regular tasks.",0.415,Medium
SVC00204,29,11,57,75.2,20,8,2.5,8,0,0,10,"Been a normal week, keeping busy with regular tasks.",0.607,Medium
SVC00204,29,11,72,37.0,12,8,5.67,14,0,0,6,"Feeling steady. Caught up with family on call, that helped a lot.",0.489,Medium
SVC00204,29,11,58,51.1,26,14,4.49,15,0,0,8,"Feeling isolated, it's been weeks since I saw my family.",0.678,High
SVC00204,29,11,16,53.2,11,2,7.6,11,0,0,6,"Standard patrol schedule, no major issues.",0.581,Medium
SVC00204,29,11,90,48.9,23,9,6.14,1,0,0,2,"Extremely exhausted, haven't slept properly in days.",0.802,High
SVC00205,46,25,22,30.0,29,10,5.47,17,0,0,6,"Feeling steady. Caught up with family on call, that helped a lot.",0.524,Medium
SVC00205,46,25,7,43.2,3,2,7.07,1,0,0,7,"Solid week, workload was manageable and the team is in good spirits.",0.346,Low
SVC00205,46,25,4,60.2,6,8,4.15,6,0,1,9,"Struggling to cope, everything feels overwhelming lately.",0.407,Medium
SVC00205,46,25,32,52.9,11,12,5.5,18,0,0,5,"Nothing unusual, just getting through the schedule.",0.433,Medium
SVC00205,46,25,6,44.3,15,2,6.25,10,1,0,3,"Been a normal week, keeping busy with regular tasks.",0.6,Medium
SVC00205,46,25,81,44.9,15,5,7.9,6,1,0,10,"Been a normal week, keeping busy with regular tasks.",0.52,Medium
SVC00206,31,13,1,30.1,23,13,4.19,11,0,0,4,"Routine day, nothing much to report.",0.447,Medium
SVC00206,31,13,13,41.2,25,13,6.08,5,0,0,6,"Nothing unusual, just getting through the schedule.",0.558,Medium
SVC00206,31,13,28,40.1,1,1,4.38,14,0,0,6,"Been a normal week, keeping busy with regular tasks.",0.41,Medium
SVC00206,31,13,19,44.7,2,14,5.1,18,0,1,5,"Standard patrol schedule, no major issues.",0.398,Low
SVC00206,31,13,20,59.8,21,1,5.6,6,0,1,10,"Been a normal week, keeping busy with regular tasks.",0.518,Medium
SVC00206,31,13,46,48.2,11,0,4.48,11,0,1,6,"Usual duty hours, a bit tired but okay overall.",0.589,Medium
SVC00207,31,1,61,55.0,4,9,6.47,2,0,0,1,"Feeling isolated, it's been weeks since I saw my family.",0.762,High
SVC00207,31,1,35,86.0,6,5,6.11,13,1,0,2,"Standard patrol schedule, no major issues.",0.647,Medium
SVC00207,31,1,54,68.1,30,9,4.62,0,0,0,2,"Struggling to cope, everything feels overwhelming lately.",0.895,High
SVC00207,31,1,66,60.3,29,9,5.77,2,0,0,4,The back-to-back duty shifts are wearing me down badly.,0.688,High
SVC00207,31,1,65,61.6,21,14,5.13,3,0,0,9,"Solid week, workload was manageable and the team is in good spirits.",0.55,Medium
SVC00207,31,1,7,66.4,5,1,5.03,16,0,0,5,"Been a normal week, keeping busy with regular tasks.",0.574,Medium
SVC00208,34,12,84,56.7,26,14,7.36,7,0,0,9,"Routine day, nothing much to report.",0.576,Medium
SVC00208,34,12,40,57.5,27,6,8.34,10,0,0,1,"Extremely exhausted, haven't slept properly in days.",0.58,Medium
SVC00208,34,12,2,52.5,28,2,4.07,4,0,0,1,"Feeling isolated, it's been weeks since I saw my family.",0.786,High
SVC00208,34,12,55,52.9,23,12,5.74,5,1,0,6,"Standard patrol schedule, no major issues.",0.605,Medium
SVC00208,34,12,34,65.2,3,12,7.62,0,0,0,7,"Routine day, nothing much to report.",0.458,Medium
SVC00208,34,12,13,30.5,15,9,5.87,11,0,0,1,"Been a normal week, keeping busy with regular tasks.",0.438,Medium
SVC00209,28,10,48,42.6,8,11,6.28,9,0,0,10,"Standard patrol schedule, no major issues.",0.369,Low
SVC00209,28,10,30,48.7,22,11,5.65,1,1,0,7,"Usual duty hours, a bit tired but okay overall.",0.545,Medium
SVC00209,28,10,89,46.4,12,10,6.46,2,0,0,8,"Struggling to cope, everything feels overwhelming lately.",0.67,High
SVC00209,28,10,46,51.9,19,9,6.2,14,0,0,10,"Been a normal week, keeping busy with regular tasks.",0.506,Medium
SVC00209,28,10,63,34.1,7,1,5.6,15,0,0,9,"Nothing unusual, just getting through the schedule.",0.345,Low
SVC00209,28,10,29,42.5,16,7,7.04,10,0,0,9,"Been a normal week, keeping busy with regular tasks.",0.439,Medium
SVC00210,34,16,77,42.2,0,10,7.18,15,0,0,4,"Usual duty hours, a bit tired but okay overall.",0.513,Medium
SVC00210,34,16,16,47.2,15,4,6.6,0,1,0,2,"Routine day, nothing much to report.",0.542,Medium
SVC00210,34,16,30,46.9,29,6,6.03,10,0,2,7,"Been a normal week, keeping busy with regular tasks.",0.505,Medium
SVC00210,34,16,13,42.9,23,10,7.45,6,0,0,9,"Been a normal week, keeping busy with regular tasks.",0.454,Medium
SVC00210,34,16,44,56.3,30,6,6.04,4,0,0,10,"Nothing unusual, just getting through the schedule.",0.563,Medium
SVC00210,34,16,12,60.9,11,0,6.8,16,0,1,4,"Routine day, nothing much to report.",0.452,Medium
SVC00211,48,12,69,60.1,16,9,8.27,17,0,0,8,"Usual duty hours, a bit tired but okay overall.",0.526,Medium
SVC00211,48,12,17,55.8,18,7,4.82,4,0,0,4,"Struggling to cope, everything feels overwhelming lately.",0.673,High
SVC00211,48,12,23,36.7,15,13,9.5,10,0,0,9,The back-to-back duty shifts are wearing me down badly.,0.134,Low
SVC00211,48,12,72,49.8,29,2,5.85,13,0,0,10,"Been a normal week, keeping busy with regular tasks.",0.635,Medium
SVC00211,48,12,56,33.5,20,6,5.46,0,2,0,3,"Been a normal week, keeping busy with regular tasks.",0.72,High
SVC00211,48,12,90,54.3,11,13,8.31,4,0,0,6,"Standard patrol schedule, no major issues.",0.483,Medium
SVC00212,20,2,16,36.8,17,13,6.47,10,0,0,3,"Usual duty hours, a bit tired but okay overall.",0.437,Medium
SVC00212,20,2,51,53.1,11,2,5.19,14,0,0,8,"Routine day, nothing much to report.",0.502,Medium
SVC00212,20,2,4,37.8,5,5,8.0,10,0,0,4,"Usual duty hours, a bit tired but okay overall.",0.261,Low
SVC00212,20,2,59,55.4,21,14,3.97,10,0,0,6,"Routine day, nothing much to report.",0.594,Medium
SVC00212,20,2,71,58.4,29,14,6.31,18,1,0,10,"Standard patrol schedule, no major issues.",0.521,Medium
SVC00212,20,2,27,45.9,3,0,5.17,15,0,0,1,"Routine day, nothing much to report.",0.365,Low
SVC00213,29,2,77,35.2,30,10,6.13,18,0,0,1,"Slept well last night, feeling fresh for duty.",0.573,Medium
SVC00213,29,2,41,30.0,13,1,5.88,9,0,0,6,"Nothing unusual, just getting through the schedule.",0.369,Low
SVC00213,29,2,40,45.7,25,6,5.39,14,1,0,4,"Struggling to cope, everything feels overwhelming lately.",0.576,Medium
SVC00213,29,2,32,51.9,26,1,4.83,12,0,0,8,"Extremely exhausted, haven't slept properly in days.",0.653,High
SVC00213,29,2,66,34.3,21,3,5.83,11,0,0,6,"Standard patrol schedule, no major issues.",0.475,Medium
SVC00213,29,2,43,57.1,26,12,7.25,1,0,0,9,"Had a great time during the sports session, morale is high.",0.514,Medium
SVC00214,27,9,0,73.6,28,12,5.83,2,0,0,10,"Nothing unusual, just getting through the schedule.",0.505,Medium
SVC00214,27,9,66,44.4,4,3,6.35,2,0,0,6,"Slept well last night, feeling fresh for duty.",0.504,Medium
SVC00214,27,9,85,64.8,0,7,5.41,5,0,0,10,"Standard patrol schedule, no major issues.",0.478,Medium
SVC00214,27,9,20,47.1,6,13,7.62,11,0,0,1,"Routine day, nothing much to report.",0.445,Medium
SVC00214,27,9,67,58.4,20,13,7.97,3,0,0,7,"Usual duty hours, a bit tired but okay overall.",0.63,Medium
SVC00214,27,9,10,44.5,16,4,7.06,13,0,0,6,"Standard patrol schedule, no major issues.",0.368,Low
SVC00215,35,17,36,47.6,2,5,6.23,10,0,0,5,"Nothing unusual, just getting through the schedule.",0.435,Medium
SVC00215,35,17,29,64.2,9,7,5.9,5,0,0,2,"Nothing unusual, just getting through the schedule.",0.522,Medium
SVC00215,35,17,4,40.9,13,5,8.61,19,0,1,2,"Feeling steady. Caught up with family on call, that helped a lot.",0.246,Low
SVC00215,35,17,64,30.0,13,5,8.6,5,0,0,1,"Been a normal week, keeping busy with regular tasks.",0.515,Medium
SVC00215,35,17,8,43.4,10,6,6.28,9,0,0,10,"Had a great time during the sports session, morale is high.",0.303,Low
SVC00215,35,17,79,72.3,19,11,6.44,19,0,0,4,"Struggling to cope, everything feels overwhelming lately.",0.643,Medium
SVC00216,25,1,18,51.5,12,13,4.95,4,0,0,9,"Nothing unusual, just getting through the schedule.",0.438,Medium
SVC00216,25,1,14,42.1,3,8,8.71,7,1,0,3,"Usual duty hours, a bit tired but okay overall.",0.412,Medium
SVC00216,25,1,85,35.8,13,7,5.96,16,0,0,3,The back-to-back duty shifts are wearing me down badly.,0.466,Medium
SVC00216,25,1,20,62.9,3,10,6.81,0,0,0,7,"Standard patrol schedule, no major issues.",0.448,Medium
SVC00216,25,1,55,46.5,8,10,6.4,17,0,0,10,"Standard patrol schedule, no major issues.",0.381,Low
SVC00216,25,1,32,59.8,3,1,6.93,5,0,0,5,The back-to-back duty shifts are wearing me down badly.,0.58,Medium
SVC00217,31,13,50,40.9,22,6,7.43,11,0,0,7,"Routine day, nothing much to report.",0.504,Medium
SVC00217,31,13,27,46.8,18,0,7.74,3,0,0,6,"Standard patrol schedule, no major issues.",0.453,Medium
SVC00217,31,13,88,48.7,1,1,5.03,2,0,0,2,"Extremely exhausted, haven't slept properly in days.",0.666,High
SVC00217,31,13,84,32.5,17,2,6.35,5,0,0,4,"Been a normal week, keeping busy with regular tasks.",0.639,Medium
SVC00217,31,13,5,66.2,16,3,4.86,13,0,0,1,"Usual duty hours, a bit tired but okay overall.",0.617,Medium
SVC00217,31,13,22,54.1,7,7,6.77,4,0,0,9,"Usual duty hours, a bit tired but okay overall.",0.439,Medium
SVC00218,30,12,74,41.6,9,10,7.31,0,0,0,5,"Nothing unusual, just getting through the schedule.",0.539,Medium
SVC00218,30,12,84,45.2,20,8,8.18,1,0,0,10,The back-to-back duty shifts are wearing me down badly.,0.569,Medium
SVC00218,30,12,31,43.0,25,13,6.49,3,0,0,3,"Feeling isolated, it's been weeks since I saw my family.",0.541,Medium
SVC00218,30,12,70,38.4,12,3,6.15,18,0,0,5,"Nothing unusual, just getting through the schedule.",0.498,Medium
SVC00218,30,12,81,50.9,9,9,4.45,8,0,0,9,"Been a normal week, keeping busy with regular tasks.",0.576,Medium
SVC00218,30,12,10,55.6,3,4,6.0,12,0,0,3,"Been a normal week, keeping busy with regular tasks.",0.411,Medium
SVC00219,46,2,31,37.6,0,9,7.41,15,0,0,6,"Standard patrol schedule, no major issues.",0.406,Medium
SVC00219,46,2,44,55.1,22,9,6.41,15,0,0,2,"Standard patrol schedule, no major issues.",0.587,Medium
SVC00219,46,2,24,65.1,19,7,6.12,11,1,0,7,"Routine day, nothing much to report.",0.561,Medium
SVC00219,46,2,26,41.6,28,8,5.93,18,0,0,5,"Routine day, nothing much to report.",0.491,Medium
SVC00219,46,2,49,71.3,11,11,7.23,16,0,0,8,"Usual duty hours, a bit tired but okay overall.",0.449,Medium
SVC00219,46,2,47,64.7,20,6,6.63,17,0,0,5,"Usual duty hours, a bit tired but okay overall.",0.604,Medium
SVC00220,30,5,57,57.0,3,9,6.17,5,1,0,6,"Nothing unusual, just getting through the schedule.",0.43,Medium
SVC00220,30,5,43,43.2,16,6,6.89,15,0,0,2,"Nothing unusual, just getting through the schedule.",0.488,Medium
SVC00220,30,5,87,53.3,28,3,5.34,0,0,0,3,The back-to-back duty shifts are wearing me down badly.,0.811,High
SVC00220,30,5,17,34.7,4,9,6.53,17,0,0,5,"Good day today, training went well and I got some rest.",0.301,Low
SVC00220,30,5,67,56.9,0,6,5.85,7,0,0,6,"Been a normal week, keeping busy with regular tasks.",0.561,Medium
SVC00220,30,5,41,57.5,21,6,5.4,17,0,0,5,"Usual duty hours, a bit tired but okay overall.",0.544,Medium
SVC00221,46,22,17,30.0,8,2,7.48,12,0,0,2,"Been a normal week, keeping busy with regular tasks.",0.605,Medium
SVC00221,46,22,1,58.7,22,8,5.76,19,1,0,3,"Usual duty hours, a bit tired but okay overall.",0.569,Medium
SVC00221,46,22,18,42.5,8,13,5.75,18,1,0,9,"Usual duty hours, a bit tired but okay overall.",0.326,Low
SVC00221,46,22,11,42.6,28,2,4.0,4,0,0,6,"Routine day, nothing much to report.",0.716,High
SVC00221,46,22,46,59.2,17,5,5.05,9,1,0,4,"Feeling isolated, it's been weeks since I saw my family.",0.655,High
SVC00221,46,22,23,48.8,20,3,7.17,12,0,0,5,"Usual duty hours, a bit tired but okay overall.",0.566,Medium
SVC00222,35,17,35,38.3,4,12,6.95,10,0,0,4,"Routine day, nothing much to report.",0.301,Low
SVC00222,35,17,13,70.0,7,11,5.84,17,0,0,5,"Been a normal week, keeping busy with regular tasks.",0.572,Medium
SVC00222,35,17,33,50.0,9,5,5.15,11,0,0,9,"Routine day, nothing much to report.",0.402,Medium
SVC00222,35,17,13,45.1,16,3,4.02,5,0,0,8,"Extremely exhausted, haven't slept properly in days.",0.581,Medium
SVC00222,35,17,17,67.6,19,11,7.16,9,0,0,2,"Feeling isolated, it's been weeks since I saw my family.",0.581,Medium
SVC00222,35,17,32,36.6,20,8,6.37,0,0,0,8,"Standard patrol schedule, no major issues.",0.459,Medium
SVC00223,40,7,38,54.9,25,6,8.31,17,0,0,10,"Standard patrol schedule, no major issues.",0.443,Medium
SVC00223,40,7,40,49.4,12,3,5.83,14,0,0,5,"Standard patrol schedule, no major issues.",0.588,Medium
SVC00223,40,7,33,38.5,6,3,7.1,8,0,0,1,"Nothing unusual, just getting through the schedule.",0.503,Medium
SVC00223,40,7,63,48.6,25,9,4.26,12,1,0,10,"Slept well last night, feeling fresh for duty.",0.543,Medium
SVC00223,40,7,41,67.4,19,10,5.02,19,0,0,2,"Routine day, nothing much to report.",0.638,Medium
SVC00223,40,7,45,45.0,7,3,5.93,11,0,0,10,Really frustrated and anxious about the extended deployment.,0.51,Medium
SVC00224,32,1,0,43.2,4,0,6.19,0,0,0,7,"Been a normal week, keeping busy with regular tasks.",0.571,Medium
SVC00224,32,1,78,66.0,22,11,8.82,18,0,0,10,"Routine day, nothing much to report.",0.492,Medium
SVC00224,32,1,44,65.4,13,5,6.3,15,0,0,9,"Usual duty hours, a bit tired but okay overall.",0.433,Medium
SVC00224,32,1,69,53.9,14,8,5.61,13,0,0,2,Really frustrated and anxious about the extended deployment.,0.655,High
SVC00224,32,1,37,34.5,4,5,9.5,8,0,0,9,"Feeling steady. Caught up with family on call, that helped a lot.",0.314,Low
SVC00224,32,1,8,44.9,30,0,7.29,9,0,1,9,"Standard patrol schedule, no major issues.",0.546,Medium
SVC00225,38,6,35,45.4,30,2,4.17,17,0,0,7,"Routine day, nothing much to report.",0.64,Medium
SVC00225,38,6,31,48.8,5,1,6.92,0,0,0,2,"Nothing unusual, just getting through the schedule.",0.628,Medium
SVC00225,38,6,0,45.5,21,11,5.46,13,1,0,1,"Usual duty hours, a bit tired but okay overall.",0.455,Medium
SVC00225,38,6,70,53.9,7,9,6.63,8,0,0,9,"Routine day, nothing much to report.",0.498,Medium
SVC00225,38,6,2,66.9,11,12,5.62,1,0,0,3,"Been a normal week, keeping busy with regular tasks.",0.51,Medium
SVC00225,38,6,20,75.8,1,2,8.67,2,0,0,5,"Usual duty hours, a bit tired but okay overall.",0.554,Medium
SVC00226,28,10,87,40.5,0,2,7.86,2,0,0,6,"Been a normal week, keeping busy with regular tasks.",0.588,Medium
SVC00226,28,10,68,57.6,7,14,5.37,0,0,0,4,"Routine day, nothing much to report.",0.659,High
SVC00226,28,10,28,44.8,12,2,5.48,0,0,0,4,"Routine day, nothing much to report.",0.559,Medium
SVC00226,28,10,48,46.7,1,10,3.9,14,0,0,5,"Standard patrol schedule, no major issues.",0.468,Medium
SVC00226,28,10,32,49.0,18,9,5.44,11,0,0,9,"Standard patrol schedule, no major issues.",0.527,Medium
SVC00226,28,10,79,44.1,16,1,4.88,14,0,0,5,"Been a normal week, keeping busy with regular tasks.",0.471,Medium
SVC00227,43,4,25,44.4,7,9,4.65,2,1,0,7,"Nothing unusual, just getting through the schedule.",0.524,Medium
SVC00227,43,4,46,48.8,27,3,5.92,15,0,0,10,"Been a normal week, keeping busy with regular tasks.",0.569,Medium
SVC00227,43,4,41,46.6,21,10,5.2,17,0,0,6,"Usual duty hours, a bit tired but okay overall.",0.576,Medium
SVC00227,43,4,78,60.3,19,2,5.59,8,0,0,7,"Nothing unusual, just getting through the schedule.",0.64,Medium
SVC00227,43,4,78,57.0,29,12,6.07,19,0,0,5,"Struggling to cope, everything feels overwhelming lately.",0.547,Medium
SVC00227,43,4,59,47.8,6,14,4.79,17,0,0,10,"Feeling steady. Caught up with family on call, that helped a lot.",0.341,Low
SVC00228,20,2,23,47.7,25,7,5.72,16,2,0,7,"Extremely exhausted, haven't slept properly in days.",0.567,Medium
SVC00228,20,2,54,49.6,4,11,7.23,11,0,0,5,"Routine day, nothing much to report.",0.473,Medium
SVC00228,20,2,87,53.6,10,9,5.04,0,0,0,7,"Nothing unusual, just getting through the schedule.",0.631,Medium
SVC00228,20,2,9,52.5,28,14,6.31,1,0,0,5,"Standard patrol schedule, no major issues.",0.514,Medium
SVC00228,20,2,43,37.9,11,3,7.69,0,0,0,9,"Slept well last night, feeling fresh for duty.",0.42,Medium
SVC00228,20,2,75,55.3,6,9,3.96,5,1,0,8,"Usual duty hours, a bit tired but okay overall.",0.633,Medium
SVC00229,27,9,7,69.9,18,2,6.06,1,1,0,4,"Extremely exhausted, haven't slept properly in days.",0.653,High
SVC00229,27,9,61,54.7,20,0,5.91,13,0,1,1,"Routine day, nothing much to report.",0.671,High
SVC00229,27,9,72,74.4,5,3,4.71,12,0,0,3,"Nothing unusual, just getting through the schedule.",0.631,Medium
SVC00229,27,9,77,68.8,10,14,5.82,3,0,0,9,"Routine day, nothing much to report.",0.536,Medium
SVC00229,27,9,55,33.8,0,3,7.98,2,0,0,4,"Feeling steady. Caught up with family on call, that helped a lot.",0.339,Low
SVC00229,27,9,55,76.2,12,2,6.67,6,0,0,3,"Routine day, nothing much to report.",0.629,Medium
SVC00230,50,30,36,49.4,18,5,6.91,2,0,0,10,"Solid week, workload was manageable and the team is in good spirits.",0.376,Low
SVC00230,50,30,19,68.8,5,7,6.92,19,0,0,6,"Nothing unusual, just getting through the schedule.",0.354,Low
SVC00230,50,30,78,57.0,9,10,5.81,2,0,0,1,Really frustrated and anxious about the extended deployment.,0.667,High
SVC00230,50,30,4,51.8,29,2,7.0,17,0,0,2,"Usual duty hours, a bit tired but okay overall.",0.556,Medium
SVC00230,50,30,74,53.5,17,1,4.56,15,0,0,2,The back-to-back duty shifts are wearing me down badly.,0.736,High
SVC00230,50,30,26,64.9,21,12,9.14,4,0,0,7,"Been a normal week, keeping busy with regular tasks.",0.596,Medium
SVC00231,52,4,26,65.2,18,5,6.31,12,1,0,9,"Usual duty hours, a bit tired but okay overall.",0.545,Medium
SVC00231,52,4,55,48.9,27,14,6.07,2,1,0,6,"Nothing unusual, just getting through the schedule.",0.568,Medium
SVC00231,52,4,57,53.4,13,7,5.8,8,0,0,7,"Usual duty hours, a bit tired but okay overall.",0.491,Medium
SVC00231,52,4,2,45.7,3,2,7.07,2,0,0,5,"Usual duty hours, a bit tired but okay overall.",0.49,Medium
SVC00231,52,4,29,43.7,15,1,4.03,17,0,0,10,"Routine day, nothing much to report.",0.349,Low
SVC00231,52,4,49,47.9,30,3,7.54,12,0,0,8,"Standard patrol schedule, no major issues.",0.526,Medium
SVC00232,22,4,18,71.0,0,6,7.58,1,0,0,10,"Routine day, nothing much to report.",0.355,Low
SVC00232,22,4,13,67.7,8,9,3.81,16,0,0,3,"Usual duty hours, a bit tired but okay overall.",0.559,Medium
SVC00232,22,4,5,59.0,1,12,5.17,18,0,1,3,"Been a normal week, keeping busy with regular tasks.",0.382,Low
SVC00232,22,4,25,52.2,24,4,7.69,13,0,0,3,"Feeling isolated, it's been weeks since I saw my family.",0.675,High
SVC00232,22,4,5,43.8,1,2,6.66,13,0,0,1,"Nothing unusual, just getting through the schedule.",0.522,Medium
SVC00232,22,4,15,45.7,11,14,6.41,13,0,1,3,"Been a normal week, keeping busy with regular tasks.",0.445,Medium
SVC00233,47,2,48,82.5,19,14,5.83,6,0,0,10,"Been a normal week, keeping busy with regular tasks.",0.647,Medium
SVC00233,47,2,18,38.1,6,11,6.08,13,1,0,9,"Nothing unusual, just getting through the schedule.",0.357,Low
SVC00233,47,2,26,47.6,21,12,8.64,1,0,0,4,"Been a normal week, keeping busy with regular tasks.",0.58,Medium
SVC00233,47,2,23,43.1,30,4,7.17,12,0,0,6,"Usual duty hours, a bit tired but okay overall.",0.544,Medium
SVC00233,47,2,85,59.2,14,11,4.67,0,0,0,1,"Feeling isolated, it's been weeks since I saw my family.",0.753,High
SVC00233,47,2,67,48.0,13,2,8.71,3,0,0,8,"Standard patrol schedule, no major issues.",0.428,Medium
SVC00234,47,16,24,52.9,24,5,7.41,11,0,0,10,"Routine day, nothing much to report.",0.39,Low
SVC00234,47,16,50,43.7,6,6,5.92,11,0,1,4,"Had a great time during the sports session, morale is high.",0.529,Medium
SVC00234,47,16,52,63.4,6,4,4.71,11,0,0,3,"Standard patrol schedule, no major issues.",0.568,Medium
SVC00234,47,16,19,49.0,4,5,3.98,14,0,0,8,"Usual duty hours, a bit tired but okay overall.",0.38,Low
SVC00234,47,16,81,68.6,0,2,5.11,2,0,0,4,"Extremely exhausted, haven't slept properly in days.",0.721,High
SVC00234,47,16,8,64.8,1,3,9.5,6,0,0,1,"Been a normal week, keeping busy with regular tasks.",0.424,Medium
SVC00235,53,30,68,63.3,6,5,6.0,19,0,0,2,"Been a normal week, keeping busy with regular tasks.",0.558,Medium
SVC00235,53,30,13,54.9,2,0,4.91,4,0,0,3,"Nothing unusual, just getting through the schedule.",0.417,Medium
SVC00235,53,30,70,48.9,0,11,5.35,12,0,0,4,"Nothing unusual, just getting through the schedule.",0.498,Medium
SVC00235,53,30,34,42.9,11,0,5.19,12,0,0,10,"Feeling isolated, it's been weeks since I saw my family.",0.387,Low
SVC00235,53,30,78,66.9,23,2,7.25,17,0,0,7,"Extremely exhausted, haven't slept properly in days.",0.738,High
SVC00235,53,30,78,57.5,12,6,7.37,1,0,0,5,"Usual duty hours, a bit tired but okay overall.",0.62,Medium
SVC00236,42,12,56,52.3,27,5,9.12,18,0,0,10,"Feeling isolated, it's been weeks since I saw my family.",0.516,Medium
SVC00236,42,12,22,65.9,13,4,4.28,3,0,1,6,"Routine day, nothing much to report.",0.558,Medium
SVC00236,42,12,69,71.0,17,3,6.15,2,0,0,7,"Feeling isolated, it's been weeks since I saw my family.",0.701,High
SVC00236,42,12,53,46.7,19,11,6.67,7,0,0,8,"Been a normal week, keeping busy with regular tasks.",0.458,Medium
SVC00236,42,12,63,49.6,18,3,6.62,0,0,1,8,"Been a normal week, keeping busy with regular tasks.",0.688,High
SVC00236,42,12,72,56.3,16,11,6.91,10,0,0,3,"Nothing unusual, just getting through the schedule.",0.64,Medium
SVC00237,21,3,71,64.3,21,9,6.41,13,0,0,10,"Feeling steady. Caught up with family on call, that helped a lot.",0.518,Medium
SVC00237,21,3,67,45.0,29,12,5.53,2,0,0,6,"Standard patrol schedule, no major issues.",0.648,Medium
SVC00237,21,3,67,70.7,12,11,7.89,7,0,0,9,"Been a normal week, keeping busy with regular tasks.",0.362,Low
SVC00237,21,3,32,58.4,0,8,6.63,19,0,0,4,"Solid week, workload was manageable and the team is in good spirits.",0.343,Low
SVC00237,21,3,75,46.9,13,9,4.66,2,0,0,9,"Nothing unusual, just getting through the schedule.",0.425,Medium
SVC00237,21,3,42,51.2,27,5,5.67,10,0,0,2,"Been a normal week, keeping busy with regular tasks.",0.784,High
SVC00238,49,7,62,52.4,10,0,3.64,11,1,0,6,"Struggling to cope, everything feels overwhelming lately.",0.613,Medium
SVC00238,49,7,43,55.6,8,11,6.39,9,0,0,4,"Standard patrol schedule, no major issues.",0.377,Low
SVC00238,49,7,58,50.7,29,0,6.66,17,0,0,5,"Usual duty hours, a bit tired but okay overall.",0.734,High
SVC00238,49,7,1,30.0,11,1,5.43,5,0,1,6,"Been a normal week, keeping busy with regular tasks.",0.418,Medium
SVC00238,49,7,90,48.8,0,7,5.68,10,0,0,4,"Routine day, nothing much to report.",0.478,Medium
SVC00238,49,7,52,63.7,17,11,5.96,9,0,0,9,"Standard patrol schedule, no major issues.",0.541,Medium
SVC00239,31,13,64,38.8,13,11,4.5,14,1,1,1,Really frustrated and anxious about the extended deployment.,0.558,Medium
SVC00239,31,13,32,31.6,19,3,6.17,7,0,1,7,The back-to-back duty shifts are wearing me down badly.,0.406,Medium
SVC00239,31,13,87,60.0,15,10,4.85,4,0,0,9,"Nothing unusual, just getting through the schedule.",0.582,Medium
SVC00239,31,13,15,42.5,4,3,7.65,15,1,0,10,"Usual duty hours, a bit tired but okay overall.",0.251,Low
SVC00239,31,13,88,51.7,14,0,3.77,16,0,0,9,"Nothing unusual, just getting through the schedule.",0.58,Medium
SVC00239,31,13,33,53.1,22,3,6.72,15,0,0,5,"Usual duty hours, a bit tired but okay overall.",0.483,Medium
SVC00240,43,25,22,77.6,12,13,5.53,18,0,0,10,"Been a normal week, keeping busy with regular tasks.",0.477,Medium
SVC00240,43,25,86,57.5,17,6,6.25,12,0,0,3,"Usual duty hours, a bit tired but okay overall.",0.595,Medium
SVC00240,43,25,64,51.3,10,8,4.01,5,0,0,6,"Usual duty hours, a bit tired but okay overall.",0.543,Medium
SVC00240,43,25,62,40.4,27,7,4.41,12,1,0,7,"Standard patrol schedule, no major issues.",0.537,Medium
SVC00240,43,25,75,64.2,16,12,5.27,6,2,0,3,"Nothing unusual, just getting through the schedule.",0.716,High
SVC00240,43,25,49,54.6,25,2,5.89,1,0,0,10,"Routine day, nothing much to report.",0.612,Medium
SVC00241,33,15,51,30.0,13,5,6.3,19,0,0,5,"Been a normal week, keeping busy with regular tasks.",0.475,Medium
SVC00241,33,15,3,60.1,17,1,6.04,7,0,0,4,"Standard patrol schedule, no major issues.",0.601,Medium
SVC00241,33,15,77,55.5,21,11,7.99,0,0,0,4,"Nothing unusual, just getting through the schedule.",0.681,High
SVC00241,33,15,59,54.5,19,5,6.99,0,1,0,3,"Nothing unusual, just getting through the schedule.",0.736,High
SVC00241,33,15,45,64.3,26,4,7.49,15,0,0,9,"Nothing unusual, just getting through the schedule.",0.529,Medium
SVC00241,33,15,41,59.6,6,1,8.65,1,0,0,4,"Usual duty hours, a bit tired but okay overall.",0.513,Medium
SVC00242,29,11,29,56.7,19,12,4.04,6,1,0,2,"Nothing unusual, just getting through the schedule.",0.736,High
SVC00242,29,11,18,89.2,22,6,3.34,11,0,0,4,"Standard patrol schedule, no major issues.",0.788,High
SVC00242,29,11,3,45.5,24,12,7.3,16,1,0,6,"Had a great time during the sports session, morale is high.",0.495,Medium
SVC00242,29,11,4,55.7,24,11,5.08,13,0,1,9,"Nothing unusual, just getting through the schedule.",0.32,Low
SVC00242,29,11,9,63.7,28,8,6.11,4,0,0,6,"Standard patrol schedule, no major issues.",0.616,Medium
SVC00242,29,11,50,69.9,9,7,5.83,14,0,0,9,"Standard patrol schedule, no major issues.",0.378,Low
SVC00243,48,10,49,45.4,4,3,4.73,8,0,0,5,"Nothing unusual, just getting through the schedule.",0.556,Medium
SVC00243,48,10,47,36.0,5,2,7.53,18,0,1,5,"Been a normal week, keeping busy with regular tasks.",0.406,Medium
SVC00243,48,10,75,38.2,23,1,4.08,0,0,0,10,"Extremely exhausted, haven't slept properly in days.",0.674,High
SVC00243,48,10,26,52.7,9,1,7.94,13,0,0,6,"Good day today, training went well and I got some rest.",0.561,Medium
SVC00243,48,10,38,34.8,23,0,7.62,17,0,1,8,"Usual duty hours, a bit tired but okay overall.",0.467,Medium
SVC00243,48,10,17,43.8,16,14,4.55,7,0,0,7,"Feeling isolated, it's been weeks since I saw my family.",0.475,Medium
SVC00244,44,11,61,54.0,18,4,5.55,0,0,0,10,"Struggling to cope, everything feels overwhelming lately.",0.611,Medium
SVC00244,44,11,86,52.7,24,6,4.98,14,0,0,9,The back-to-back duty shifts are wearing me down badly.,0.67,High
SVC00244,44,11,63,68.6,30,12,8.03,6,0,1,7,"Solid week, workload was manageable and the team is in good spirits.",0.657,High
SVC00244,44,11,82,63.9,22,9,6.03,3,0,0,2,"Routine day, nothing much to report.",0.855,High
SVC00244,44,11,90,56.7,16,6,4.71,11,0,0,5,"Nothing unusual, just getting through the schedule.",0.65,Medium
SVC00244,44,11,25,46.4,27,0,6.08,17,0,0,2,"Standard patrol schedule, no major issues.",0.588,Medium
SVC00245,31,13,33,46.4,28,11,7.25,5,0,0,7,"Feeling steady. Caught up with family on call, that helped a lot.",0.548,Medium
SVC00245,31,13,43,45.2,13,1,2.87,6,0,0,8,"Been a normal week, keeping busy with regular tasks.",0.528,Medium
SVC00245,31,13,78,55.4,30,6,6.04,2,0,1,4,"Nothing unusual, just getting through the schedule.",0.672,High
SVC00245,31,13,7,49.1,26,0,4.85,8,0,0,5,"Been a normal week, keeping busy with regular tasks.",0.579,Medium
SVC00245,31,13,27,58.1,4,5,6.56,18,0,0,4,"Good day today, training went well and I got some rest.",0.492,Medium
SVC00245,31,13,8,55.1,23,13,7.19,1,0,0,6,"Nothing unusual, just getting through the schedule.",0.504,Medium
SVC00246,42,5,18,62.0,30,6,5.59,5,1,1,9,"Been a normal week, keeping busy with regular tasks.",0.668,High
SVC00246,42,5,11,61.2,16,6,6.44,3,1,0,7,"Standard patrol schedule, no major issues.",0.56,Medium
SVC00246,42,5,9,58.4,11,9,5.3,8,0,0,5,"Been a normal week, keeping busy with regular tasks.",0.418,Medium
SVC00246,42,5,40,48.9,20,11,3.61,11,0,0,7,"Been a normal week, keeping busy with regular tasks.",0.448,Medium
SVC00246,42,5,25,53.2,10,11,7.12,4,0,0,9,"Routine day, nothing much to report.",0.387,Low
SVC00246,42,5,31,52.3,0,1,6.6,19,0,0,1,"Standard patrol schedule, no major issues.",0.569,Medium
SVC00247,27,6,83,48.0,7,14,4.36,16,0,0,5,"Nothing unusual, just getting through the schedule.",0.474,Medium
SVC00247,27,6,30,58.4,15,12,6.22,8,0,0,1,Really frustrated and anxious about the extended deployment.,0.651,High
SVC00247,27,6,64,30.0,28,9,6.21,16,0,0,2,"Usual duty hours, a bit tired but okay overall.",0.658,High
SVC00247,27,6,56,38.8,24,11,5.13,8,0,0,1,"Extremely exhausted, haven't slept properly in days.",0.717,High
SVC00247,27,6,24,45.7,9,5,6.97,15,0,0,7,"Standard patrol schedule, no major issues.",0.414,Medium
SVC00247,27,6,11,45.0,19,4,4.48,4,0,0,4,"Routine day, nothing much to report.",0.605,Medium
SVC00248,47,18,40,45.9,21,7,5.96,14,0,0,7,"Standard patrol schedule, no major issues.",0.522,Medium
SVC00248,47,18,15,44.7,25,4,7.2,19,0,0,8,"Standard patrol schedule, no major issues.",0.47,Medium
SVC00248,47,18,58,30.3,5,3,4.93,1,0,1,10,"Nothing unusual, just getting through the schedule.",0.434,Medium
SVC00248,47,18,61,50.7,14,1,6.23,17,2,0,10,"Usual duty hours, a bit tired but okay overall.",0.516,Medium
SVC00248,47,18,55,46.6,19,1,4.84,17,0,0,4,"Been a normal week, keeping busy with regular tasks.",0.654,High
SVC00248,47,18,56,50.4,29,4,6.87,4,0,0,8,"Routine day, nothing much to report.",0.68,High
SVC00249,41,11,32,43.3,25,11,5.77,5,0,0,10,"Been a normal week, keeping busy with regular tasks.",0.551,Medium
SVC00249,41,11,45,56.8,8,1,6.83,16,0,0,3,"Been a normal week, keeping busy with regular tasks.",0.527,Medium
SVC00249,41,11,61,56.2,13,12,5.89,13,0,2,4,"Routine day, nothing much to report.",0.477,Medium
SVC00249,41,11,60,50.5,2,4,8.28,1,0,0,10,"Routine day, nothing much to report.",0.541,Medium
SVC00249,41,11,20,47.3,26,1,7.61,19,0,0,3,"Standard patrol schedule, no major issues.",0.632,Medium
SVC00249,41,11,71,58.4,10,10,5.77,6,0,2,7,"Routine day, nothing much to report.",0.557,Medium
SVC00250,42,20,18,55.1,18,11,8.53,18,0,1,9,"Feeling steady. Caught up with family on call, that helped a lot.",0.263,Low
SVC00250,42,20,48,71.5,22,14,6.05,6,0,0,4,"Feeling isolated, it's been weeks since I saw my family.",0.707,High
SVC00250,42,20,32,34.5,17,6,6.71,3,0,1,7,"Been a normal week, keeping busy with regular tasks.",0.627,Medium
SVC00250,42,20,69,55.3,4,10,5.17,12,0,0,3,"Standard patrol schedule, no major issues.",0.447,Medium
SVC00250,42,20,58,76.6,18,8,4.65,8,0,0,9,"Usual duty hours, a bit tired but okay overall.",0.652,High
SVC00250,42,20,13,42.4,2,4,4.04,7,0,0,9,"Nothing unusual, just getting through the schedule.",0.475,Medium
SVC00251,41,23,7,70.9,30,4,8.31,16,0,0,3,"Routine day, nothing much to report.",0.631,Medium
SVC00251,41,23,1,71.4,8,0,7.93,18,0,0,2,"Usual duty hours, a bit tired but okay overall.",0.536,Medium
SVC00251,41,23,41,61.8,9,1,5.27,9,0,0,8,"Standard patrol schedule, no major issues.",0.604,Medium
SVC00251,41,23,35,59.3,25,3,5.4,2,1,0,8,Really frustrated and anxious about the extended deployment.,0.696,High
SVC00251,41,23,70,56.9,7,2,8.19,18,0,1,5,"Been a normal week, keeping busy with regular tasks.",0.452,Medium
SVC00251,41,23,18,46.0,24,4,7.7,8,0,0,6,"Extremely exhausted, haven't slept properly in days.",0.63,Medium
SVC00252,26,8,57,35.0,16,13,6.91,0,1,0,9,"Been a normal week, keeping busy with regular tasks.",0.449,Medium
SVC00252,26,8,81,78.3,16,11,2.58,18,0,0,10,"Routine day, nothing much to report.",0.525,Medium
SVC00252,26,8,24,30.0,8,12,7.69,10,0,0,2,"Solid week, workload was manageable and the team is in good spirits.",0.314,Low
SVC00252,26,8,56,58.2,29,11,4.81,7,1,0,2,"Feeling steady. Caught up with family on call, that helped a lot.",0.807,High
SVC00252,26,8,84,56.7,1,4,6.0,11,0,0,1,"Been a normal week, keeping busy with regular tasks.",0.575,Medium
SVC00252,26,8,18,62.0,24,1,6.8,14,0,0,2,"Routine day, nothing much to report.",0.585,Medium
SVC00253,30,12,75,54.2,11,3,4.95,17,0,0,1,"Routine day, nothing much to report.",0.532,Medium
SVC00253,30,12,8,61.7,12,0,8.03,17,0,0,2,The back-to-back duty shifts are wearing me down badly.,0.486,Medium
SVC00253,30,12,37,53.6,24,7,5.03,3,0,0,9,"Routine day, nothing much to report.",0.59,Medium
SVC00253,30,12,6,74.8,10,10,6.04,5,0,0,1,"Been a normal week, keeping busy with regular tasks.",0.529,Medium
SVC00253,30,12,79,50.9,6,1,4.42,10,1,0,8,"Standard patrol schedule, no major issues.",0.587,Medium
SVC00253,30,12,34,47.9,7,7,6.42,16,0,0,9,"Slept well last night, feeling fresh for duty.",0.321,Low
SVC00254,39,21,79,48.1,18,5,7.68,5,0,0,4,"Nothing unusual, just getting through the schedule.",0.56,Medium
SVC00254,39,21,30,61.8,19,0,5.49,15,0,0,3,"Routine day, nothing much to report.",0.644,Medium
SVC00254,39,21,67,63.7,25,4,4.95,12,0,0,7,"Been a normal week, keeping busy with regular tasks.",0.594,Medium
SVC00254,39,21,21,40.2,5,4,6.8,11,0,0,2,"Usual duty hours, a bit tired but okay overall.",0.418,Medium
SVC00254,39,21,27,44.7,17,14,7.56,19,0,0,6,"Good day today, training went well and I got some rest.",0.341,Low
SVC00254,39,21,9,50.1,8,0,6.06,11,0,0,1,"Usual duty hours, a bit tired but okay overall.",0.563,Medium
SVC00255,48,16,77,79.9,14,5,5.33,7,0,0,9,"Nothing unusual, just getting through the schedule.",0.642,Medium
SVC00255,48,16,3,43.8,18,12,5.92,4,0,0,1,"Usual duty hours, a bit tired but okay overall.",0.529,Medium
SVC00255,48,16,9,47.4,27,9,6.33,9,0,0,5,"Been a normal week, keeping busy with regular tasks.",0.494,Medium
SVC00255,48,16,70,32.7,12,12,4.58,16,0,0,5,"Routine day, nothing much to report.",0.518,Medium
SVC00255,48,16,61,41.3,23,12,8.01,12,0,0,5,"Been a normal week, keeping busy with regular tasks.",0.567,Medium
SVC00255,48,16,82,44.9,2,7,5.65,15,0,0,8,"Been a normal week, keeping busy with regular tasks.",0.483,Medium
SVC00256,26,8,72,49.8,13,7,8.74,1,0,0,5,"Nothing unusual, just getting through the schedule.",0.577,Medium
SVC00256,26,8,66,32.7,26,2,5.06,9,0,0,9,"Standard patrol schedule, no major issues.",0.563,Medium
SVC00256,26,8,88,54.9,2,10,6.63,2,0,1,4,"Nothing unusual, just getting through the schedule.",0.503,Medium
SVC00256,26,8,76,34.6,13,11,4.83,14,1,0,6,"Struggling to cope, everything feels overwhelming lately.",0.431,Medium
SVC00256,26,8,73,44.7,26,10,3.72,17,0,0,7,"Nothing unusual, just getting through the schedule.",0.602,Medium
SVC00256,26,8,47,55.6,10,0,6.98,17,0,0,8,"Nothing unusual, just getting through the schedule.",0.559,Medium
SVC00257,23,5,51,39.8,15,13,5.87,6,0,0,8,"Feeling steady. Caught up with family on call, that helped a lot.",0.492,Medium
SVC00257,23,5,71,42.8,29,13,6.05,6,0,0,9,"Struggling to cope, everything feels overwhelming lately.",0.665,High
SVC00257,23,5,25,40.6,20,6,6.27,14,0,0,4,"Standard patrol schedule, no major issues.",0.524,Medium
SVC00257,23,5,64,41.0,5,13,6.11,16,1,0,10,"Extremely exhausted, haven't slept properly in days.",0.292,Low
SVC00257,23,5,9,55.0,2,8,6.52,8,0,0,1,"Had a great time during the sports session, morale is high.",0.55,Medium
SVC00257,23,5,85,62.1,16,1,8.52,17,0,0,10,"Nothing unusual, just getting through the schedule.",0.625,Medium
SVC00258,37,19,73,51.8,5,3,4.16,12,0,0,10,"Nothing unusual, just getting through the schedule.",0.475,Medium
SVC00258,37,19,15,52.0,2,8,7.95,15,0,0,7,"Usual duty hours, a bit tired but okay overall.",0.377,Low
SVC00258,37,19,69,62.4,10,12,6.45,7,0,0,8,"Nothing unusual, just getting through the schedule.",0.604,Medium
SVC00258,37,19,19,56.5,17,8,9.33,19,0,0,8,"Usual duty hours, a bit tired but okay overall.",0.514,Medium
SVC00258,37,19,35,30.0,16,0,4.79,2,0,0,7,"Feeling isolated, it's been weeks since I saw my family.",0.56,Medium
SVC00258,37,19,71,30.4,11,9,5.38,18,0,0,8,"Had a great time during the sports session, morale is high.",0.315,Low
SVC00259,31,9,19,66.0,4,8,5.64,9,0,0,9,"Routine day, nothing much to report.",0.483,Medium
SVC00259,31,9,63,57.8,1,10,5.52,10,0,0,7,"Usual duty hours, a bit tired but okay overall.",0.466,Medium
SVC00259,31,9,56,54.9,17,9,6.87,0,0,0,2,"Nothing unusual, just getting through the schedule.",0.616,Medium
SVC00259,31,9,44,63.6,29,4,5.21,19,0,0,8,"Struggling to cope, everything feels overwhelming lately.",0.653,High
SVC00259,31,9,22,50.4,19,11,3.13,2,0,0,3,"Routine day, nothing much to report.",0.642,Medium
SVC00259,31,9,30,57.8,20,11,6.12,13,0,0,9,"Nothing unusual, just getting through the schedule.",0.489,Medium
SVC00260,23,5,27,60.3,14,10,6.73,15,1,0,10,"Had a great time during the sports session, morale is high.",0.326,Low
SVC00260,23,5,21,43.3,2,11,5.4,6,0,0,9,"Nothing unusual, just getting through the schedule.",0.374,Low
SVC00260,23,5,44,37.9,18,14,8.01,7,0,0,4,"Nothing unusual, just getting through the schedule.",0.387,Low
SVC00260,23,5,33,32.8,23,12,5.86,12,0,0,9,"Standard patrol schedule, no major issues.",0.363,Low
SVC00260,23,5,57,61.7,15,7,7.12,12,0,0,4,"Usual duty hours, a bit tired but okay overall.",0.63,Medium
SVC00260,23,5,86,50.1,4,6,6.06,13,0,0,10,"Routine day, nothing much to report.",0.475,Medium
SVC00261,28,10,8,30.0,8,12,4.31,16,1,1,9,"Feeling steady. Caught up with family on call, that helped a lot.",0.328,Low
SVC00261,28,10,21,47.5,23,13,8.95,17,0,0,5,"Been a normal week, keeping busy with regular tasks.",0.493,Medium
SVC00261,28,10,75,40.7,5,3,9.5,18,0,0,5,"Good day today, training went well and I got some rest.",0.34,Low
SVC00261,28,10,90,39.4,0,14,6.22,6,0,0,10,"Been a normal week, keeping busy with regular tasks.",0.373,Low
SVC00261,28,10,14,73.0,24,7,5.25,19,0,1,4,"Good day today, training went well and I got some rest.",0.686,High
SVC00261,28,10,14,46.5,14,6,4.49,18,0,0,1,"Standard patrol schedule, no major issues.",0.549,Medium
SVC00262,23,5,17,48.2,11,1,7.05,11,0,0,9,"Good day today, training went well and I got some rest.",0.338,Low
SVC00262,23,5,76,49.7,3,4,7.44,15,0,0,9,"Solid week, workload was manageable and the team is in good spirits.",0.33,Low
SVC00262,23,5,66,57.8,24,6,4.63,18,0,0,8,"Feeling isolated, it's been weeks since I saw my family.",0.541,Medium
SVC00262,23,5,90,45.5,8,4,6.0,11,0,0,5,"Routine day, nothing much to report.",0.501,Medium
SVC00262,23,5,86,72.8,0,8,6.03,4,0,0,1,"Nothing unusual, just getting through the schedule.",0.62,Medium
SVC00262,23,5,89,32.2,16,1,6.85,8,0,0,1,"Good day today, training went well and I got some rest.",0.571,Medium
SVC00263,45,3,8,52.7,15,4,5.77,15,0,0,3,"Slept well last night, feeling fresh for duty.",0.464,Medium
SVC00263,45,3,22,59.1,27,10,5.47,11,0,0,5,"Routine day, nothing much to report.",0.529,Medium
SVC00263,45,3,78,63.5,22,14,6.77,19,0,0,9,"Good day today, training went well and I got some rest.",0.534,Medium
SVC00263,45,3,75,35.1,21,8,4.86,6,0,0,3,"Extremely exhausted, haven't slept properly in days.",0.717,High
SVC00263,45,3,77,58.1,10,3,6.47,1,0,1,9,"Routine day, nothing much to report.",0.623,Medium
SVC00263,45,3,14,39.0,8,8,6.47,11,0,0,3,"Struggling to cope, everything feels overwhelming lately.",0.362,Low
SVC00264,22,4,44,53.6,7,12,4.42,8,0,0,10,"Been a normal week, keeping busy with regular tasks.",0.5,Medium
SVC00264,22,4,20,53.9,0,11,6.11,7,0,0,1,"Been a normal week, keeping busy with regular tasks.",0.443,Medium
SVC00264,22,4,89,60.1,28,9,6.33,4,0,0,5,Really frustrated and anxious about the extended deployment.,0.836,High
SVC00264,22,4,88,64.6,29,6,5.65,5,0,0,8,The back-to-back duty shifts are wearing me down badly.,0.822,High
SVC00264,22,4,29,54.9,10,2,5.02,17,0,1,5,"Usual duty hours, a bit tired but okay overall.",0.39,Low
SVC00264,22,4,45,62.9,20,11,6.99,15,0,0,6,"Nothing unusual, just getting through the schedule.",0.604,Medium
SVC00265,27,6,49,45.4,12,8,5.89,17,0,0,10,"Nothing unusual, just getting through the schedule.",0.49,Medium
SVC00265,27,6,29,42.2,3,0,6.18,11,0,0,4,"Good day today, training went well and I got some rest.",0.283,Low
SVC00265,27,6,21,33.5,27,11,6.42,1,0,0,10,"Slept well last night, feeling fresh for duty.",0.343,Low
SVC00265,27,6,43,59.8,10,13,4.59,11,0,1,10,"Been a normal week, keeping busy with regular tasks.",0.394,Low
SVC00265,27,6,16,65.2,3,14,8.0,1,1,0,5,"Usual duty hours, a bit tired but okay overall.",0.385,Low
SVC00265,27,6,36,52.1,7,9,7.9,1,0,0,4,"Been a normal week, keeping busy with regular tasks.",0.436,Medium
SVC00266,21,3,40,59.4,8,1,5.11,18,1,0,6,"Standard patrol schedule, no major issues.",0.552,Medium
SVC00266,21,3,77,67.9,28,7,5.54,10,0,0,8,"Feeling isolated, it's been weeks since I saw my family.",0.746,High
SVC00266,21,3,83,40.6,23,11,6.14,13,0,0,10,"Feeling isolated, it's been weeks since I saw my family.",0.484,Medium
SVC00266,21,3,22,63.4,20,14,8.03,7,0,1,10,"Nothing unusual, just getting through the schedule.",0.539,Medium
SVC00266,21,3,47,36.3,11,0,6.22,16,0,0,10,"Standard patrol schedule, no major issues.",0.402,Medium
SVC00266,21,3,90,43.3,1,8,7.98,19,0,0,1,"Slept well last night, feeling fresh for duty.",0.433,Medium
SVC00267,40,4,46,49.4,4,0,6.16,10,0,0,7,"Been a normal week, keeping busy with regular tasks.",0.439,Medium
SVC00267,40,4,59,32.3,10,8,5.89,13,0,0,10,"Good day today, training went well and I got some rest.",0.298,Low
SVC00267,40,4,85,54.0,7,14,5.1,4,0,0,2,"Standard patrol schedule, no major issues.",0.612,Medium
SVC00267,40,4,23,38.2,23,11,7.84,4,0,0,3,"Standard patrol schedule, no major issues.",0.485,Medium
SVC00267,40,4,24,62.7,1,9,5.25,9,0,0,4,"Routine day, nothing much to report.",0.467,Medium
SVC00267,40,4,67,60.9,28,1,5.22,4,0,0,5,The back-to-back duty shifts are wearing me down badly.,0.672,High
SVC00268,36,18,70,57.0,15,4,5.65,12,0,0,7,"Nothing unusual, just getting through the schedule.",0.497,Medium
SVC00268,36,18,30,30.0,18,2,6.98,15,0,1,4,"Nothing unusual, just getting through the schedule.",0.422,Medium
SVC00268,36,18,37,66.3,24,8,3.93,19,0,0,9,"Routine day, nothing much to report.",0.536,Medium
SVC00268,36,18,21,58.1,5,8,5.81,16,0,0,4,"Been a normal week, keeping busy with regular tasks.",0.458,Medium
SVC00268,36,18,1,51.9,24,8,4.95,5,0,0,3,Really frustrated and anxious about the extended deployment.,0.657,High
SVC00268,36,18,61,48.7,13,10,6.11,17,1,0,2,"Had a great time during the sports session, morale is high.",0.504,Medium
SVC00269,30,8,75,68.3,11,9,7.57,11,0,1,4,"Nothing unusual, just getting through the schedule.",0.64,Medium
SVC00269,30,8,54,42.5,4,1,5.74,0,0,0,5,"Struggling to cope, everything feels overwhelming lately.",0.527,Medium
SVC00269,30,8,30,62.4,29,11,6.55,6,2,0,1,"Had a great time during the sports session, morale is high.",0.702,High
SVC00269,30,8,72,72.1,28,14,3.43,0,0,0,5,"Standard patrol schedule, no major issues.",0.794,High
SVC00269,30,8,7,59.6,11,7,6.95,5,0,0,6,"Routine day, nothing much to report.",0.533,Medium
SVC00269,30,8,49,61.0,23,3,5.59,10,0,0,1,"Usual duty hours, a bit tired but okay overall.",0.698,High
SVC00270,36,16,88,51.3,8,7,7.84,17,0,1,10,"Been a normal week, keeping busy with regular tasks.",0.479,Medium
SVC00270,36,16,24,59.6,26,3,5.5,19,0,0,3,"Standard patrol schedule, no major issues.",0.502,Medium
SVC00270,36,16,14,54.0,15,5,7.59,19,0,0,1,"Extremely exhausted, haven't slept properly in days.",0.506,Medium
SVC00270,36,16,17,54.1,25,10,5.14,1,0,1,8,"Standard patrol schedule, no major issues.",0.492,Medium
SVC00270,36,16,89,75.7,25,12,5.24,1,0,0,1,"Been a normal week, keeping busy with regular tasks.",0.863,High
SVC00270,36,16,29,70.0,30,1,6.65,8,0,0,5,"Standard patrol schedule, no major issues.",0.759,High
SVC00271,31,13,47,35.3,14,9,4.37,19,0,0,9,"Slept well last night, feeling fresh for duty.",0.323,Low
SVC00271,31,13,85,36.6,1,0,8.39,3,1,0,2,"Routine day, nothing much to report.",0.594,Medium
SVC00271,31,13,39,35.7,18,13,8.06,13,0,2,4,"Standard patrol schedule, no major issues.",0.414,Medium
SVC00271,31,13,53,56.8,30,13,4.88,15,0,1,3,Really frustrated and anxious about the extended deployment.,0.686,High
SVC00271,31,13,59,69.6,12,7,7.2,13,1,1,4,"Struggling to cope, everything feels overwhelming lately.",0.583,Medium
SVC00271,31,13,32,38.7,27,14,6.88,12,0,0,9,"Usual duty hours, a bit tired but okay overall.",0.467,Medium
SVC00272,31,13,44,62.5,2,13,7.78,2,0,0,7,"Extremely exhausted, haven't slept properly in days.",0.441,Medium
SVC00272,31,13,16,66.3,2,0,4.08,0,0,0,2,"Routine day, nothing much to report.",0.621,Medium
SVC00272,31,13,80,45.5,17,3,7.52,7,1,0,6,"Struggling to cope, everything feels overwhelming lately.",0.663,High
SVC00272,31,13,29,30.0,25,13,6.64,3,0,0,8,"Routine day, nothing much to report.",0.513,Medium
SVC00272,31,13,30,62.3,26,14,6.05,13,0,0,6,"Usual duty hours, a bit tired but okay overall.",0.481,Medium
SVC00272,31,13,28,51.7,3,13,7.04,17,0,0,8,"Slept well last night, feeling fresh for duty.",0.338,Low
SVC00273,44,23,21,50.2,25,4,4.32,8,0,0,8,"Usual duty hours, a bit tired but okay overall.",0.518,Medium
SVC00273,44,23,38,50.0,8,10,5.62,4,0,0,3,"Been a normal week, keeping busy with regular tasks.",0.617,Medium
SVC00273,44,23,88,71.9,8,12,5.77,16,0,0,3,"Routine day, nothing much to report.",0.572,Medium
SVC00273,44,23,63,65.3,15,8,6.16,7,1,1,5,"Usual duty hours, a bit tired but okay overall.",0.691,High
SVC00273,44,23,7,50.4,26,2,7.23,4,0,0,6,"Routine day, nothing much to report.",0.507,Medium
SVC00273,44,23,35,46.4,18,13,4.84,11,0,0,6,"Standard patrol schedule, no major issues.",0.439,Medium
SVC00274,46,8,68,41.1,3,12,7.94,15,0,0,8,"Usual duty hours, a bit tired but okay overall.",0.339,Low
SVC00274,46,8,18,54.9,7,10,6.27,4,0,0,4,"Nothing unusual, just getting through the schedule.",0.379,Low
SVC00274,46,8,28,47.6,29,10,4.4,19,0,1,1,"Nothing unusual, just getting through the schedule.",0.555,Medium
SVC00274,46,8,10,62.5,3,3,8.93,13,0,0,3,"Standard patrol schedule, no major issues.",0.348,Low
SVC00274,46,8,69,47.4,5,3,6.38,15,0,0,2,"Nothing unusual, just getting through the schedule.",0.5,Medium
SVC00274,46,8,30,59.4,13,8,6.55,14,1,0,6,"Been a normal week, keeping busy with regular tasks.",0.515,Medium
SVC00275,47,6,41,39.9,11,0,6.74,18,0,0,5,"Routine day, nothing much to report.",0.486,Medium
SVC00275,47,6,19,75.3,14,1,4.91,13,0,0,3,"Extremely exhausted, haven't slept properly in days.",0.728,High
SVC00275,47,6,6,43.9,21,0,6.36,17,0,0,7,"Routine day, nothing much to report.",0.479,Medium
SVC00275,47,6,58,35.5,7,0,6.99,3,1,0,6,"Had a great time during the sports session, morale is high.",0.508,Medium
SVC00275,47,6,63,43.9,2,4,8.58,9,0,0,7,Really frustrated and anxious about the extended deployment.,0.464,Medium
SVC00275,47,6,60,57.5,26,14,5.01,15,0,0,1,"Good day today, training went well and I got some rest.",0.572,Medium
SVC00276,48,18,26,54.3,26,2,5.01,15,1,0,8,"Been a normal week, keeping busy with regular tasks.",0.571,Medium
SVC00276,48,18,78,48.6,20,2,6.73,18,1,0,8,"Usual duty hours, a bit tired but okay overall.",0.63,Medium
SVC00276,48,18,33,44.1,23,14,8.18,17,0,0,3,"Been a normal week, keeping busy with regular tasks.",0.554,Medium
SVC00276,48,18,20,67.0,30,5,9.1,11,0,0,5,Really frustrated and anxious about the extended deployment.,0.634,Medium
SVC00276,48,18,60,35.4,5,6,5.75,12,0,0,4,"Been a normal week, keeping busy with regular tasks.",0.429,Medium
SVC00276,48,18,83,56.6,28,11,6.87,1,0,1,2,"Struggling to cope, everything feels overwhelming lately.",0.846,High
SVC00277,24,6,1,38.9,22,13,6.79,0,0,0,7,"Been a normal week, keeping busy with regular tasks.",0.4,Medium
SVC00277,24,6,14,44.8,8,14,6.58,19,0,0,4,"Standard patrol schedule, no major issues.",0.352,Low
SVC00277,24,6,54,40.5,9,8,6.75,11,0,0,3,"Standard patrol schedule, no major issues.",0.452,Medium
SVC00277,24,6,68,52.0,19,10,6.22,14,0,0,6,"Been a normal week, keeping busy with regular tasks.",0.602,Medium
SVC00277,24,6,70,52.8,13,8,6.8,11,0,0,2,"Nothing unusual, just getting through the schedule.",0.575,Medium
SVC00277,24,6,14,53.1,30,7,6.86,4,0,0,7,"Slept well last night, feeling fresh for duty.",0.653,High
SVC00278,23,5,76,30.0,30,14,7.05,13,1,0,9,"Nothing unusual, just getting through the schedule.",0.535,Medium
SVC00278,23,5,6,50.5,1,12,7.02,15,0,0,8,"Slept well last night, feeling fresh for duty.",0.286,Low
SVC00278,23,5,56,32.4,16,12,5.58,5,1,0,1,"Usual duty hours, a bit tired but okay overall.",0.629,Medium
SVC00278,23,5,60,44.5,30,12,8.48,12,1,0,10,"Routine day, nothing much to report.",0.471,Medium
SVC00278,23,5,13,39.4,19,10,7.74,7,0,0,10,"Been a normal week, keeping busy with regular tasks.",0.302,Low
SVC00278,23,5,61,38.4,9,7,5.2,7,0,0,6,"Standard patrol schedule, no major issues.",0.504,Medium
SVC00279,35,17,38,46.1,7,3,6.04,13,0,0,2,"Struggling to cope, everything feels overwhelming lately.",0.531,Medium
SVC00279,35,17,15,30.0,16,13,6.52,19,0,0,6,"Had a great time during the sports session, morale is high.",0.204,Low
SVC00279,35,17,44,50.4,30,0,5.03,8,0,0,3,"Feeling isolated, it's been weeks since I saw my family.",0.868,High
SVC00279,35,17,4,44.0,15,6,5.97,12,0,0,9,"Been a normal week, keeping busy with regular tasks.",0.334,Low
SVC00279,35,17,81,66.3,23,12,5.85,2,0,0,3,The back-to-back duty shifts are wearing me down badly.,0.794,High
SVC00279,35,17,9,72.4,0,5,5.27,0,0,1,1,"Routine day, nothing much to report.",0.61,Medium
SVC00280,21,3,48,53.2,12,3,6.06,6,1,0,4,"Nothing unusual, just getting through the schedule.",0.556,Medium
SVC00280,21,3,56,49.5,1,10,6.63,10,0,0,3,"Been a normal week, keeping busy with regular tasks.",0.464,Medium
SVC00280,21,3,37,59.7,20,8,6.81,3,0,0,4,"Extremely exhausted, haven't slept properly in days.",0.534,Medium
SVC00280,21,3,7,66.3,17,5,7.74,12,0,0,4,"Solid week, workload was manageable and the team is in good spirits.",0.592,Medium
SVC00280,21,3,82,68.7,30,3,6.11,5,0,0,7,"Extremely exhausted, haven't slept properly in days.",0.774,High
SVC00280,21,3,50,33.1,1,4,7.03,0,0,0,4,"Nothing unusual, just getting through the schedule.",0.455,Medium
SVC00281,43,12,86,45.3,15,7,7.64,13,0,1,5,"Nothing unusual, just getting through the schedule.",0.643,Medium
SVC00281,43,12,64,52.3,24,4,8.83,1,0,0,1,"Routine day, nothing much to report.",0.77,High
SVC00281,43,12,13,58.6,21,5,7.15,18,0,0,8,"Struggling to cope, everything feels overwhelming lately.",0.414,Medium
SVC00281,43,12,17,48.8,29,6,8.3,0,0,0,2,"Nothing unusual, just getting through the schedule.",0.519,Medium
SVC00281,43,12,43,43.4,26,10,7.32,14,1,0,9,"Routine day, nothing much to report.",0.508,Medium
SVC00281,43,12,5,42.4,23,11,7.69,15,0,0,10,"Standard patrol schedule, no major issues.",0.343,Low
SVC00282,27,6,86,50.7,12,12,7.91,0,0,0,8,"Nothing unusual, just getting through the schedule.",0.569,Medium
SVC00282,27,6,19,46.1,11,14,3.77,10,0,0,10,"Solid week, workload was manageable and the team is in good spirits.",0.242,Low
SVC00282,27,6,49,46.9,13,1,6.24,4,0,1,8,"Nothing unusual, just getting through the schedule.",0.634,Medium
SVC00282,27,6,11,79.1,16,6,7.26,19,0,0,3,"Standard patrol schedule, no major issues.",0.436,Medium
SVC00282,27,6,15,46.0,23,11,4.18,5,0,0,7,"Standard patrol schedule, no major issues.",0.376,Low
SVC00282,27,6,77,48.6,7,12,7.56,13,0,0,5,"Routine day, nothing much to report.",0.374,Low
SVC00283,21,3,52,64.5,15,13,7.18,0,0,0,2,"Nothing unusual, just getting through the schedule.",0.59,Medium
SVC00283,21,3,89,30.0,12,13,5.86,3,0,0,5,"Standard patrol schedule, no major issues.",0.542,Medium
SVC00283,21,3,20,32.9,7,12,4.33,14,0,0,3,"Routine day, nothing much to report.",0.371,Low
SVC00283,21,3,32,58.2,30,7,4.64,11,0,0,7,"Been a normal week, keeping busy with regular tasks.",0.602,Medium
SVC00283,21,3,58,41.4,17,10,6.66,1,0,0,10,"Usual duty hours, a bit tired but okay overall.",0.496,Medium
SVC00283,21,3,3,48.7,7,12,6.0,2,1,0,9,"Nothing unusual, just getting through the schedule.",0.497,Medium
SVC00284,37,19,80,45.7,26,3,6.31,7,0,0,4,"Been a normal week, keeping busy with regular tasks.",0.749,High
SVC00284,37,19,30,67.4,23,1,8.27,17,0,1,7,"Usual duty hours, a bit tired but okay overall.",0.558,Medium
SVC00284,37,19,1,70.9,10,9,4.99,13,0,0,8,"Nothing unusual, just getting through the schedule.",0.385,Low
SVC00284,37,19,4,36.4,21,1,5.65,13,0,0,7,"Usual duty hours, a bit tired but okay overall.",0.426,Medium
SVC00284,37,19,29,49.7,0,0,5.84,3,0,0,1,"Usual duty hours, a bit tired but okay overall.",0.628,Medium
SVC00284,37,19,13,56.5,23,6,4.76,4,0,0,5,"Nothing unusual, just getting through the schedule.",0.555,Medium
SVC00285,30,12,76,56.2,21,11,7.5,14,0,0,5,"Nothing unusual, just getting through the schedule.",0.639,Medium
SVC00285,30,12,57,38.8,3,1,7.69,5,0,0,3,"Standard patrol schedule, no major issues.",0.6,Medium
SVC00285,30,12,58,76.2,22,7,4.73,1,0,0,10,"Had a great time during the sports session, morale is high.",0.73,High
SVC00285,30,12,75,50.4,11,14,5.75,7,0,0,7,"Been a normal week, keeping busy with regular tasks.",0.555,Medium
SVC00285,30,12,77,54.8,29,6,4.85,10,0,0,8,"Nothing unusual, just getting through the schedule.",0.678,High
SVC00285,30,12,38,46.2,18,2,5.66,1,0,0,10,"Nothing unusual, just getting through the schedule.",0.474,Medium
SVC00286,32,14,38,67.4,14,9,7.52,7,0,0,2,"Standard patrol schedule, no major issues.",0.611,Medium
SVC00286,32,14,13,47.5,28,4,6.16,2,0,0,4,"Been a normal week, keeping busy with regular tasks.",0.628,Medium
SVC00286,32,14,73,47.0,20,13,7.54,9,0,0,9,"Routine day, nothing much to report.",0.505,Medium
SVC00286,32,14,45,54.5,19,14,5.83,6,0,0,10,"Usual duty hours, a bit tired but okay overall.",0.536,Medium
SVC00286,32,14,80,64.9,22,1,4.29,18,1,0,2,"Feeling isolated, it's been weeks since I saw my family.",0.705,High
SVC00286,32,14,31,42.0,14,9,4.65,3,0,0,6,"Routine day, nothing much to report.",0.505,Medium
SVC00287,31,13,3,79.6,2,1,6.51,18,0,3,5,"Slept well last night, feeling fresh for duty.",0.566,Medium
SVC00287,31,13,83,56.3,13,11,7.95,0,0,0,1,"Routine day, nothing much to report.",0.708,High
SVC00287,31,13,45,56.5,10,10,3.14,14,0,0,1,"Standard patrol schedule, no major issues.",0.664,High
SVC00287,31,13,81,30.4,17,3,7.11,8,0,0,8,"Standard patrol schedule, no major issues.",0.443,Medium
SVC00287,31,13,80,60.0,4,4,6.98,12,0,0,6,"Extremely exhausted, haven't slept properly in days.",0.521,Medium
SVC00287,31,13,51,65.4,22,9,6.2,9,1,0,2,"Feeling isolated, it's been weeks since I saw my family.",0.698,High
SVC00288,39,18,64,49.8,21,9,6.34,6,0,0,7,"Nothing unusual, just getting through the schedule.",0.472,Medium
SVC00288,39,18,46,56.9,20,5,7.68,8,0,0,4,"Good day today, training went well and I got some rest.",0.562,Medium
SVC00288,39,18,61,43.5,7,11,5.6,3,0,0,2,"Routine day, nothing much to report.",0.513,Medium
SVC00288,39,18,72,31.1,12,11,5.71,15,0,0,7,"Had a great time during the sports session, morale is high.",0.313,Low
SVC00288,39,18,23,32.8,27,4,4.68,7,0,0,7,"Nothing unusual, just getting through the schedule.",0.543,Medium
SVC00288,39,18,39,64.3,29,8,5.88,1,0,0,1,"Struggling to cope, everything feels overwhelming lately.",0.807,High
SVC00289,46,20,43,54.1,16,8,6.29,13,0,0,9,"Routine day, nothing much to report.",0.511,Medium
SVC00289,46,20,61,76.9,6,2,6.51,15,2,0,6,"Had a great time during the sports session, morale is high.",0.622,Medium
SVC00289,46,20,24,68.9,6,6,6.04,18,0,0,5,"Routine day, nothing much to report.",0.576,Medium
SVC00289,46,20,69,51.3,28,6,6.56,17,0,0,2,"Usual duty hours, a bit tired but okay overall.",0.677,High
SVC00289,46,20,74,67.2,16,10,8.73,11,0,0,10,"Extremely exhausted, haven't slept properly in days.",0.523,Medium
SVC00289,46,20,24,48.5,10,0,5.1,12,0,0,9,"Extremely exhausted, haven't slept properly in days.",0.361,Low
SVC00290,40,17,20,40.3,14,12,5.79,6,0,0,4,Really frustrated and anxious about the extended deployment.,0.596,Medium
SVC00290,40,17,46,52.2,26,12,6.71,2,0,0,1,"Routine day, nothing much to report.",0.677,High
SVC00290,40,17,64,53.3,9,10,2.94,11,0,0,6,"Routine day, nothing much to report.",0.563,Medium
SVC00290,40,17,37,54.7,30,6,8.83,1,0,0,4,Really frustrated and anxious about the extended deployment.,0.668,High
SVC00290,40,17,75,60.8,7,2,4.86,8,0,0,6,"Usual duty hours, a bit tired but okay overall.",0.685,High
SVC00290,40,17,65,43.8,24,4,5.27,0,0,0,7,"Been a normal week, keeping busy with regular tasks.",0.618,Medium
SVC00291,27,9,51,51.7,5,2,8.48,16,0,0,6,"Standard patrol schedule, no major issues.",0.371,Low
SVC00291,27,9,27,43.6,27,2,7.37,0,0,0,7,"Nothing unusual, just getting through the schedule.",0.582,Medium
SVC00291,27,9,60,30.0,9,9,5.99,8,0,0,1,"Feeling steady. Caught up with family on call, that helped a lot.",0.498,Medium
SVC00291,27,9,12,70.8,18,14,7.41,14,0,0,4,"Routine day, nothing much to report.",0.507,Medium
SVC00291,27,9,13,55.1,24,11,4.56,19,0,0,8,"Extremely exhausted, haven't slept properly in days.",0.456,Medium
SVC00291,27,9,80,49.4,26,14,6.35,0,0,0,2,"Usual duty hours, a bit tired but okay overall.",0.618,Medium
SVC00292,39,21,60,64.8,12,11,6.53,19,0,0,3,"Nothing unusual, just getting through the schedule.",0.551,Medium
SVC00292,39,21,25,55.0,10,5,4.56,3,0,0,5,"Usual duty hours, a bit tired but okay overall.",0.563,Medium
SVC00292,39,21,85,56.6,2,10,5.73,16,0,0,7,"Standard patrol schedule, no major issues.",0.435,Medium
SVC00292,39,21,34,73.2,3,4,6.63,11,0,1,7,"Slept well last night, feeling fresh for duty.",0.567,Medium
SVC00292,39,21,72,54.6,9,7,7.77,17,0,0,1,Really frustrated and anxious about the extended deployment.,0.713,High
SVC00292,39,21,68,30.0,15,8,5.65,0,0,0,3,"Been a normal week, keeping busy with regular tasks.",0.54,Medium
SVC00293,50,9,53,60.7,13,10,7.06,19,0,0,3,"Standard patrol schedule, no major issues.",0.442,Medium
SVC00293,50,9,15,69.5,29,14,6.33,14,0,1,9,"Nothing unusual, just getting through the schedule.",0.628,Medium
SVC00293,50,9,1,55.3,28,1,7.49,3,0,0,10,"Routine day, nothing much to report.",0.587,Medium
SVC00293,50,9,73,63.4,21,2,8.47,16,0,0,9,"Nothing unusual, just getting through the schedule.",0.684,High
SVC00293,50,9,33,81.8,11,0,7.8,10,2,0,1,"Struggling to cope, everything feels overwhelming lately.",0.767,High
SVC00293,50,9,69,59.9,22,8,9.25,2,0,0,6,"Struggling to cope, everything feels overwhelming lately.",0.755,High
SVC00294,27,9,65,59.6,11,7,3.91,14,0,0,5,"Usual duty hours, a bit tired but okay overall.",0.489,Medium
SVC00294,27,9,52,46.4,17,12,6.66,6,0,0,4,"Been a normal week, keeping busy with regular tasks.",0.512,Medium
SVC00294,27,9,80,46.0,9,4,5.06,17,0,0,1,"Nothing unusual, just getting through the schedule.",0.583,Medium
SVC00294,27,9,20,55.2,20,4,4.44,4,1,0,9,"Been a normal week, keeping busy with regular tasks.",0.594,Medium
SVC00294,27,9,50,62.6,15,8,6.28,4,0,0,10,"Routine day, nothing much to report.",0.624,Medium
SVC00294,27,9,31,64.4,9,6,3.14,5,0,0,1,"Standard patrol schedule, no major issues.",0.602,Medium
SVC00295,33,6,23,66.9,26,11,7.62,10,0,0,6,"Usual duty hours, a bit tired but okay overall.",0.585,Medium
SVC00295,33,6,19,70.3,18,1,7.72,13,0,0,2,"Slept well last night, feeling fresh for duty.",0.683,High
SVC00295,33,6,57,74.8,0,14,4.11,3,0,0,7,"Usual duty hours, a bit tired but okay overall.",0.64,Medium
SVC00295,33,6,61,40.9,15,4,8.14,3,0,0,6,"Routine day, nothing much to report.",0.551,Medium
SVC00295,33,6,70,49.6,4,7,8.01,19,0,0,7,"Nothing unusual, just getting through the schedule.",0.381,Low
SVC00295,33,6,30,57.3,5,0,5.12,1,0,0,10,"Been a normal week, keeping busy with regular tasks.",0.582,Medium
SVC00296,43,7,32,52.5,21,2,6.71,14,1,0,1,"Extremely exhausted, haven't slept properly in days.",0.66,High
SVC00296,43,7,24,55.0,1,7,7.64,1,1,1,9,"Nothing unusual, just getting through the schedule.",0.34,Low
SVC00296,43,7,18,63.7,28,13,6.08,7,0,0,9,"Extremely exhausted, haven't slept properly in days.",0.539,Medium
SVC00296,43,7,21,31.3,22,10,5.66,2,0,0,10,"Standard patrol schedule, no major issues.",0.473,Medium
SVC00296,43,7,25,45.1,11,8,4.21,4,0,0,2,"Nothing unusual, just getting through the schedule.",0.553,Medium
SVC00296,43,7,72,68.7,4,3,8.76,7,0,0,9,"Usual duty hours, a bit tired but okay overall.",0.551,Medium
SVC00297,35,5,43,56.2,8,5,6.32,10,0,1,8,"Standard patrol schedule, no major issues.",0.598,Medium
SVC00297,35,5,86,43.3,12,3,5.28,10,0,0,8,"Been a normal week, keeping busy with regular tasks.",0.506,Medium
SVC00297,35,5,25,70.5,6,6,4.52,17,0,0,5,"Been a normal week, keeping busy with regular tasks.",0.517,Medium
SVC00297,35,5,67,42.1,29,13,7.84,17,0,0,10,"Usual duty hours, a bit tired but okay overall.",0.445,Medium
SVC00297,35,5,62,35.1,23,14,6.87,9,0,0,4,"Extremely exhausted, haven't slept properly in days.",0.441,Medium
SVC00297,35,5,44,40.9,26,7,7.86,2,0,0,10,"Usual duty hours, a bit tired but okay overall.",0.489,Medium
SVC00298,26,8,59,44.4,28,14,7.44,14,0,0,6,"Been a normal week, keeping busy with regular tasks.",0.534,Medium
SVC00298,26,8,19,42.8,24,11,7.16,10,0,0,8,"Good day today, training went well and I got some rest.",0.431,Medium
SVC00298,26,8,43,48.5,10,8,6.68,9,0,0,2,"Nothing unusual, just getting through the schedule.",0.561,Medium
SVC00298,26,8,76,30.0,10,6,6.77,6,0,0,9,"Nothing unusual, just getting through the schedule.",0.506,Medium
SVC00298,26,8,72,42.9,10,5,7.02,6,0,0,6,"Extremely exhausted, haven't slept properly in days.",0.502,Medium
SVC00298,26,8,51,40.3,8,12,4.51,14,0,0,10,The back-to-back duty shifts are wearing me down badly.,0.345,Low
SVC00299,28,10,56,50.4,18,5,6.42,6,1,0,3,"Struggling to cope, everything feels overwhelming lately.",0.8,High
SVC00299,28,10,59,42.1,1,9,5.17,10,0,0,7,"Been a normal week, keeping busy with regular tasks.",0.386,Low
SVC00299,28,10,84,56.8,7,8,6.19,18,0,0,6,"Usual duty hours, a bit tired but okay overall.",0.566,Medium
SVC00299,28,10,6,54.3,14,3,5.05,5,0,0,8,"Good day today, training went well and I got some rest.",0.565,Medium
SVC00299,28,10,83,62.9,17,12,5.72,12,0,0,8,"Routine day, nothing much to report.",0.538,Medium
SVC00299,28,10,38,44.3,18,1,6.06,12,0,0,4,"Usual duty hours, a bit tired but okay overall.",0.592,Medium
SVC00300,31,13,54,65.1,13,10,5.61,8,1,0,8,"Been a normal week, keeping busy with regular tasks.",0.563,Medium
SVC00300,31,13,49,53.6,7,2,8.21,15,0,0,1,"Been a normal week, keeping busy with regular tasks.",0.463,Medium
SVC00300,31,13,75,45.2,9,3,6.0,12,0,0,6,"Standard patrol schedule, no major issues.",0.55,Medium
SVC00300,31,13,41,80.2,4,12,6.99,8,0,0,4,"Nothing unusual, just getting through the schedule.",0.554,Medium
SVC00300,31,13,63,46.1,2,1,3.64,17,0,0,8,"Usual duty hours, a bit tired but okay overall.",0.555,Medium
SVC00300,31,13,89,65.0,20,1,7.41,3,0,0,1,The back-to-back duty shifts are wearing me down badly.,0.872,High
SVC00301,35,17,8,59.5,6,12,6.5,8,0,1,9,"Routine day, nothing much to report.",0.422,Medium
SVC00301,35,17,51,61.6,22,1,7.0,2,1,0,9,"Nothing unusual, just getting through the schedule.",0.634,Medium
SVC00301,35,17,89,30.4,16,4,4.3,3,0,0,1,"Nothing unusual, just getting through the schedule.",0.675,High
SVC00301,35,17,56,48.2,12,0,6.12,10,0,0,3,"Been a normal week, keeping busy with regular tasks.",0.618,Medium
SVC00301,35,17,69,61.6,29,2,5.56,1,0,0,1,Really frustrated and anxious about the extended deployment.,0.954,High
SVC00301,35,17,76,40.5,27,3,5.67,15,0,0,5,Really frustrated and anxious about the extended deployment.,0.733,High
SVC00302,36,5,4,77.6,27,4,6.15,18,1,0,5,"Standard patrol schedule, no major issues.",0.629,Medium
SVC00302,36,5,84,57.1,24,11,4.73,14,0,0,5,"Struggling to cope, everything feels overwhelming lately.",0.768,High
SVC00302,36,5,3,65.7,8,11,7.5,7,0,0,4,"Usual duty hours, a bit tired but okay overall.",0.537,Medium
SVC00302,36,5,87,48.8,14,5,5.44,13,0,0,10,"Feeling isolated, it's been weeks since I saw my family.",0.712,High
SVC00302,36,5,44,39.4,26,11,6.39,12,1,0,2,"Nothing unusual, just getting through the schedule.",0.547,Medium
SVC00302,36,5,41,57.2,8,3,5.95,0,1,0,7,"Nothing unusual, just getting through the schedule.",0.685,High
SVC00303,48,23,2,66.3,24,5,5.82,4,0,0,6,"Standard patrol schedule, no major issues.",0.718,High
SVC00303,48,23,65,39.5,27,7,5.47,16,0,0,6,"Nothing unusual, just getting through the schedule.",0.707,High
SVC00303,48,23,20,72.3,21,10,5.96,18,0,0,8,"Usual duty hours, a bit tired but okay overall.",0.433,Medium
SVC00303,48,23,87,73.8,0,6,5.86,7,0,0,1,"Good day today, training went well and I got some rest.",0.713,High
SVC00303,48,23,51,65.6,21,3,5.27,10,0,0,6,"Nothing unusual, just getting through the schedule.",0.693,High
SVC00303,48,23,46,60.7,28,7,6.58,10,0,0,5,Really frustrated and anxious about the extended deployment.,0.654,High
SVC00304,31,13,43,30.0,27,0,6.28,0,0,1,6,"Routine day, nothing much to report.",0.533,Medium
SVC00304,31,13,58,48.6,18,10,6.73,11,0,0,9,"Usual duty hours, a bit tired but okay overall.",0.506,Medium
SVC00304,31,13,21,43.9,17,2,5.41,1,0,0,9,"Usual duty hours, a bit tired but okay overall.",0.453,Medium
SVC00304,31,13,63,49.5,6,10,5.33,3,0,0,5,"Routine day, nothing much to report.",0.59,Medium
SVC00304,31,13,73,48.5,21,3,4.48,18,0,0,4,"Standard patrol schedule, no major issues.",0.65,Medium
SVC00304,31,13,49,41.6,22,7,5.56,19,0,0,7,The back-to-back duty shifts are wearing me down badly.,0.396,Low
SVC00305,36,18,39,62.2,0,9,9.5,17,0,0,5,"Standard patrol schedule, no major issues.",0.483,Medium
SVC00305,36,18,77,41.9,12,13,2.96,1,0,0,5,"Usual duty hours, a bit tired but okay overall.",0.532,Medium
SVC00305,36,18,47,51.0,2,9,7.15,11,0,0,1,"Routine day, nothing much to report.",0.614,Medium
SVC00305,36,18,36,48.5,13,7,6.98,11,0,0,1,"Been a normal week, keeping busy with regular tasks.",0.433,Medium
SVC00305,36,18,20,35.0,21,11,6.49,3,0,0,8,Really frustrated and anxious about the extended deployment.,0.351,Low
SVC00305,36,18,16,54.4,0,11,8.56,18,0,0,1,"Struggling to cope, everything feels overwhelming lately.",0.366,Low
SVC00306,51,21,30,72.7,20,1,6.48,12,0,0,10,"Nothing unusual, just getting through the schedule.",0.556,Medium
SVC00306,51,21,48,52.5,21,5,4.74,9,0,0,9,"Standard patrol schedule, no major issues.",0.575,Medium
SVC00306,51,21,36,46.0,3,3,4.18,9,1,0,10,"Nothing unusual, just getting through the schedule.",0.411,Medium
SVC00306,51,21,45,56.9,16,2,6.56,16,0,0,1,"Been a normal week, keeping busy with regular tasks.",0.631,Medium
SVC00306,51,21,13,52.5,22,0,7.03,19,0,0,3,"Usual duty hours, a bit tired but okay overall.",0.432,Medium
SVC00306,51,21,5,45.0,7,11,4.12,18,1,0,4,"Nothing unusual, just getting through the schedule.",0.395,Low
SVC00307,31,13,2,70.8,29,11,4.76,9,0,0,7,"Been a normal week, keeping busy with regular tasks.",0.608,Medium
SVC00307,31,13,14,81.0,0,3,8.33,14,0,0,2,"Slept well last night, feeling fresh for duty.",0.492,Medium
SVC00307,31,13,68,39.2,7,6,7.48,1,0,1,3,"Usual duty hours, a bit tired but okay overall.",0.617,Medium
SVC00307,31,13,84,49.2,12,13,7.06,19,1,0,8,"Slept well last night, feeling fresh for duty.",0.455,Medium
SVC00307,31,13,69,51.8,8,12,6.51,18,0,1,6,"Good day today, training went well and I got some rest.",0.334,Low
SVC00307,31,13,84,53.0,28,9,5.48,12,0,0,7,"Struggling to cope, everything feels overwhelming lately.",0.768,High
SVC00308,49,7,4,53.2,8,3,5.94,1,0,0,4,"Usual duty hours, a bit tired but okay overall.",0.537,Medium
SVC00308,49,7,55,74.2,30,11,6.43,17,1,0,7,"Good day today, training went well and I got some rest.",0.687,High
SVC00308,49,7,41,47.8,24,1,7.82,9,0,0,10,"Nothing unusual, just getting through the schedule.",0.552,Medium
SVC00308,49,7,39,47.1,6,4,6.6,16,0,0,8,"Standard patrol schedule, no major issues.",0.434,Medium
SVC00308,49,7,62,81.8,30,14,7.23,18,0,0,7,"Been a normal week, keeping busy with regular tasks.",0.528,Medium
SVC00308,49,7,85,42.8,2,9,6.44,11,1,0,10,"Standard patrol schedule, no major issues.",0.475,Medium
SVC00309,28,10,48,59.9,3,3,7.42,1,1,0,10,"Routine day, nothing much to report.",0.374,Low
SVC00309,28,10,18,65.1,22,3,5.96,3,1,0,7,"Nothing unusual, just getting through the schedule.",0.518,Medium
SVC00309,28,10,40,61.7,14,7,4.61,8,0,1,8,"Been a normal week, keeping busy with regular tasks.",0.56,Medium
SVC00309,28,10,7,48.6,29,4,6.57,4,0,0,9,"Been a normal week, keeping busy with regular tasks.",0.508,Medium
SVC00309,28,10,82,57.2,12,7,4.36,2,0,0,1,"Standard patrol schedule, no major issues.",0.706,High
SVC00309,28,10,48,52.8,4,8,6.56,4,0,0,7,"Standard patrol schedule, no major issues.",0.514,Medium
SVC00310,32,14,90,68.8,10,3,7.05,1,0,0,10,"Been a normal week, keeping busy with regular tasks.",0.592,Medium
SVC00310,32,14,9,79.2,15,11,6.33,10,0,0,8,"Nothing unusual, just getting through the schedule.",0.542,Medium
SVC00310,32,14,21,60.9,0,0,7.89,7,0,0,3,"Nothing unusual, just getting through the schedule.",0.473,Medium
SVC00310,32,14,37,36.7,19,2,7.56,19,0,0,3,"Feeling isolated, it's been weeks since I saw my family.",0.441,Medium
SVC00310,32,14,78,36.6,29,2,6.55,13,0,0,4,"Standard patrol schedule, no major issues.",0.633,Medium
SVC00310,32,14,88,61.6,22,11,7.66,9,0,0,10,"Struggling to cope, everything feels overwhelming lately.",0.591,Medium
SVC00311,37,19,17,51.8,22,9,6.8,18,0,0,1,"Good day today, training went well and I got some rest.",0.452,Medium
SVC00311,37,19,77,46.7,29,4,6.1,0,0,0,9,"Routine day, nothing much to report.",0.786,High
SVC00311,37,19,48,60.3,29,13,9.03,10,0,0,3,"Standard patrol schedule, no major issues.",0.612,Medium
SVC00311,37,19,6,66.3,28,1,7.48,11,0,0,4,"Extremely exhausted, haven't slept properly in days.",0.652,High
SVC00311,37,19,76,59.9,15,0,6.51,0,0,0,2,"Had a great time during the sports session, morale is high.",0.67,High
SVC00311,37,19,24,58.3,20,6,8.5,7,0,0,8,"Routine day, nothing much to report.",0.533,Medium
SVC00312,26,8,72,50.6,11,2,5.61,14,0,0,7,"Been a normal week, keeping busy with regular tasks.",0.533,Medium
SVC00312,26,8,41,49.7,20,13,6.66,6,0,0,3,"Standard patrol schedule, no major issues.",0.412,Medium
SVC00312,26,8,85,45.8,24,1,6.94,11,0,0,8,"Routine day, nothing much to report.",0.554,Medium
SVC00312,26,8,79,44.9,26,8,5.49,9,0,0,6,"Been a normal week, keeping busy with regular tasks.",0.617,Medium
SVC00312,26,8,41,40.4,14,9,6.24,14,0,0,3,"Extremely exhausted, haven't slept properly in days.",0.401,Medium
SVC00312,26,8,13,54.5,28,3,5.82,4,0,0,4,"Standard patrol schedule, no major issues.",0.641,Medium
SVC00313,31,12,85,45.9,4,6,4.16,6,0,0,9,"Feeling steady. Caught up with family on call, that helped a lot.",0.345,Low
SVC00313,31,12,82,68.3,14,14,5.66,6,0,0,3,"Been a normal week, keeping busy with regular tasks.",0.752,High
SVC00313,31,12,11,41.9,19,7,8.0,15,0,0,8,"Had a great time during the sports session, morale is high.",0.348,Low
SVC00313,31,12,25,58.1,5,8,4.47,14,0,0,1,"Nothing unusual, just getting through the schedule.",0.455,Medium
SVC00313,31,12,0,53.1,20,8,7.88,12,0,0,5,"Standard patrol schedule, no major issues.",0.48,Medium
SVC00313,31,12,25,69.9,2,1,5.65,0,1,0,4,"Nothing unusual, just getting through the schedule.",0.683,High
SVC00314,48,12,44,37.6,28,2,6.7,8,0,0,8,"Extremely exhausted, haven't slept properly in days.",0.658,High
SVC00314,48,12,29,57.2,14,11,7.08,13,0,0,5,"Nothing unusual, just getting through the schedule.",0.486,Medium
SVC00314,48,12,10,34.0,11,9,4.71,16,0,0,1,"Standard patrol schedule, no major issues.",0.415,Medium
SVC00314,48,12,27,67.6,1,2,7.59,13,1,0,4,"Standard patrol schedule, no major issues.",0.442,Medium
SVC00314,48,12,84,56.4,28,9,6.76,2,0,0,5,"Usual duty hours, a bit tired but okay overall.",0.703,High
SVC00314,48,12,27,72.3,16,12,8.83,8,0,1,3,"Nothing unusual, just getting through the schedule.",0.587,Medium
SVC00315,36,12,82,31.6,10,6,8.63,19,0,0,1,"Usual duty hours, a bit tired but okay overall.",0.649,Medium
SVC00315,36,12,56,55.9,11,9,5.77,2,0,0,1,"Usual duty hours, a bit tired but okay overall.",0.644,Medium
SVC00315,36,12,72,35.5,5,13,5.3,6,0,0,7,"Nothing unusual, just getting through the schedule.",0.482,Medium
SVC00315,36,12,36,50.9,16,13,4.52,12,0,0,9,"Nothing unusual, just getting through the schedule.",0.358,Low
SVC00315,36,12,77,68.6,28,10,5.19,3,0,0,8,The back-to-back duty shifts are wearing me down badly.,0.78,High
SVC00315,36,12,17,61.0,15,6,4.67,8,0,1,7,Really frustrated and anxious about the extended deployment.,0.542,Medium
SVC00316,46,16,27,49.5,2,4,6.33,9,0,0,4,"Usual duty hours, a bit tired but okay overall.",0.426,Medium
SVC00316,46,16,7,35.2,14,6,4.54,7,0,0,8,"Been a normal week, keeping busy with regular tasks.",0.421,Medium
SVC00316,46,16,85,61.8,22,10,2.5,10,0,0,7,"Routine day, nothing much to report.",0.806,High
SVC00316,46,16,31,35.1,19,3,7.19,1,0,0,2,"Usual duty hours, a bit tired but okay overall.",0.59,Medium
SVC00316,46,16,7,71.4,21,8,5.69,12,0,0,2,"Been a normal week, keeping busy with regular tasks.",0.531,Medium
SVC00316,46,16,71,54.8,20,14,6.87,15,0,1,5,"Standard patrol schedule, no major issues.",0.632,Medium
SVC00317,40,13,34,31.4,22,7,6.72,13,0,0,2,"Nothing unusual, just getting through the schedule.",0.523,Medium
SVC00317,40,13,0,53.8,12,4,6.14,5,0,1,2,"Extremely exhausted, haven't slept properly in days.",0.697,High
SVC00317,40,13,68,58.1,2,12,7.0,16,0,0,3,"Been a normal week, keeping busy with regular tasks.",0.594,Medium
SVC00317,40,13,5,49.1,25,11,7.11,2,0,0,2,"Been a normal week, keeping busy with regular tasks.",0.641,Medium
SVC00317,40,13,72,62.0,21,10,6.17,16,0,0,3,"Been a normal week, keeping busy with regular tasks.",0.619,Medium
SVC00317,40,13,85,50.8,9,2,8.35,12,0,0,4,"Nothing unusual, just getting through the schedule.",0.53,Medium
SVC00318,30,12,73,58.3,21,9,6.49,10,0,1,3,"Usual duty hours, a bit tired but okay overall.",0.639,Medium
SVC00318,30,12,90,53.6,30,6,5.21,5,0,0,2,"Extremely exhausted, haven't slept properly in days.",0.768,High
SVC00318,30,12,85,30.0,13,7,7.22,1,0,0,8,"Solid week, workload was manageable and the team is in good spirits.",0.435,Medium
SVC00318,30,12,23,48.1,24,9,9.5,10,0,0,1,The back-to-back duty shifts are wearing me down badly.,0.479,Medium
SVC00318,30,12,26,47.9,21,10,7.38,17,0,0,4,"Routine day, nothing much to report.",0.487,Medium
SVC00318,30,12,17,38.3,6,0,4.54,13,0,0,4,"Standard patrol schedule, no major issues.",0.366,Low
SVC00319,48,28,20,34.6,4,0,6.23,13,0,0,8,"Routine day, nothing much to report.",0.409,Medium
SVC00319,48,28,65,60.3,2,10,2.79,5,0,0,9,"Nothing unusual, just getting through the schedule.",0.523,Medium
SVC00319,48,28,0,60.6,20,4,5.15,16,1,0,3,"Routine day, nothing much to report.",0.507,Medium
SVC00319,48,28,12,76.1,17,4,5.58,10,0,0,9,"Usual duty hours, a bit tired but okay overall.",0.519,Medium
SVC00319,48,28,3,62.2,17,2,6.52,13,0,1,1,"Nothing unusual, just getting through the schedule.",0.581,Medium
SVC00319,48,28,58,61.8,25,10,6.36,1,1,0,6,"Routine day, nothing much to report.",0.621,Medium
SVC00320,21,3,25,47.2,22,7,7.19,11,0,0,9,"Feeling steady. Caught up with family on call, that helped a lot.",0.321,Low
SVC00320,21,3,50,55.0,27,14,6.62,9,0,0,2,"Struggling to cope, everything feels overwhelming lately.",0.687,High
SVC00320,21,3,40,58.9,15,2,5.31,0,0,0,5,The back-to-back duty shifts are wearing me down badly.,0.684,High
SVC00320,21,3,23,62.6,4,5,6.92,15,0,0,4,"Been a normal week, keeping busy with regular tasks.",0.469,Medium
SVC00320,21,3,40,46.0,15,0,5.46,17,1,1,5,"Usual duty hours, a bit tired but okay overall.",0.458,Medium
SVC00320,21,3,35,52.9,1,8,7.53,0,1,1,6,"Feeling steady. Caught up with family on call, that helped a lot.",0.344,Low
SVC00321,49,11,32,48.1,28,13,5.86,1,0,0,5,"Usual duty hours, a bit tired but okay overall.",0.526,Medium
SVC00321,49,11,49,40.1,0,0,7.35,6,0,0,1,The back-to-back duty shifts are wearing me down badly.,0.598,Medium
SVC00321,49,11,43,61.2,7,3,4.94,11,0,0,6,"Been a normal week, keeping busy with regular tasks.",0.543,Medium
SVC00321,49,11,29,30.0,19,14,7.07,14,0,0,1,"Routine day, nothing much to report.",0.535,Medium
SVC00321,49,11,89,62.5,2,7,5.05,14,1,1,7,"Feeling isolated, it's been weeks since I saw my family.",0.512,Medium
SVC00321,49,11,2,42.0,6,3,6.95,2,0,0,10,Really frustrated and anxious about the extended deployment.,0.378,Low
SVC00322,40,15,68,57.2,1,1,6.65,11,0,0,10,"Routine day, nothing much to report.",0.391,Low
SVC00322,40,15,25,53.0,1,12,6.83,18,0,0,2,"Nothing unusual, just getting through the schedule.",0.372,Low
SVC00322,40,15,39,51.9,20,11,4.9,6,0,0,6,"Usual duty hours, a bit tired but okay overall.",0.509,Medium
SVC00322,40,15,4,49.3,0,10,6.95,18,0,0,5,"Had a great time during the sports session, morale is high.",0.343,Low
SVC00322,40,15,21,72.8,29,1,8.13,5,0,0,8,"Been a normal week, keeping busy with regular tasks.",0.557,Medium
SVC00322,40,15,88,30.6,29,7,8.89,16,0,1,3,"Been a normal week, keeping busy with regular tasks.",0.594,Medium
SVC00323,42,22,43,57.1,3,6,4.13,0,0,0,4,"Standard patrol schedule, no major issues.",0.601,Medium
SVC00323,42,22,1,77.5,15,3,4.61,7,0,0,6,"Standard patrol schedule, no major issues.",0.621,Medium
SVC00323,42,22,40,42.2,24,9,6.44,12,0,0,4,"Nothing unusual, just getting through the schedule.",0.603,Medium
SVC00323,42,22,90,43.5,10,10,6.17,17,0,0,3,"Nothing unusual, just getting through the schedule.",0.427,Medium
SVC00323,42,22,19,50.0,4,7,7.58,15,1,0,4,"Been a normal week, keeping busy with regular tasks.",0.361,Low
SVC00323,42,22,61,54.0,30,6,6.75,15,1,0,1,"Slept well last night, feeling fresh for duty.",0.742,High
SVC00324,28,10,18,65.6,27,1,6.14,11,0,0,10,"Routine day, nothing much to report.",0.446,Medium
SVC00324,28,10,49,53.9,30,11,7.81,2,0,0,10,"Nothing unusual, just getting through the schedule.",0.487,Medium
SVC00324,28,10,14,44.7,16,0,6.02,17,1,0,1,"Been a normal week, keeping busy with regular tasks.",0.493,Medium
SVC00324,28,10,50,61.6,21,7,5.21,3,0,0,6,"Standard patrol schedule, no major issues.",0.615,Medium
SVC00324,28,10,73,53.8,16,2,4.92,3,0,0,3,"Extremely exhausted, haven't slept properly in days.",0.682,High
SVC00324,28,10,62,46.8,4,11,5.05,2,0,0,5,"Had a great time during the sports session, morale is high.",0.498,Medium
SVC00325,36,1,6,50.9,27,2,5.52,8,0,0,6,"Solid week, workload was manageable and the team is in good spirits.",0.551,Medium
SVC00325,36,1,63,55.3,14,6,6.42,12,2,0,7,"Been a normal week, keeping busy with regular tasks.",0.539,Medium
SVC00325,36,1,50,44.8,0,13,6.87,1,0,0,7,"Routine day, nothing much to report.",0.287,Low
SVC00325,36,1,67,43.7,9,14,7.96,4,0,0,6,"Standard patrol schedule, no major issues.",0.371,Low
SVC00325,36,1,80,35.5,2,4,7.72,0,0,0,10,Really frustrated and anxious about the extended deployment.,0.459,Medium
SVC00325,36,1,59,52.3,13,1,5.44,6,0,0,4,"Standard patrol schedule, no major issues.",0.602,Medium
SVC00326,21,3,76,62.8,17,11,7.44,3,0,0,9,"Standard patrol schedule, no major issues.",0.646,Medium
SVC00326,21,3,63,44.5,10,6,7.19,8,0,1,6,"Been a normal week, keeping busy with regular tasks.",0.527,Medium
SVC00326,21,3,74,53.2,27,14,5.31,9,2,0,7,The back-to-back duty shifts are wearing me down badly.,0.713,High
SVC00326,21,3,83,42.9,11,6,7.41,4,0,0,4,"Usual duty hours, a bit tired but okay overall.",0.444,Medium
SVC00326,21,3,25,67.0,9,14,7.38,16,0,0,2,"Routine day, nothing much to report.",0.414,Medium
SVC00326,21,3,4,58.8,15,11,5.93,5,0,0,1,"Been a normal week, keeping busy with regular tasks.",0.518,Medium
SVC00327,35,17,39,57.8,25,6,8.92,2,0,0,5,"Routine day, nothing much to report.",0.57,Medium
SVC00327,35,17,89,44.0,9,13,4.69,5,0,1,8,"Routine day, nothing much to report.",0.44,Medium
SVC00327,35,17,88,49.4,8,8,6.6,13,0,0,4,"Standard patrol schedule, no major issues.",0.643,Medium
SVC00327,35,17,43,66.1,26,9,5.26,1,0,1,1,"Feeling isolated, it's been weeks since I saw my family.",0.821,High
SVC00327,35,17,63,40.3,30,5,6.85,14,0,0,4,Really frustrated and anxious about the extended deployment.,0.614,Medium
SVC00327,35,17,72,47.4,20,14,4.6,2,0,0,9,"Good day today, training went well and I got some rest.",0.629,Medium
SVC00328,36,6,77,45.1,6,10,6.3,13,1,0,4,"Standard patrol schedule, no major issues.",0.513,Medium
SVC00328,36,6,20,72.6,25,8,7.18,7,1,1,5,"Routine day, nothing much to report.",0.638,Medium
SVC00328,36,6,85,45.1,26,6,7.94,10,0,0,10,"Nothing unusual, just getting through the schedule.",0.647,Medium
SVC00328,36,6,34,77.8,4,7,7.28,5,0,0,7,"Feeling isolated, it's been weeks since I saw my family.",0.52,Medium
SVC00328,36,6,47,53.2,29,1,8.34,4,0,0,1,"Nothing unusual, just getting through the schedule.",0.753,High
SVC00328,36,6,63,43.0,30,10,7.01,4,0,0,3,"Feeling isolated, it's been weeks since I saw my family.",0.718,High
SVC00329,36,11,55,70.5,3,0,4.89,15,1,0,7,"Been a normal week, keeping busy with regular tasks.",0.539,Medium
SVC00329,36,11,67,78.4,19,9,5.42,16,0,0,3,"Extremely exhausted, haven't slept properly in days.",0.721,High
SVC00329,36,11,81,36.0,22,6,6.28,8,0,0,6,"Usual duty hours, a bit tired but okay overall.",0.602,Medium
SVC00329,36,11,41,60.3,16,8,6.01,4,0,0,6,"Good day today, training went well and I got some rest.",0.671,High
SVC00329,36,11,86,61.1,9,8,5.62,8,0,0,1,The back-to-back duty shifts are wearing me down badly.,0.652,High
SVC00329,36,11,0,55.3,18,6,7.31,2,0,0,6,"Routine day, nothing much to report.",0.527,Medium
SVC00330,28,10,77,76.7,25,4,6.39,4,0,0,1,Really frustrated and anxious about the extended deployment.,0.884,High
SVC00330,28,10,25,53.8,3,8,6.44,5,0,1,9,"Feeling isolated, it's been weeks since I saw my family.",0.366,Low
SVC00330,28,10,14,62.0,6,3,7.68,12,0,0,2,"Been a normal week, keeping busy with regular tasks.",0.512,Medium
SVC00330,28,10,33,51.1,4,13,8.26,3,0,0,8,"Solid week, workload was manageable and the team is in good spirits.",0.314,Low
SVC00330,28,10,18,51.1,29,0,6.19,18,0,1,9,"Been a normal week, keeping busy with regular tasks.",0.491,Medium
SVC00330,28,10,22,53.2,24,6,5.76,15,0,0,4,"Been a normal week, keeping busy with regular tasks.",0.607,Medium
SVC00331,34,16,25,60.5,13,2,7.19,1,0,0,7,"Routine day, nothing much to report.",0.632,Medium
SVC00331,34,16,22,50.1,30,5,6.5,4,0,0,7,"Nothing unusual, just getting through the schedule.",0.683,High
SVC00331,34,16,70,37.6,7,14,7.51,17,1,0,3,"Been a normal week, keeping busy with regular tasks.",0.379,Low
SVC00331,34,16,15,45.0,21,11,5.87,9,1,0,6,"Routine day, nothing much to report.",0.571,Medium
SVC00331,34,16,67,50.7,22,14,5.92,17,0,0,1,"Usual duty hours, a bit tired but okay overall.",0.629,Medium
SVC00331,34,16,37,61.3,14,10,4.92,8,0,0,1,"Nothing unusual, just getting through the schedule.",0.664,High
SVC00332,22,4,75,44.5,16,3,4.11,16,0,0,7,"Nothing unusual, just getting through the schedule.",0.536,Medium
SVC00332,22,4,3,53.1,13,6,6.76,5,0,0,8,"Been a normal week, keeping busy with regular tasks.",0.413,Medium
SVC00332,22,4,73,56.8,17,14,8.12,7,0,0,1,"Feeling steady. Caught up with family on call, that helped a lot.",0.626,Medium
SVC00332,22,4,9,62.0,28,3,6.63,0,0,0,2,"Struggling to cope, everything feels overwhelming lately.",0.826,High
SVC00332,22,4,82,49.4,0,13,6.51,6,0,0,10,"Good day today, training went well and I got some rest.",0.405,Medium
SVC00332,22,4,90,42.3,12,0,5.37,16,0,0,2,"Struggling to cope, everything feels overwhelming lately.",0.642,Medium
SVC00333,22,4,75,33.4,25,4,8.24,1,1,1,1,"Usual duty hours, a bit tired but okay overall.",0.659,High
SVC00333,22,4,61,64.0,13,9,8.44,4,0,0,1,"Usual duty hours, a bit tired but okay overall.",0.696,High
SVC00333,22,4,85,33.6,2,2,4.99,17,1,0,6,"Routine day, nothing much to report.",0.429,Medium
SVC00333,22,4,28,56.2,24,12,5.1,6,0,0,1,"Struggling to cope, everything feels overwhelming lately.",0.677,High
SVC00333,22,4,83,37.8,20,8,9.02,2,0,0,10,"Nothing unusual, just getting through the schedule.",0.632,Medium
SVC00333,22,4,59,37.3,26,5,7.17,6,0,0,9,"Been a normal week, keeping busy with regular tasks.",0.521,Medium
SVC00334,54,21,39,59.5,11,0,6.98,16,0,0,9,"Routine day, nothing much to report.",0.355,Low
SVC00334,54,21,61,50.7,10,12,5.07,1,1,0,8,"Usual duty hours, a bit tired but okay overall.",0.535,Medium
SVC00334,54,21,52,47.9,12,10,7.74,11,0,0,6,"Been a normal week, keeping busy with regular tasks.",0.372,Low
SVC00334,54,21,51,66.0,26,11,5.67,4,0,0,6,"Nothing unusual, just getting through the schedule.",0.587,Medium
SVC00334,54,21,81,42.8,16,0,5.29,14,0,0,8,"Routine day, nothing much to report.",0.425,Medium
SVC00334,54,21,90,55.6,0,14,8.98,15,0,0,10,"Good day today, training went well and I got some rest.",0.375,Low
SVC00335,27,9,12,49.3,1,0,5.64,4,0,0,5,"Usual duty hours, a bit tired but okay overall.",0.382,Low
SVC00335,27,9,14,63.0,7,8,5.82,8,1,0,10,"Solid week, workload was manageable and the team is in good spirits.",0.327,Low
SVC00335,27,9,51,58.3,7,3,5.86,9,2,0,8,"Standard patrol schedule, no major issues.",0.642,Medium
SVC00335,27,9,19,55.2,27,2,5.6,0,0,0,5,"Solid week, workload was manageable and the team is in good spirits.",0.699,High
SVC00335,27,9,20,64.2,7,14,3.79,12,0,0,5,"Routine day, nothing much to report.",0.472,Medium
SVC00335,27,9,54,77.9,28,7,7.2,15,1,0,4,"Been a normal week, keeping busy with regular tasks.",0.766,High
SVC00336,28,10,71,51.2,21,6,2.5,8,0,0,6,"Usual duty hours, a bit tired but okay overall.",0.611,Medium
SVC00336,28,10,1,46.4,12,11,6.28,11,0,0,7,"Routine day, nothing much to report.",0.42,Medium
SVC00336,28,10,8,53.1,13,14,6.71,9,0,0,5,"Nothing unusual, just getting through the schedule.",0.387,Low
SVC00336,28,10,55,52.8,1,14,6.53,6,0,0,7,"Routine day, nothing much to report.",0.472,Medium
SVC00336,28,10,19,55.2,19,7,6.33,3,0,0,10,"Standard patrol schedule, no major issues.",0.569,Medium
SVC00336,28,10,71,52.6,13,12,6.0,8,1,0,5,"Been a normal week, keeping busy with regular tasks.",0.573,Medium
SVC00337,49,1,56,38.2,19,11,6.28,13,0,0,2,"Nothing unusual, just getting through the schedule.",0.557,Medium
SVC00337,49,1,30,45.1,4,5,6.01,3,0,0,7,"Nothing unusual, just getting through the schedule.",0.418,Medium
SVC00337,49,1,17,57.7,29,14,5.57,9,0,0,5,"Usual duty hours, a bit tired but okay overall.",0.686,High
SVC00337,49,1,32,46.5,9,4,8.05,14,0,0,5,"Nothing unusual, just getting through the schedule.",0.406,Medium
SVC00337,49,1,87,40.6,19,13,6.94,6,0,0,7,"Routine day, nothing much to report.",0.427,Medium
SVC00337,49,1,5,48.9,19,7,7.04,7,0,0,10,Really frustrated and anxious about the extended deployment.,0.514,Medium
SVC00338,34,6,58,51.6,1,10,6.98,11,0,0,8,"Usual duty hours, a bit tired but okay overall.",0.446,Medium
SVC00338,34,6,81,30.0,22,4,6.87,4,0,0,1,"Routine day, nothing much to report.",0.623,Medium
SVC00338,34,6,0,57.4,26,4,6.93,8,0,0,1,"Been a normal week, keeping busy with regular tasks.",0.554,Medium
SVC00338,34,6,23,32.2,15,5,6.6,16,0,0,10,"Routine day, nothing much to report.",0.318,Low
SVC00338,34,6,85,47.9,2,12,6.48,3,0,0,8,"Standard patrol schedule, no major issues.",0.499,Medium
SVC00338,34,6,54,64.2,28,10,8.51,18,0,0,8,"Struggling to cope, everything feels overwhelming lately.",0.668,High
SVC00339,33,15,88,59.0,2,10,4.02,11,0,0,3,"Routine day, nothing much to report.",0.512,Medium
SVC00339,33,15,58,63.2,1,14,4.95,5,1,0,8,Really frustrated and anxious about the extended deployment.,0.496,Medium
SVC00339,33,15,57,44.6,13,12,6.06,17,0,0,10,"Been a normal week, keeping busy with regular tasks.",0.457,Medium
SVC00339,33,15,90,36.3,0,7,4.55,15,0,0,4,"Been a normal week, keeping busy with regular tasks.",0.582,Medium
SVC00339,33,15,57,76.0,5,5,9.38,12,0,0,2,"Feeling isolated, it's been weeks since I saw my family.",0.589,Medium
SVC00339,33,15,27,51.2,1,9,8.4,17,0,0,9,The back-to-back duty shifts are wearing me down badly.,0.204,Low
SVC00340,39,9,35,49.1,12,3,4.39,5,1,0,8,"Been a normal week, keeping busy with regular tasks.",0.533,Medium
SVC00340,39,9,27,56.0,6,7,7.43,10,0,0,1,"Usual duty hours, a bit tired but okay overall.",0.472,Medium
SVC00340,39,9,49,52.6,29,12,5.08,19,0,0,8,"Been a normal week, keeping busy with regular tasks.",0.562,Medium
SVC00340,39,9,26,66.0,9,5,4.66,6,0,1,3,"Usual duty hours, a bit tired but okay overall.",0.676,High
SVC00340,39,9,14,41.6,1,10,5.67,4,0,0,1,"Routine day, nothing much to report.",0.404,Medium
SVC00340,39,9,83,33.5,29,0,8.13,17,0,0,3,"Been a normal week, keeping busy with regular tasks.",0.56,Medium
SVC00341,53,20,56,48.9,30,1,6.12,1,0,1,5,"Extremely exhausted, haven't slept properly in days.",0.7,High
SVC00341,53,20,34,42.0,30,14,5.54,2,0,0,6,"Been a normal week, keeping busy with regular tasks.",0.546,Medium
SVC00341,53,20,51,34.6,27,4,5.67,11,1,1,4,"Slept well last night, feeling fresh for duty.",0.684,High
SVC00341,53,20,63,63.0,1,14,7.95,18,0,0,3,"Nothing unusual, just getting through the schedule.",0.457,Medium
SVC00341,53,20,20,42.8,24,12,6.51,4,0,0,8,"Nothing unusual, just getting through the schedule.",0.434,Medium
SVC00341,53,20,64,63.1,30,2,6.5,13,0,0,7,"Been a normal week, keeping busy with regular tasks.",0.758,High
SVC00342,42,15,52,58.6,13,0,5.26,2,0,0,3,"Slept well last night, feeling fresh for duty.",0.673,High
SVC00342,42,15,3,30.1,4,3,6.8,19,0,0,6,"Standard patrol schedule, no major issues.",0.273,Low
SVC00342,42,15,20,63.7,24,6,7.9,8,0,0,3,"Routine day, nothing much to report.",0.431,Medium
SVC00342,42,15,41,66.4,12,0,6.1,12,0,0,4,"Extremely exhausted, haven't slept properly in days.",0.747,High
SVC00342,42,15,28,46.9,10,14,5.73,13,0,0,4,"Been a normal week, keeping busy with regular tasks.",0.418,Medium
SVC00342,42,15,54,47.4,14,13,5.9,7,0,0,4,"Routine day, nothing much to report.",0.473,Medium
SVC00343,47,12,66,55.7,25,10,6.23,2,0,0,3,"Feeling isolated, it's been weeks since I saw my family.",0.642,Medium
SVC00343,47,12,3,48.6,17,14,6.71,12,0,0,10,"Slept well last night, feeling fresh for duty.",0.338,Low
SVC00343,47,12,41,59.8,15,10,6.79,7,0,1,1,"Nothing unusual, just getting through the schedule.",0.558,Medium
SVC00343,47,12,89,30.8,16,9,6.84,14,0,0,1,"Routine day, nothing much to report.",0.539,Medium
SVC00343,47,12,89,60.5,24,14,6.54,7,0,0,5,"Extremely exhausted, haven't slept properly in days.",0.756,High
SVC00343,47,12,1,46.2,10,0,4.88,17,0,0,3,"Feeling steady. Caught up with family on call, that helped a lot.",0.554,Medium
SVC00344,45,27,2,60.1,17,9,5.94,13,0,1,6,"Usual duty hours, a bit tired but okay overall.",0.497,Medium
SVC00344,45,27,4,85.2,11,12,6.78,8,0,0,5,"Nothing unusual, just getting through the schedule.",0.612,Medium
SVC00344,45,27,79,67.4,29,2,6.62,11,0,0,9,"Struggling to cope, everything feels overwhelming lately.",0.801,High
SVC00344,45,27,68,83.6,23,3,4.9,0,0,0,10,"Usual duty hours, a bit tired but okay overall.",0.778,High
SVC00344,45,27,16,43.7,25,12,6.03,14,0,0,10,"Had a great time during the sports session, morale is high.",0.293,Low
SVC00344,45,27,25,76.4,26,11,7.91,14,0,0,4,"Feeling isolated, it's been weeks since I saw my family.",0.731,High
SVC00345,33,2,1,52.2,23,5,6.61,15,0,0,5,"Routine day, nothing much to report.",0.446,Medium
SVC00345,33,2,60,43.5,22,8,6.76,19,0,0,7,"Been a normal week, keeping busy with regular tasks.",0.551,Medium
SVC00345,33,2,68,50.2,24,13,7.11,6,0,0,9,"Routine day, nothing much to report.",0.506,Medium
SVC00345,33,2,30,55.8,21,9,3.63,9,0,0,6,"Nothing unusual, just getting through the schedule.",0.647,Medium
SVC00345,33,2,65,61.6,5,2,5.67,0,0,0,9,"Been a normal week, keeping busy with regular tasks.",0.62,Medium
SVC00345,33,2,22,49.4,30,13,7.33,16,1,0,1,"Usual duty hours, a bit tired but okay overall.",0.515,Medium
SVC00346,48,21,85,49.6,24,5,8.06,16,0,0,9,"Usual duty hours, a bit tired but okay overall.",0.492,Medium
SVC00346,48,21,36,72.0,22,12,5.75,2,0,0,7,"Nothing unusual, just getting through the schedule.",0.68,High
SVC00346,48,21,4,67.5,16,10,5.69,3,0,0,8,"Routine day, nothing much to report.",0.429,Medium
SVC00346,48,21,80,43.6,1,12,7.98,9,0,0,7,"Routine day, nothing much to report.",0.462,Medium
SVC00346,48,21,42,75.5,13,5,4.9,18,0,0,4,Really frustrated and anxious about the extended deployment.,0.617,Medium
SVC00346,48,21,6,48.1,2,1,7.73,8,0,0,8,"Routine day, nothing much to report.",0.266,Low
SVC00347,24,6,29,43.1,4,12,4.89,1,0,0,6,"Nothing unusual, just getting through the schedule.",0.415,Medium
SVC00347,24,6,75,60.1,30,11,7.16,7,0,0,9,"Routine day, nothing much to report.",0.552,Medium
SVC00347,24,6,22,69.4,27,13,5.39,10,0,1,8,"Nothing unusual, just getting through the schedule.",0.585,Medium
SVC00347,24,6,22,48.1,18,3,5.77,14,0,0,3,"Nothing unusual, just getting through the schedule.",0.465,Medium
SVC00347,24,6,80,75.5,1,7,6.76,17,1,0,3,"Good day today, training went well and I got some rest.",0.613,Medium
SVC00347,24,6,48,57.0,18,5,5.84,16,0,0,3,"Usual duty hours, a bit tired but okay overall.",0.666,High
SVC00348,52,16,88,44.3,18,9,5.0,7,1,0,7,"Feeling isolated, it's been weeks since I saw my family.",0.681,High
SVC00348,52,16,22,46.5,11,12,8.8,6,0,0,4,"Standard patrol schedule, no major issues.",0.359,Low
SVC00348,52,16,88,58.0,22,12,6.43,15,1,0,4,"Routine day, nothing much to report.",0.545,Medium
SVC00348,52,16,4,61.4,7,6,6.9,5,0,0,2,"Been a normal week, keeping busy with regular tasks.",0.456,Medium
SVC00348,52,16,80,58.8,2,8,7.57,11,0,0,7,"Been a normal week, keeping busy with regular tasks.",0.426,Medium
SVC00348,52,16,85,62.6,22,0,6.12,5,0,0,6,"Routine day, nothing much to report.",0.748,High
SVC00349,52,19,90,58.9,17,1,6.68,11,0,0,3,"Routine day, nothing much to report.",0.567,Medium
SVC00349,52,19,83,40.1,7,10,5.27,5,0,0,4,"Usual duty hours, a bit tired but okay overall.",0.457,Medium
SVC00349,52,19,86,58.8,21,0,7.19,18,1,0,3,"Feeling isolated, it's been weeks since I saw my family.",0.762,High
SVC00349,52,19,59,43.3,6,12,9.2,10,0,0,1,"Feeling isolated, it's been weeks since I saw my family.",0.421,Medium
SVC00349,52,19,7,33.8,15,1,6.15,15,0,0,7,"Been a normal week, keeping busy with regular tasks.",0.415,Medium
SVC00349,52,19,70,57.9,6,13,7.0,3,0,0,3,Really frustrated and anxious about the extended deployment.,0.657,High
SVC00350,43,12,8,56.1,21,3,5.38,15,1,0,6,"Been a normal week, keeping busy with regular tasks.",0.505,Medium
SVC00350,43,12,65,63.8,21,4,7.05,4,0,0,1,Really frustrated and anxious about the extended deployment.,0.708,High
SVC00350,43,12,75,40.3,28,14,6.95,6,0,0,5,"Nothing unusual, just getting through the schedule.",0.62,Medium
SVC00350,43,12,34,58.4,0,14,4.95,11,0,0,3,"Usual duty hours, a bit tired but okay overall.",0.454,Medium
SVC00350,43,12,33,62.7,25,3,5.42,16,0,0,9,"Good day today, training went well and I got some rest.",0.547,Medium
SVC00350,43,12,24,36.7,3,8,9.5,15,0,0,4,"Had a great time during the sports session, morale is high.",0.203,Low
SVC00351,50,1,80,94.7,9,6,6.71,5,2,1,6,The back-to-back duty shifts are wearing me down badly.,0.849,High
SVC00351,50,1,84,75.1,24,2,6.57,0,1,0,3,"Feeling isolated, it's been weeks since I saw my family.",0.961,High
SVC00351,50,1,71,51.5,13,10,6.13,9,0,0,1,"Usual duty hours, a bit tired but okay overall.",0.623,Medium
SVC00351,50,1,49,69.7,3,6,4.89,12,0,1,1,"Standard patrol schedule, no major issues.",0.623,Medium
SVC00351,50,1,85,55.2,5,5,8.84,0,0,0,1,"Nothing unusual, just getting through the schedule.",0.552,Medium
SVC00351,50,1,1,39.9,30,11,4.59,2,0,0,4,"Nothing unusual, just getting through the schedule.",0.502,Medium
SVC00352,34,15,72,59.1,11,12,7.51,6,0,0,5,"Routine day, nothing much to report.",0.528,Medium
SVC00352,34,15,65,65.7,3,13,6.9,3,0,0,8,"Routine day, nothing much to report.",0.541,Medium
SVC00352,34,15,6,87.1,16,11,5.23,8,1,0,8,"Nothing unusual, just getting through the schedule.",0.589,Medium
SVC00352,34,15,0,56.2,28,7,4.73,17,0,0,5,"Standard patrol schedule, no major issues.",0.636,Medium
SVC00352,34,15,79,54.7,4,4,4.44,8,0,1,3,"Feeling isolated, it's been weeks since I saw my family.",0.769,High
SVC00352,34,15,55,37.8,13,10,7.0,11,0,1,1,"Been a normal week, keeping busy with regular tasks.",0.587,Medium
SVC00353,38,12,29,48.5,22,10,5.21,4,0,0,2,"Slept well last night, feeling fresh for duty.",0.595,Medium
SVC00353,38,12,28,56.0,16,4,7.96,1,0,0,1,"Extremely exhausted, haven't slept properly in days.",0.706,High
SVC00353,38,12,57,50.6,29,12,9.46,10,0,0,10,"Routine day, nothing much to report.",0.552,Medium
SVC00353,38,12,59,60.9,10,14,6.91,4,0,2,5,"Usual duty hours, a bit tired but okay overall.",0.642,Medium
SVC00353,38,12,54,51.2,30,8,5.74,10,1,0,10,"Usual duty hours, a bit tired but okay overall.",0.543,Medium
SVC00353,38,12,18,47.1,15,10,7.52,1,1,0,9,"Standard patrol schedule, no major issues.",0.38,Low
SVC00354,27,9,28,67.1,20,11,5.9,7,1,1,9,"Standard patrol schedule, no major issues.",0.452,Medium
SVC00354,27,9,16,55.9,26,12,5.26,2,0,0,6,"Standard patrol schedule, no major issues.",0.542,Medium
SVC00354,27,9,70,61.5,24,3,6.47,8,1,0,9,"Standard patrol schedule, no major issues.",0.636,Medium
SVC00354,27,9,28,59.4,16,1,4.49,8,1,0,9,"Slept well last night, feeling fresh for duty.",0.695,High
SVC00354,27,9,24,53.9,7,10,7.74,7,0,0,8,"Nothing unusual, just getting through the schedule.",0.512,Medium
SVC00354,27,9,13,46.3,11,14,5.84,12,0,0,2,"Routine day, nothing much to report.",0.489,Medium
SVC00355,28,10,36,56.7,9,4,3.92,11,0,0,5,Really frustrated and anxious about the extended deployment.,0.559,Medium
SVC00355,28,10,10,73.9,15,12,5.0,4,0,0,1,"Nothing unusual, just getting through the schedule.",0.647,Medium
SVC00355,28,10,84,55.8,23,13,5.85,11,0,0,2,"Struggling to cope, everything feels overwhelming lately.",0.701,High
SVC00355,28,10,42,37.8,3,7,6.43,9,1,0,4,"Struggling to cope, everything feels overwhelming lately.",0.471,Medium
SVC00355,28,10,13,72.7,2,10,5.68,14,0,0,3,"Slept well last night, feeling fresh for duty.",0.373,Low
SVC00355,28,10,68,72.2,21,14,6.13,2,0,0,10,"Good day today, training went well and I got some rest.",0.586,Medium
SVC00356,48,10,59,38.4,30,8,7.53,18,1,0,3,"Been a normal week, keeping busy with regular tasks.",0.554,Medium
SVC00356,48,10,76,45.3,8,14,9.03,16,1,0,4,"Routine day, nothing much to report.",0.515,Medium
SVC00356,48,10,52,44.4,22,1,6.33,10,1,0,7,"Usual duty hours, a bit tired but okay overall.",0.571,Medium
SVC00356,48,10,29,55.4,21,11,6.88,12,0,0,10,"Nothing unusual, just getting through the schedule.",0.477,Medium
SVC00356,48,10,86,52.1,20,12,4.89,0,0,0,10,"Usual duty hours, a bit tired but okay overall.",0.64,Medium
SVC00356,48,10,82,65.6,3,13,5.96,4,0,1,4,"Usual duty hours, a bit tired but okay overall.",0.511,Medium
SVC00357,21,3,64,56.3,27,4,7.43,14,0,0,1,"Struggling to cope, everything feels overwhelming lately.",0.779,High
SVC00357,21,3,41,30.0,10,3,7.59,13,0,0,10,"Nothing unusual, just getting through the schedule.",0.424,Medium
SVC00357,21,3,32,36.6,15,13,6.59,12,0,0,9,"Good day today, training went well and I got some rest.",0.291,Low
SVC00357,21,3,36,41.7,1,9,3.99,17,0,0,8,"Been a normal week, keeping busy with regular tasks.",0.215,Low
SVC00357,21,3,74,43.4,12,10,5.89,16,0,0,6,"Standard patrol schedule, no major issues.",0.465,Medium
SVC00357,21,3,46,52.8,11,5,5.04,18,0,0,7,"Solid week, workload was manageable and the team is in good spirits.",0.5,Medium
SVC00358,48,20,86,48.1,30,2,9.46,15,0,0,6,"Struggling to cope, everything feels overwhelming lately.",0.707,High
SVC00358,48,20,56,59.3,27,12,6.07,10,0,0,9,"Extremely exhausted, haven't slept properly in days.",0.546,Medium
SVC00358,48,20,5,55.8,18,13,5.79,15,0,0,5,"Usual duty hours, a bit tired but okay overall.",0.461,Medium
SVC00358,48,20,47,37.7,2,10,7.68,1,0,0,7,"Solid week, workload was manageable and the team is in good spirits.",0.351,Low
SVC00358,48,20,76,52.1,15,9,6.98,19,0,0,4,"Routine day, nothing much to report.",0.556,Medium
SVC00358,48,20,67,30.3,13,7,7.99,4,0,0,7,"Standard patrol schedule, no major issues.",0.451,Medium
SVC00359,27,9,80,53.7,27,5,6.56,17,0,0,10,"Nothing unusual, just getting through the schedule.",0.557,Medium
SVC00359,27,9,66,47.6,14,11,7.97,6,0,1,3,"Usual duty hours, a bit tired but okay overall.",0.52,Medium
SVC00359,27,9,84,40.0,27,3,6.33,9,0,0,4,The back-to-back duty shifts are wearing me down badly.,0.717,High
SVC00359,27,9,60,30.0,9,10,6.66,0,0,0,5,"Been a normal week, keeping busy with regular tasks.",0.46,Medium
SVC00359,27,9,89,46.6,10,1,5.85,17,0,0,7,"Been a normal week, keeping busy with regular tasks.",0.517,Medium
SVC00359,27,9,39,49.7,19,6,6.21,9,0,0,2,"Been a normal week, keeping busy with regular tasks.",0.511,Medium
SVC00360,25,7,17,67.2,10,12,5.25,7,0,0,1,"Routine day, nothing much to report.",0.548,Medium
SVC00360,25,7,8,47.3,28,6,8.07,18,0,0,6,"Nothing unusual, just getting through the schedule.",0.464,Medium
SVC00360,25,7,17,53.6,12,13,4.37,1,0,0,9,"Standard patrol schedule, no major issues.",0.47,Medium
SVC00360,25,7,10,49.9,16,7,6.72,16,0,0,8,"Nothing unusual, just getting through the schedule.",0.379,Low
SVC00360,25,7,49,51.8,28,6,6.5,16,0,0,10,"Routine day, nothing much to report.",0.593,Medium
SVC00360,25,7,86,37.8,7,13,7.2,16,0,0,2,"Been a normal week, keeping busy with regular tasks.",0.502,Medium
SVC00361,21,3,87,48.8,22,1,5.01,4,0,0,4,The back-to-back duty shifts are wearing me down badly.,0.797,High
SVC00361,21,3,28,43.5,23,11,6.01,4,0,0,3,"Been a normal week, keeping busy with regular tasks.",0.531,Medium
SVC00361,21,3,89,44.3,15,1,5.37,0,0,0,5,"Struggling to cope, everything feels overwhelming lately.",0.686,High
SVC00361,21,3,63,62.9,4,9,8.25,2,0,1,8,"Standard patrol schedule, no major issues.",0.515,Medium
SVC00361,21,3,71,77.4,2,10,6.4,12,0,1,2,"Usual duty hours, a bit tired but okay overall.",0.579,Medium
SVC00361,21,3,24,61.2,8,6,4.45,19,0,0,8,"Standard patrol schedule, no major issues.",0.531,Medium
SVC00362,21,3,14,51.7,26,3,4.81,10,0,0,8,"Feeling isolated, it's been weeks since I saw my family.",0.522,Medium
SVC00362,21,3,12,41.0,17,0,7.27,3,0,0,6,"Usual duty hours, a bit tired but okay overall.",0.444,Medium
SVC00362,21,3,30,53.3,17,12,7.59,11,1,0,8,"Nothing unusual, just getting through the schedule.",0.383,Low
SVC00362,21,3,41,74.5,30,12,5.14,19,0,0,7,"Standard patrol schedule, no major issues.",0.603,Medium
SVC00362,21,3,84,54.3,2,3,5.66,9,0,0,8,"Routine day, nothing much to report.",0.562,Medium
SVC00362,21,3,2,51.7,14,10,3.6,8,0,0,8,"Standard patrol schedule, no major issues.",0.378,Low
SVC00363,25,7,87,45.4,12,7,6.56,14,0,0,1,"Extremely exhausted, haven't slept properly in days.",0.687,High
SVC00363,25,7,37,30.0,30,7,7.04,2,0,1,5,"Standard patrol schedule, no major issues.",0.516,Medium
SVC00363,25,7,34,59.1,27,11,6.7,16,0,0,5,The back-to-back duty shifts are wearing me down badly.,0.657,High
SVC00363,25,7,77,60.1,8,8,7.88,13,1,0,1,"Standard patrol schedule, no major issues.",0.626,Medium
SVC00363,25,7,8,39.0,28,7,5.7,17,0,1,8,Really frustrated and anxious about the extended deployment.,0.415,Medium
SVC00363,25,7,31,50.9,9,3,7.57,16,0,0,3,"Nothing unusual, just getting through the schedule.",0.558,Medium
SVC00364,29,11,48,52.4,24,2,6.91,14,0,0,5,"Nothing unusual, just getting through the schedule.",0.489,Medium
SVC00364,29,11,37,53.7,1,5,5.71,13,0,0,4,"Usual duty hours, a bit tired but okay overall.",0.554,Medium
SVC00364,29,11,19,39.9,16,9,5.12,11,0,0,3,"Extremely exhausted, haven't slept properly in days.",0.411,Medium
SVC00364,29,11,79,44.5,2,0,9.07,9,0,0,8,"Struggling to cope, everything feels overwhelming lately.",0.41,Medium
SVC00364,29,11,42,55.9,13,4,5.34,3,0,0,9,"Been a normal week, keeping busy with regular tasks.",0.529,Medium
SVC00364,29,11,77,73.2,23,9,7.02,19,1,0,6,"Standard patrol schedule, no major issues.",0.585,Medium
SVC00365,53,27,86,61.8,27,6,7.3,16,0,1,4,"Usual duty hours, a bit tired but okay overall.",0.783,High
SVC00365,53,27,84,61.7,18,2,5.78,0,1,0,2,"Feeling steady. Caught up with family on call, that helped a lot.",0.77,High
SVC00365,53,27,65,49.3,6,9,4.88,16,0,0,4,"Routine day, nothing much to report.",0.506,Medium
SVC00365,53,27,49,44.5,17,2,6.69,9,1,0,7,"Been a normal week, keeping busy with regular tasks.",0.502,Medium
SVC00365,53,27,55,52.6,25,2,4.99,4,0,0,9,"Struggling to cope, everything feels overwhelming lately.",0.664,High
SVC00365,53,27,69,61.7,14,2,6.02,10,0,0,2,"Struggling to cope, everything feels overwhelming lately.",0.672,High
SVC00366,39,21,51,53.6,28,0,5.7,16,1,0,6,"Been a normal week, keeping busy with regular tasks.",0.705,High
SVC00366,39,21,70,52.4,4,13,7.69,2,0,0,7,The back-to-back duty shifts are wearing me down badly.,0.506,Medium
SVC00366,39,21,15,55.5,6,10,8.31,6,0,0,4,"Nothing unusual, just getting through the schedule.",0.489,Medium
SVC00366,39,21,12,38.8,26,8,6.55,4,0,0,2,"Routine day, nothing much to report.",0.573,Medium
SVC00366,39,21,12,51.1,1,14,5.77,0,0,0,7,"Routine day, nothing much to report.",0.29,Low
SVC00366,39,21,53,51.4,15,5,9.08,1,0,1,7,"Been a normal week, keeping busy with regular tasks.",0.582,Medium
SVC00367,41,3,46,31.1,25,7,9.04,18,0,0,5,"Had a great time during the sports session, morale is high.",0.336,Low
SVC00367,41,3,66,47.5,11,5,3.6,18,0,0,6,"Struggling to cope, everything feels overwhelming lately.",0.506,Medium
SVC00367,41,3,8,59.0,14,11,6.35,15,0,0,3,"Standard patrol schedule, no major issues.",0.492,Medium
SVC00367,41,3,15,43.9,25,2,6.81,0,1,0,10,"Been a normal week, keeping busy with regular tasks.",0.406,Medium
SVC00367,41,3,66,54.4,2,3,6.71,3,0,0,7,"Been a normal week, keeping busy with regular tasks.",0.39,Low
SVC00367,41,3,57,54.4,17,13,5.12,2,1,0,6,"Standard patrol schedule, no major issues.",0.603,Medium
SVC00368,47,5,25,50.0,25,14,4.97,16,0,0,10,"Slept well last night, feeling fresh for duty.",0.391,Low
SVC00368,47,5,10,75.2,18,12,6.09,4,0,0,5,"Feeling isolated, it's been weeks since I saw my family.",0.659,High
SVC00368,47,5,26,46.8,1,2,6.51,14,0,0,1,"Slept well last night, feeling fresh for duty.",0.442,Medium
SVC00368,47,5,51,47.8,17,7,3.55,19,1,0,8,"Routine day, nothing much to report.",0.536,Medium
SVC00368,47,5,11,62.3,26,9,7.72,19,0,0,9,"Routine day, nothing much to report.",0.58,Medium
SVC00368,47,5,54,50.3,8,9,8.1,16,0,0,6,"Nothing unusual, just getting through the schedule.",0.442,Medium
SVC00369,29,6,43,52.4,5,1,8.19,2,1,0,9,"Been a normal week, keeping busy with regular tasks.",0.531,Medium
SVC00369,29,6,6,55.7,11,6,5.79,18,0,0,1,"Standard patrol schedule, no major issues.",0.562,Medium
SVC00369,29,6,37,60.5,1,13,7.93,15,1,0,4,"Been a normal week, keeping busy with regular tasks.",0.394,Low
SVC00369,29,6,84,62.7,28,7,7.13,6,0,0,2,"Struggling to cope, everything feels overwhelming lately.",0.7,High
SVC00369,29,6,1,61.6,5,9,4.82,4,0,0,8,The back-to-back duty shifts are wearing me down badly.,0.347,Low
SVC00369,29,6,64,43.3,13,12,4.41,10,0,0,5,"Been a normal week, keeping busy with regular tasks.",0.436,Medium
SVC00370,26,6,81,53.7,22,5,5.88,10,0,0,9,The back-to-back duty shifts are wearing me down badly.,0.674,High
SVC00370,26,6,57,65.2,26,12,4.97,9,0,0,10,"Routine day, nothing much to report.",0.62,Medium
SVC00370,26,6,3,51.7,8,9,2.69,16,1,0,7,"Routine day, nothing much to report.",0.422,Medium
SVC00370,26,6,44,41.0,22,5,5.79,9,0,0,9,"Had a great time during the sports session, morale is high.",0.54,Medium
SVC00370,26,6,73,64.8,17,1,8.3,13,0,0,3,"Routine day, nothing much to report.",0.541,Medium
SVC00370,26,6,88,48.3,2,10,7.2,9,0,0,5,"Solid week, workload was manageable and the team is in good spirits.",0.499,Medium
SVC00371,35,17,17,44.4,7,12,6.86,8,0,0,5,"Standard patrol schedule, no major issues.",0.404,Medium
SVC00371,35,17,9,30.0,21,0,5.57,3,0,0,4,"Standard patrol schedule, no major issues.",0.444,Medium
SVC00371,35,17,47,55.8,14,3,7.43,8,0,0,3,"Usual duty hours, a bit tired but okay overall.",0.618,Medium
SVC00371,35,17,22,49.8,8,12,6.93,19,0,0,7,"Routine day, nothing much to report.",0.346,Low
SVC00371,35,17,53,64.0,26,11,8.57,0,0,1,1,"Been a normal week, keeping busy with regular tasks.",0.701,High
SVC00371,35,17,2,46.6,14,7,7.04,10,0,0,9,The back-to-back duty shifts are wearing me down badly.,0.297,Low
SVC00372,21,3,59,49.2,25,7,6.91,13,0,1,9,"Usual duty hours, a bit tired but okay overall.",0.573,Medium
SVC00372,21,3,36,47.6,22,4,8.86,16,1,0,6,"Nothing unusual, just getting through the schedule.",0.584,Medium
SVC00372,21,3,5,51.9,17,6,5.21,3,0,0,5,"Routine day, nothing much to report.",0.556,Medium
SVC00372,21,3,73,35.0,26,3,5.53,19,1,0,9,"Solid week, workload was manageable and the team is in good spirits.",0.554,Medium
SVC00372,21,3,54,30.0,5,10,6.66,14,0,0,8,"Slept well last night, feeling fresh for duty.",0.326,Low
SVC00372,21,3,42,61.8,6,10,8.53,2,0,0,3,"Been a normal week, keeping busy with regular tasks.",0.541,Medium
SVC00373,25,7,54,64.8,27,5,5.0,16,1,0,3,"Extremely exhausted, haven't slept properly in days.",0.711,High
SVC00373,25,7,52,56.8,6,3,8.39,0,0,0,1,Really frustrated and anxious about the extended deployment.,0.658,High
SVC00373,25,7,72,62.7,13,7,7.74,11,0,1,2,"Nothing unusual, just getting through the schedule.",0.678,High
SVC00373,25,7,71,52.1,22,11,6.26,0,0,0,9,"Nothing unusual, just getting through the schedule.",0.531,Medium
SVC00373,25,7,51,65.4,13,2,5.71,16,0,0,1,"Struggling to cope, everything feels overwhelming lately.",0.69,High
SVC00373,25,7,32,57.0,17,10,5.89,5,0,0,9,"Routine day, nothing much to report.",0.6,Medium
SVC00374,52,25,32,60.4,13,13,6.98,10,0,0,2,"Routine day, nothing much to report.",0.447,Medium
SVC00374,52,25,67,63.2,30,5,4.16,11,0,0,9,Really frustrated and anxious about the extended deployment.,0.713,High
SVC00374,52,25,73,74.0,15,0,4.73,4,0,1,8,Really frustrated and anxious about the extended deployment.,0.691,High
SVC00374,52,25,16,52.1,1,13,6.99,7,0,0,5,"Routine day, nothing much to report.",0.365,Low
SVC00374,52,25,58,50.1,15,6,6.38,2,0,0,2,"Extremely exhausted, haven't slept properly in days.",0.679,High
SVC00374,52,25,87,51.5,1,4,5.39,13,0,0,10,"Nothing unusual, just getting through the schedule.",0.438,Medium
SVC00375,37,3,62,49.2,28,11,7.97,2,0,0,2,The back-to-back duty shifts are wearing me down badly.,0.657,High
SVC00375,37,3,50,33.4,15,7,6.65,14,0,0,6,"Good day today, training went well and I got some rest.",0.322,Low
SVC00375,37,3,34,56.1,24,2,7.48,14,0,0,10,"Standard patrol schedule, no major issues.",0.54,Medium
SVC00375,37,3,54,55.4,12,10,5.49,11,0,0,10,"Nothing unusual, just getting through the schedule.",0.377,Low
SVC00375,37,3,57,44.0,3,6,5.65,16,0,0,5,"Slept well last night, feeling fresh for duty.",0.387,Low
SVC00375,37,3,41,59.7,5,13,3.92,0,0,0,6,"Nothing unusual, just getting through the schedule.",0.497,Medium
SVC00376,28,5,74,49.7,4,1,8.03,1,0,0,4,"Routine day, nothing much to report.",0.606,Medium
SVC00376,28,5,76,87.0,10,10,5.44,10,0,0,1,"Usual duty hours, a bit tired but okay overall.",0.692,High
SVC00376,28,5,88,39.0,19,14,8.47,18,1,0,6,"Been a normal week, keeping busy with regular tasks.",0.529,Medium
SVC00376,28,5,34,71.1,15,9,6.63,4,0,0,4,"Slept well last night, feeling fresh for duty.",0.565,Medium
SVC00376,28,5,58,57.5,3,5,7.44,3,0,0,8,"Solid week, workload was manageable and the team is in good spirits.",0.396,Low
SVC00376,28,5,81,72.0,12,11,6.39,11,0,1,3,"Usual duty hours, a bit tired but okay overall.",0.593,Medium
SVC00377,38,20,35,51.9,10,4,5.87,14,0,0,4,"Standard patrol schedule, no major issues.",0.337,Low
SVC00377,38,20,10,43.6,28,12,8.84,12,0,0,8,"Nothing unusual, just getting through the schedule.",0.39,Low
SVC00377,38,20,67,31.8,14,13,6.14,9,0,0,2,"Usual duty hours, a bit tired but okay overall.",0.593,Medium
SVC00377,38,20,67,37.6,29,7,5.26,13,1,0,7,"Feeling isolated, it's been weeks since I saw my family.",0.741,High
SVC00377,38,20,17,38.3,12,11,3.89,6,0,0,1,"Been a normal week, keeping busy with regular tasks.",0.437,Medium
SVC00377,38,20,36,43.7,2,8,5.69,9,1,0,10,"Slept well last night, feeling fresh for duty.",0.286,Low
SVC00378,54,6,86,56.6,15,13,5.81,15,0,0,2,"Routine day, nothing much to report.",0.567,Medium
SVC00378,54,6,36,66.1,7,9,4.1,18,0,0,7,"Nothing unusual, just getting through the schedule.",0.612,Medium
SVC00378,54,6,90,39.8,14,1,7.0,1,0,0,5,"Nothing unusual, just getting through the schedule.",0.623,Medium
SVC00378,54,6,3,68.2,4,8,4.25,2,0,0,2,"Slept well last night, feeling fresh for duty.",0.611,Medium
SVC00378,54,6,85,68.2,8,13,6.25,4,0,0,9,Really frustrated and anxious about the extended deployment.,0.626,Medium
SVC00378,54,6,33,35.8,9,9,8.15,6,0,0,8,"Routine day, nothing much to report.",0.397,Low
SVC00379,31,13,30,58.0,21,2,6.13,6,2,1,1,Really frustrated and anxious about the extended deployment.,0.672,High
SVC00379,31,13,33,39.9,2,1,5.85,2,0,1,10,"Feeling isolated, it's been weeks since I saw my family.",0.398,Low
SVC00379,31,13,5,55.4,5,6,4.87,19,0,0,7,"Routine day, nothing much to report.",0.358,Low
SVC00379,31,13,0,56.4,0,9,6.52,5,0,0,1,"Standard patrol schedule, no major issues.",0.471,Medium
SVC00379,31,13,47,42.4,3,11,7.24,4,0,0,7,"Good day today, training went well and I got some rest.",0.311,Low
SVC00379,31,13,11,50.5,24,2,7.06,13,0,0,6,"Usual duty hours, a bit tired but okay overall.",0.539,Medium
SVC00380,26,2,14,49.3,8,0,7.34,3,0,1,3,"Standard patrol schedule, no major issues.",0.365,Low
SVC00380,26,2,25,48.2,17,0,6.4,13,0,0,6,"Standard patrol schedule, no major issues.",0.599,Medium
SVC00380,26,2,61,43.8,6,14,5.52,5,0,1,5,"Standard patrol schedule, no major issues.",0.532,Medium
SVC00380,26,2,83,46.7,25,14,4.21,17,0,0,2,"Had a great time during the sports session, morale is high.",0.611,Medium
SVC00380,26,2,69,48.6,8,9,6.65,19,0,0,8,"Standard patrol schedule, no major issues.",0.412,Medium
SVC00380,26,2,20,55.7,9,2,5.62,17,0,0,10,"Slept well last night, feeling fresh for duty.",0.352,Low
SVC00381,49,29,67,65.0,19,14,6.21,8,0,0,6,"Nothing unusual, just getting through the schedule.",0.552,Medium
SVC00381,49,29,49,72.9,6,3,2.63,5,0,0,10,"Had a great time during the sports session, morale is high.",0.563,Medium
SVC00381,49,29,8,45.1,10,7,5.82,19,0,2,4,"Been a normal week, keeping busy with regular tasks.",0.419,Medium
SVC00381,49,29,59,73.7,24,6,8.3,4,0,0,7,"Been a normal week, keeping busy with regular tasks.",0.606,Medium
SVC00381,49,29,28,47.0,23,5,7.99,12,1,0,4,"Standard patrol schedule, no major issues.",0.604,Medium
SVC00381,49,29,42,54.2,17,0,5.68,10,0,0,8,"Usual duty hours, a bit tired but okay overall.",0.475,Medium
SVC00382,27,9,82,56.6,25,12,7.57,14,1,0,6,"Been a normal week, keeping busy with regular tasks.",0.557,Medium
SVC00382,27,9,79,44.5,22,10,8.16,3,0,0,7,"Nothing unusual, just getting through the schedule.",0.537,Medium
SVC00382,27,9,72,42.4,2,4,7.43,7,0,0,1,"Routine day, nothing much to report.",0.451,Medium
SVC00382,27,9,43,59.9,26,4,6.07,3,0,0,5,"Usual duty hours, a bit tired but okay overall.",0.589,Medium
SVC00382,27,9,23,61.9,14,10,4.21,4,0,0,1,"Usual duty hours, a bit tired but okay overall.",0.569,Medium
SVC00382,27,9,69,44.9,27,12,4.68,3,0,0,10,"Nothing unusual, just getting through the schedule.",0.475,Medium
SVC00383,25,7,55,53.3,20,2,6.29,8,0,0,1,"Usual duty hours, a bit tired but okay overall.",0.592,Medium
SVC00383,25,7,0,66.1,25,0,8.38,17,0,0,10,"Routine day, nothing much to report.",0.525,Medium
SVC00383,25,7,62,42.4,18,1,5.81,3,0,0,9,"Been a normal week, keeping busy with regular tasks.",0.567,Medium
SVC00383,25,7,27,44.3,25,5,6.58,17,0,0,4,"Usual duty hours, a bit tired but okay overall.",0.645,Medium
SVC00383,25,7,19,59.7,1,0,6.06,0,0,0,8,"Standard patrol schedule, no major issues.",0.515,Medium
SVC00383,25,7,80,40.2,26,11,8.68,13,0,0,2,"Routine day, nothing much to report.",0.59,Medium
SVC00384,23,5,22,30.0,30,9,6.5,13,1,0,6,"Been a normal week, keeping busy with regular tasks.",0.526,Medium
SVC00384,23,5,12,51.0,3,4,6.78,5,0,0,2,"Standard patrol schedule, no major issues.",0.461,Medium
SVC00384,23,5,37,74.1,30,13,6.13,15,0,0,7,"Been a normal week, keeping busy with regular tasks.",0.639,Medium
SVC00384,23,5,53,58.5,9,11,7.71,15,0,0,1,"Routine day, nothing much to report.",0.46,Medium
SVC00384,23,5,39,63.2,28,9,4.28,16,0,0,6,"Standard patrol schedule, no major issues.",0.503,Medium
SVC00384,23,5,68,57.8,5,12,3.64,16,0,1,8,"Nothing unusual, just getting through the schedule.",0.482,Medium
SVC00385,28,5,57,51.2,30,5,6.87,19,0,0,10,"Been a normal week, keeping busy with regular tasks.",0.53,Medium
SVC00385,28,5,65,39.2,23,0,7.53,8,0,0,8,"Standard patrol schedule, no major issues.",0.577,Medium
SVC00385,28,5,1,48.1,21,7,3.29,15,0,0,5,"Been a normal week, keeping busy with regular tasks.",0.489,Medium
SVC00385,28,5,90,45.5,22,0,8.0,0,0,0,6,"Been a normal week, keeping busy with regular tasks.",0.701,High
SVC00385,28,5,13,60.2,0,7,3.82,12,0,1,5,"Standard patrol schedule, no major issues.",0.471,Medium
SVC00385,28,5,57,46.1,19,3,7.69,8,1,0,10,"Usual duty hours, a bit tired but okay overall.",0.521,Medium
SVC00386,52,25,31,64.8,13,4,4.87,0,0,0,9,Really frustrated and anxious about the extended deployment.,0.662,High
SVC00386,52,25,38,42.5,16,14,4.59,10,0,0,2,"Standard patrol schedule, no major issues.",0.506,Medium
SVC00386,52,25,57,60.7,12,10,5.23,0,0,0,8,"Been a normal week, keeping busy with regular tasks.",0.577,Medium
SVC00386,52,25,34,51.6,19,14,7.64,11,1,0,1,"Been a normal week, keeping busy with regular tasks.",0.489,Medium
SVC00386,52,25,77,55.0,26,5,7.31,14,0,0,1,"Struggling to cope, everything feels overwhelming lately.",0.771,High
SVC00386,52,25,63,50.4,4,13,6.14,5,0,0,3,"Standard patrol schedule, no major issues.",0.581,Medium
SVC00387,49,26,86,50.1,9,14,8.46,4,0,0,3,"Nothing unusual, just getting through the schedule.",0.445,Medium
SVC00387,49,26,24,38.0,13,10,4.27,10,0,0,3,"Solid week, workload was manageable and the team is in good spirits.",0.434,Medium
SVC00387,49,26,27,58.1,20,8,4.88,15,0,0,8,"Struggling to cope, everything feels overwhelming lately.",0.485,Medium
SVC00387,49,26,37,39.0,17,14,6.78,8,1,0,10,"Feeling steady. Caught up with family on call, that helped a lot.",0.342,Low
SVC00387,49,26,45,48.1,12,7,6.69,14,0,0,7,"Standard patrol schedule, no major issues.",0.505,Medium
SVC00387,49,26,72,49.8,20,7,6.4,9,0,0,5,The back-to-back duty shifts are wearing me down badly.,0.676,High
SVC00388,23,5,80,43.7,21,6,2.72,0,0,0,10,"Solid week, workload was manageable and the team is in good spirits.",0.703,High
SVC00388,23,5,28,48.4,7,2,6.13,14,1,0,8,"Routine day, nothing much to report.",0.567,Medium
SVC00388,23,5,56,47.0,7,1,6.35,13,0,0,7,"Nothing unusual, just getting through the schedule.",0.426,Medium
SVC00388,23,5,43,50.9,19,10,6.91,1,1,0,5,"Routine day, nothing much to report.",0.543,Medium
SVC00388,23,5,68,30.0,11,12,7.2,7,1,0,4,"Standard patrol schedule, no major issues.",0.478,Medium
SVC00388,23,5,24,47.6,29,7,5.49,6,1,0,8,"Nothing unusual, just getting through the schedule.",0.524,Medium
SVC00389,27,9,76,44.7,27,6,4.3,5,0,0,6,"Feeling isolated, it's been weeks since I saw my family.",0.73,High
SVC00389,27,9,68,45.8,13,12,5.54,8,0,0,4,"Routine day, nothing much to report.",0.52,Medium
SVC00389,27,9,60,60.0,26,1,6.25,9,0,0,1,"Routine day, nothing much to report.",0.807,High
SVC00389,27,9,15,44.2,4,2,6.28,4,0,0,10,"Standard patrol schedule, no major issues.",0.398,Low
SVC00389,27,9,34,30.0,20,9,6.54,18,0,0,9,"Standard patrol schedule, no major issues.",0.418,Medium
SVC00389,27,9,89,41.2,1,3,5.83,0,0,0,3,"Nothing unusual, just getting through the schedule.",0.577,Medium
SVC00390,32,14,84,47.6,12,7,6.37,13,0,0,7,"Routine day, nothing much to report.",0.502,Medium
SVC00390,32,14,16,37.5,21,10,8.42,3,0,0,4,"Usual duty hours, a bit tired but okay overall.",0.476,Medium
SVC00390,32,14,65,47.6,2,1,4.72,16,0,0,1,"Feeling steady. Caught up with family on call, that helped a lot.",0.591,Medium
SVC00390,32,14,62,56.8,28,0,6.58,0,0,0,3,"Been a normal week, keeping busy with regular tasks.",0.878,High
SVC00390,32,14,68,72.6,21,14,5.49,13,0,0,7,The back-to-back duty shifts are wearing me down badly.,0.675,High
SVC00390,32,14,61,50.8,12,14,7.35,2,0,0,2,"Feeling isolated, it's been weeks since I saw my family.",0.628,Medium
SVC00391,21,3,33,74.4,15,9,5.92,6,1,0,8,"Usual duty hours, a bit tired but okay overall.",0.623,Medium
SVC00391,21,3,74,32.7,19,2,4.12,8,0,1,5,"Been a normal week, keeping busy with regular tasks.",0.527,Medium
SVC00391,21,3,47,60.6,21,0,5.45,5,0,0,4,"Been a normal week, keeping busy with regular tasks.",0.712,High
SVC00391,21,3,40,40.6,8,4,4.54,4,0,0,2,The back-to-back duty shifts are wearing me down badly.,0.657,High
SVC00391,21,3,73,39.4,14,8,7.95,7,0,0,4,"Usual duty hours, a bit tired but okay overall.",0.507,Medium
SVC00391,21,3,12,50.0,9,10,7.44,16,0,0,10,"Feeling steady. Caught up with family on call, that helped a lot.",0.304,Low
SVC00392,23,5,55,75.8,16,7,7.17,1,0,0,8,"Routine day, nothing much to report.",0.627,Medium
SVC00392,23,5,48,44.3,16,10,7.12,6,0,0,3,"Routine day, nothing much to report.",0.544,Medium
SVC00392,23,5,63,46.2,6,5,6.97,13,0,0,8,"Routine day, nothing much to report.",0.352,Low
SVC00392,23,5,74,69.9,24,13,4.34,14,0,0,6,"Solid week, workload was manageable and the team is in good spirits.",0.598,Medium
SVC00392,23,5,28,58.1,1,6,7.69,3,0,0,4,"Standard patrol schedule, no major issues.",0.492,Medium
SVC00392,23,5,26,47.0,0,12,6.2,12,1,0,9,"Feeling steady. Caught up with family on call, that helped a lot.",0.255,Low
SVC00393,30,12,28,71.2,24,3,6.3,18,0,0,8,"Usual duty hours, a bit tired but okay overall.",0.502,Medium
SVC00393,30,12,66,42.2,8,10,6.11,0,0,0,6,"Standard patrol schedule, no major issues.",0.639,Medium
SVC00393,30,12,3,53.5,0,1,4.83,0,0,0,10,"Feeling isolated, it's been weeks since I saw my family.",0.37,Low
SVC00393,30,12,8,40.2,0,7,6.9,14,0,0,7,"Slept well last night, feeling fresh for duty.",0.256,Low
SVC00393,30,12,55,68.9,24,4,6.44,14,0,0,10,"Usual duty hours, a bit tired but okay overall.",0.566,Medium
SVC00393,30,12,32,31.9,8,1,6.22,16,0,0,2,"Routine day, nothing much to report.",0.535,Medium
SVC00394,41,3,63,41.2,6,10,4.96,4,0,1,6,"Usual duty hours, a bit tired but okay overall.",0.413,Medium
SVC00394,41,3,72,82.1,11,7,2.5,15,0,0,7,"Standard patrol schedule, no major issues.",0.629,Medium
SVC00394,41,3,60,53.2,26,1,7.67,11,0,0,5,"Been a normal week, keeping busy with regular tasks.",0.569,Medium
SVC00394,41,3,32,52.7,1,14,7.32,15,0,0,8,"Solid week, workload was manageable and the team is in good spirits.",0.423,Medium
SVC00394,41,3,87,74.0,12,3,7.5,10,0,0,4,"Extremely exhausted, haven't slept properly in days.",0.673,High
SVC00394,41,3,84,67.8,16,11,5.6,10,0,0,8,"Nothing unusual, just getting through the schedule.",0.576,Medium
SVC00395,49,30,76,46.3,29,5,6.58,5,0,0,7,The back-to-back duty shifts are wearing me down badly.,0.683,High
SVC00395,49,30,2,42.4,24,1,7.3,12,0,0,4,"Standard patrol schedule, no major issues.",0.449,Medium
SVC00395,49,30,86,52.0,24,1,7.66,18,1,0,2,"Standard patrol schedule, no major issues.",0.821,High
SVC00395,49,30,21,61.4,29,6,6.3,16,0,0,3,"Standard patrol schedule, no major issues.",0.526,Medium
SVC00395,49,30,47,65.4,3,10,9.31,5,0,0,2,"Been a normal week, keeping busy with regular tasks.",0.603,Medium
SVC00395,49,30,43,61.6,7,1,6.11,2,0,0,8,The back-to-back duty shifts are wearing me down badly.,0.597,Medium
SVC00396,21,3,27,54.3,26,8,6.39,9,0,0,5,"Usual duty hours, a bit tired but okay overall.",0.637,Medium
SVC00396,21,3,19,49.3,9,0,5.96,7,0,0,2,"Usual duty hours, a bit tired but okay overall.",0.51,Medium
SVC00396,21,3,57,49.2,15,2,5.74,18,0,1,2,"Struggling to cope, everything feels overwhelming lately.",0.66,High
SVC00396,21,3,41,45.9,26,7,6.23,5,0,0,4,"Nothing unusual, just getting through the schedule.",0.621,Medium
SVC00396,21,3,11,84.3,9,12,7.28,6,0,0,7,"Nothing unusual, just getting through the schedule.",0.394,Low
SVC00396,21,3,65,50.4,20,8,7.6,10,0,0,1,"Extremely exhausted, haven't slept properly in days.",0.678,High
SVC00397,34,1,55,60.7,5,6,5.25,4,2,0,4,The back-to-back duty shifts are wearing me down badly.,0.677,High
SVC00397,34,1,70,56.0,0,3,6.3,17,1,0,3,"Feeling steady. Caught up with family on call, that helped a lot.",0.474,Medium
SVC00397,34,1,70,48.1,23,1,6.58,16,1,1,4,"Struggling to cope, everything feels overwhelming lately.",0.722,High
SVC00397,34,1,71,47.1,28,1,3.24,17,0,0,10,"Nothing unusual, just getting through the schedule.",0.647,Medium
SVC00397,34,1,50,68.3,3,3,8.93,7,1,0,5,"Been a normal week, keeping busy with regular tasks.",0.567,Medium
SVC00397,34,1,77,38.8,6,6,5.2,10,0,1,8,"Nothing unusual, just getting through the schedule.",0.538,Medium
SVC00398,49,17,25,67.2,26,2,8.49,16,0,0,6,"Been a normal week, keeping busy with regular tasks.",0.566,Medium
SVC00398,49,17,17,58.3,5,0,4.5,3,0,0,5,"Been a normal week, keeping busy with regular tasks.",0.568,Medium
SVC00398,49,17,30,50.6,2,4,6.22,7,0,1,6,"Nothing unusual, just getting through the schedule.",0.421,Medium
SVC00398,49,17,47,55.4,4,0,7.46,10,1,0,3,"Been a normal week, keeping busy with regular tasks.",0.487,Medium
SVC00398,49,17,5,30.0,26,14,7.29,6,0,0,1,"Standard patrol schedule, no major issues.",0.461,Medium
SVC00398,49,17,15,50.8,18,11,4.43,7,0,0,9,The back-to-back duty shifts are wearing me down badly.,0.443,Medium
SVC00399,43,19,48,66.9,23,12,7.01,9,0,0,8,"Usual duty hours, a bit tired but okay overall.",0.509,Medium
SVC00399,43,19,65,53.5,20,13,6.26,8,0,0,10,"Routine day, nothing much to report.",0.434,Medium
SVC00399,43,19,16,48.4,11,12,5.64,17,0,0,7,"Had a great time during the sports session, morale is high.",0.348,Low
SVC00399,43,19,87,43.8,6,13,8.02,11,1,1,9,"Usual duty hours, a bit tired but okay overall.",0.477,Medium
SVC00399,43,19,41,61.6,1,8,5.95,1,0,0,9,"Routine day, nothing much to report.",0.356,Low
SVC00399,43,19,75,45.0,21,0,4.81,15,0,0,1,The back-to-back duty shifts are wearing me down badly.,0.648,Medium
SVC00400,43,5,70,55.9,0,13,5.56,10,0,0,7,"Standard patrol schedule, no major issues.",0.574,Medium
SVC00400,43,5,1,57.6,22,5,5.15,15,0,0,8,The back-to-back duty shifts are wearing me down badly.,0.53,Medium
SVC00400,43,5,90,53.0,22,12,7.13,15,0,0,9,"Feeling isolated, it's been weeks since I saw my family.",0.65,High
SVC00400,43,5,55,57.8,0,10,4.57,10,0,0,3,"Routine day, nothing much to report.",0.481,Medium
SVC00400,43,5,89,41.5,24,7,5.94,18,0,0,1,"Routine day, nothing much to report.",0.622,Medium
SVC00400,43,5,67,60.6,17,10,4.32,5,0,0,8,"Feeling isolated, it's been weeks since I saw my family.",0.65,High
SVC00401,47,20,89,47.7,21,11,6.95,0,0,0,9,"Standard patrol schedule, no major issues.",0.557,Medium
SVC00401,47,20,85,37.8,27,11,6.81,19,0,0,9,"Feeling isolated, it's been weeks since I saw my family.",0.577,Medium
SVC00401,47,20,68,41.8,6,3,5.96,13,1,0,10,"Standard patrol schedule, no major issues.",0.499,Medium
SVC00401,47,20,26,38.2,5,1,6.28,9,0,0,10,"Routine day, nothing much to report.",0.396,Low
SVC00401,47,20,66,68.0,3,1,6.0,12,0,1,4,"Nothing unusual, just getting through the schedule.",0.626,Medium
SVC00401,47,20,29,56.7,22,10,7.01,10,0,0,6,"Usual duty hours, a bit tired but okay overall.",0.605,Medium
SVC00402,45,5,27,60.9,0,13,5.12,14,0,0,5,"Standard patrol schedule, no major issues.",0.399,Low
SVC00402,45,5,2,39.1,22,8,8.49,4,0,0,6,"Standard patrol schedule, no major issues.",0.48,Medium
SVC00402,45,5,79,51.1,11,9,4.37,5,1,0,7,"Routine day, nothing much to report.",0.587,Medium
SVC00402,45,5,2,52.0,27,13,4.48,8,0,0,10,"Slept well last night, feeling fresh for duty.",0.431,Medium
SVC00402,45,5,18,59.5,4,4,8.21,12,0,0,7,"Routine day, nothing much to report.",0.441,Medium
SVC00402,45,5,27,57.8,30,9,4.77,6,0,0,3,Really frustrated and anxious about the extended deployment.,0.691,High
SVC00403,38,20,34,80.5,0,10,7.4,1,1,0,9,"Feeling isolated, it's been weeks since I saw my family.",0.435,Medium
SVC00403,38,20,42,36.8,3,4,6.14,1,0,0,1,"Standard patrol schedule, no major issues.",0.566,Medium
SVC00403,38,20,51,63.1,2,8,4.18,1,0,0,5,"Usual duty hours, a bit tired but okay overall.",0.57,Medium
SVC00403,38,20,74,65.1,29,7,4.86,3,0,1,9,The back-to-back duty shifts are wearing me down badly.,0.744,High
SVC00403,38,20,54,51.1,5,6,5.15,13,0,1,7,"Nothing unusual, just getting through the schedule.",0.427,Medium
SVC00403,38,20,69,55.0,22,11,7.88,17,0,0,1,"Routine day, nothing much to report.",0.545,Medium
SVC00404,38,13,25,63.5,0,11,6.58,6,0,0,7,"Nothing unusual, just getting through the schedule.",0.459,Medium
SVC00404,38,13,89,56.3,23,7,7.36,14,0,0,4,Really frustrated and anxious about the extended deployment.,0.745,High
SVC00404,38,13,13,55.2,15,4,8.23,5,0,0,8,"Solid week, workload was manageable and the team is in good spirits.",0.546,Medium
SVC00404,38,13,56,55.4,11,0,6.94,12,0,0,5,"Been a normal week, keeping busy with regular tasks.",0.647,Medium
SVC00404,38,13,62,60.2,25,0,5.96,0,0,0,7,"Struggling to cope, everything feels overwhelming lately.",0.739,High
SVC00404,38,13,8,37.4,1,14,5.66,19,0,0,7,"Slept well last night, feeling fresh for duty.",0.201,Low
SVC00405,52,18,1,51.7,13,9,5.79,11,0,1,10,"Standard patrol schedule, no major issues.",0.397,Low
SVC00405,52,18,50,51.1,29,10,8.36,11,0,0,6,"Struggling to cope, everything feels overwhelming lately.",0.704,High
SVC00405,52,18,22,58.2,30,4,8.49,9,0,0,8,"Usual duty hours, a bit tired but okay overall.",0.609,Medium
SVC00405,52,18,69,58.8,16,9,5.47,17,0,0,3,"Been a normal week, keeping busy with regular tasks.",0.616,Medium
SVC00405,52,18,44,58.2,5,14,6.82,4,1,0,6,"Nothing unusual, just getting through the schedule.",0.452,Medium
SVC00405,52,18,6,39.6,8,3,7.06,1,0,0,5,"Usual duty hours, a bit tired but okay overall.",0.411,Medium
SVC00406,22,4,9,74.0,10,7,6.58,2,0,0,6,"Routine day, nothing much to report.",0.631,Medium
SVC00406,22,4,62,43.1,3,2,6.77,11,0,0,5,"Been a normal week, keeping busy with regular tasks.",0.466,Medium
SVC00406,22,4,24,55.1,13,8,7.03,16,0,0,6,"Been a normal week, keeping busy with regular tasks.",0.542,Medium
SVC00406,22,4,24,48.0,15,13,4.94,5,0,0,2,"Routine day, nothing much to report.",0.624,Medium
SVC00406,22,4,13,55.3,17,2,6.23,19,0,0,8,"Standard patrol schedule, no major issues.",0.552,Medium
SVC00406,22,4,60,47.9,8,14,6.61,1,0,0,1,"Usual duty hours, a bit tired but okay overall.",0.618,Medium
SVC00407,32,14,59,60.0,11,2,6.77,5,0,0,8,"Usual duty hours, a bit tired but okay overall.",0.557,Medium
SVC00407,32,14,30,61.9,21,5,7.35,15,0,0,10,"Usual duty hours, a bit tired but okay overall.",0.507,Medium
SVC00407,32,14,46,45.4,3,11,5.85,18,0,0,6,"Routine day, nothing much to report.",0.433,Medium
SVC00407,32,14,4,45.2,6,8,6.32,3,0,0,5,"Nothing unusual, just getting through the schedule.",0.379,Low
SVC00407,32,14,21,59.9,22,8,4.13,4,0,0,5,"Usual duty hours, a bit tired but okay overall.",0.633,Medium
SVC00407,32,14,43,54.3,23,13,7.11,8,0,0,6,"Nothing unusual, just getting through the schedule.",0.6,Medium
SVC00408,20,2,44,41.1,9,0,6.68,14,0,0,5,"Standard patrol schedule, no major issues.",0.384,Low
SVC00408,20,2,36,37.6,19,9,6.98,13,0,0,8,"Standard patrol schedule, no major issues.",0.386,Low
SVC00408,20,2,47,52.7,6,14,4.96,12,1,0,5,"Usual duty hours, a bit tired but okay overall.",0.561,Medium
SVC00408,20,2,23,53.2,3,13,8.0,8,0,0,10,"Feeling steady. Caught up with family on call, that helped a lot.",0.338,Low
SVC00408,20,2,0,68.7,16,4,6.78,9,0,0,2,"Nothing unusual, just getting through the schedule.",0.589,Medium
SVC00408,20,2,44,60.5,3,9,4.22,3,1,0,8,"Been a normal week, keeping busy with regular tasks.",0.549,Medium
SVC00409,40,22,27,78.6,30,7,4.89,7,1,0,10,"Feeling isolated, it's been weeks since I saw my family.",0.831,High
SVC00409,40,22,56,52.2,25,4,3.95,8,0,0,1,Really frustrated and anxious about the extended deployment.,0.669,High
SVC00409,40,22,30,49.4,25,3,6.94,12,0,0,2,"Been a normal week, keeping busy with regular tasks.",0.626,Medium
SVC00409,40,22,57,59.6,10,11,5.92,16,0,0,5,"Routine day, nothing much to report.",0.614,Medium
SVC00409,40,22,62,67.0,0,12,9.43,0,0,1,8,"Usual duty hours, a bit tired but okay overall.",0.507,Medium
SVC00409,40,22,52,49.5,19,10,3.82,3,0,0,6,The back-to-back duty shifts are wearing me down badly.,0.71,High
SVC00410,28,10,38,44.3,7,8,4.38,6,0,0,7,"Routine day, nothing much to report.",0.469,Medium
SVC00410,28,10,24,42.4,4,10,4.65,5,0,1,10,"Feeling steady. Caught up with family on call, that helped a lot.",0.325,Low
SVC00410,28,10,14,51.8,19,5,5.62,14,0,0,7,"Nothing unusual, just getting through the schedule.",0.484,Medium
SVC00410,28,10,57,62.8,24,8,5.94,8,0,0,5,"Extremely exhausted, haven't slept properly in days.",0.712,High
SVC00410,28,10,55,65.1,4,10,5.75,5,1,1,3,"Nothing unusual, just getting through the schedule.",0.676,High
SVC00410,28,10,20,52.3,3,3,5.1,12,0,0,3,"Routine day, nothing much to report.",0.638,Medium
SVC00411,32,14,54,63.7,0,7,7.15,13,0,0,8,"Routine day, nothing much to report.",0.395,Low
SVC00411,32,14,73,61.8,27,3,8.8,7,0,0,4,The back-to-back duty shifts are wearing me down badly.,0.799,High
SVC00411,32,14,88,42.7,6,4,6.21,6,1,0,3,"Usual duty hours, a bit tired but okay overall.",0.511,Medium
SVC00411,32,14,6,44.0,16,6,7.24,6,0,0,1,"Been a normal week, keeping busy with regular tasks.",0.547,Medium
SVC00411,32,14,68,66.0,23,3,6.01,18,0,0,8,"Nothing unusual, just getting through the schedule.",0.536,Medium
SVC00411,32,14,6,53.1,19,10,4.64,16,0,0,5,"Routine day, nothing much to report.",0.455,Medium
SVC00412,22,4,31,42.1,1,11,4.86,11,0,0,2,"Routine day, nothing much to report.",0.525,Medium
SVC00412,22,4,27,44.5,22,13,5.84,14,1,0,8,"Usual duty hours, a bit tired but okay overall.",0.423,Medium
SVC00412,22,4,69,47.6,7,3,9.5,19,0,0,7,"Good day today, training went well and I got some rest.",0.4,Medium
SVC00412,22,4,13,55.8,2,10,7.2,1,0,0,1,"Routine day, nothing much to report.",0.562,Medium
SVC00412,22,4,87,73.2,28,0,7.48,5,0,0,3,"Feeling isolated, it's been weeks since I saw my family.",0.868,High
SVC00412,22,4,22,43.3,27,3,6.6,16,0,0,9,"Usual duty hours, a bit tired but okay overall.",0.489,Medium
SVC00413,40,22,36,46.7,7,5,5.7,13,0,0,3,"Been a normal week, keeping busy with regular tasks.",0.373,Low
SVC00413,40,22,63,40.6,30,9,6.25,6,0,0,10,"Been a normal week, keeping busy with regular tasks.",0.569,Medium
SVC00413,40,22,9,56.2,8,4,5.73,6,0,1,5,"Usual duty hours, a bit tired but okay overall.",0.535,Medium
SVC00413,40,22,19,56.9,11,5,5.88,2,0,0,2,"Been a normal week, keeping busy with regular tasks.",0.483,Medium
SVC00413,40,22,75,45.7,30,12,8.94,5,0,0,1,Really frustrated and anxious about the extended deployment.,0.678,High
SVC00413,40,22,12,48.5,0,3,4.78,3,0,0,9,"Extremely exhausted, haven't slept properly in days.",0.423,Medium
SVC00414,46,5,17,54.9,17,7,7.96,0,0,0,6,"Usual duty hours, a bit tired but okay overall.",0.511,Medium
SVC00414,46,5,25,47.5,27,2,5.35,6,0,0,4,"Standard patrol schedule, no major issues.",0.678,High
SVC00414,46,5,49,44.3,1,8,4.78,16,0,0,2,"Usual duty hours, a bit tired but okay overall.",0.439,Medium
SVC00414,46,5,88,53.7,21,0,6.18,8,0,0,4,"Usual duty hours, a bit tired but okay overall.",0.661,High
SVC00414,46,5,61,51.5,17,12,7.34,19,0,0,3,"Been a normal week, keeping busy with regular tasks.",0.515,Medium
SVC00414,46,5,73,34.8,1,3,6.93,10,0,0,8,"Standard patrol schedule, no major issues.",0.462,Medium
SVC00415,30,6,77,55.1,10,11,4.51,7,0,1,7,"Standard patrol schedule, no major issues.",0.564,Medium
SVC00415,30,6,39,36.6,25,14,4.87,13,0,0,2,"Been a normal week, keeping busy with regular tasks.",0.59,Medium
SVC00415,30,6,71,65.9,30,5,6.53,4,0,0,2,"Extremely exhausted, haven't slept properly in days.",0.782,High
SVC00415,30,6,41,54.9,20,4,5.08,2,0,0,10,"Usual duty hours, a bit tired but okay overall.",0.584,Medium
SVC00415,30,6,11,60.1,19,5,5.07,3,0,0,8,"Usual duty hours, a bit tired but okay overall.",0.569,Medium
SVC00415,30,6,25,40.9,8,6,5.91,18,0,0,10,"Had a great time during the sports session, morale is high.",0.339,Low
SVC00416,54,21,66,44.3,24,14,6.16,14,0,0,3,"Been a normal week, keeping busy with regular tasks.",0.571,Medium
SVC00416,54,21,21,55.3,22,0,7.93,16,0,0,3,"Nothing unusual, just getting through the schedule.",0.616,Medium
SVC00416,54,21,54,47.9,20,0,6.83,2,0,0,6,"Extremely exhausted, haven't slept properly in days.",0.675,High
SVC00416,54,21,88,55.1,19,6,9.25,14,0,0,9,"Routine day, nothing much to report.",0.573,Medium
SVC00416,54,21,55,57.7,10,14,6.55,7,0,0,10,"Routine day, nothing much to report.",0.297,Low
SVC00416,54,21,76,49.4,8,0,4.57,17,0,0,2,"Routine day, nothing much to report.",0.674,High
SVC00417,23,5,22,51.9,23,12,6.81,17,0,0,2,"Been a normal week, keeping busy with regular tasks.",0.537,Medium
SVC00417,23,5,7,46.7,20,7,7.38,5,0,0,3,"Usual duty hours, a bit tired but okay overall.",0.491,Medium
SVC00417,23,5,25,91.9,5,0,8.2,5,0,0,5,"Routine day, nothing much to report.",0.629,Medium
SVC00417,23,5,65,41.5,24,0,5.83,11,0,0,8,"Usual duty hours, a bit tired but okay overall.",0.55,Medium
SVC00417,23,5,76,52.3,2,9,6.31,19,0,0,8,"Usual duty hours, a bit tired but okay overall.",0.386,Low
SVC00417,23,5,12,44.4,18,13,6.94,17,0,0,3,"Usual duty hours, a bit tired but okay overall.",0.399,Low
SVC00418,37,14,25,61.6,25,14,6.03,2,0,0,4,"Nothing unusual, just getting through the schedule.",0.592,Medium
SVC00418,37,14,10,43.4,22,6,7.96,7,0,0,3,Really frustrated and anxious about the extended deployment.,0.656,High
SVC00418,37,14,83,56.5,22,14,6.95,0,0,0,9,"Had a great time during the sports session, morale is high.",0.663,High
SVC00418,37,14,73,36.3,19,12,6.4,14,0,0,10,"Routine day, nothing much to report.",0.352,Low
SVC00418,37,14,74,56.8,1,1,7.46,9,0,0,10,"Standard patrol schedule, no major issues.",0.503,Medium
SVC00418,37,14,24,40.1,16,14,6.99,14,0,1,5,"Usual duty hours, a bit tired but okay overall.",0.364,Low
SVC00419,21,3,80,86.8,17,8,5.25,1,0,0,9,"Usual duty hours, a bit tired but okay overall.",0.8,High
SVC00419,21,3,0,36.1,7,0,9.5,8,0,0,6,"Had a great time during the sports session, morale is high.",0.233,Low
SVC00419,21,3,56,48.8,28,7,5.23,2,0,0,4,"Been a normal week, keeping busy with regular tasks.",0.706,High
SVC00419,21,3,65,41.8,25,7,5.45,19,0,0,2,"Solid week, workload was manageable and the team is in good spirits.",0.676,High
SVC00419,21,3,83,50.6,17,7,6.18,14,0,0,6,"Feeling isolated, it's been weeks since I saw my family.",0.654,High
SVC00419,21,3,45,58.2,8,9,7.16,8,0,0,6,"Routine day, nothing much to report.",0.47,Medium
SVC00420,37,4,40,65.2,5,10,5.94,8,0,1,3,"Extremely exhausted, haven't slept properly in days.",0.58,Medium
SVC00420,37,4,89,30.0,30,1,5.66,2,1,0,3,"Good day today, training went well and I got some rest.",0.664,High
SVC00420,37,4,59,46.9,25,8,5.64,6,0,0,3,"Standard patrol schedule, no major issues.",0.665,High
SVC00420,37,4,87,71.1,7,3,5.48,7,0,0,7,"Been a normal week, keeping busy with regular tasks.",0.646,Medium
SVC00420,37,4,44,52.6,22,5,5.74,19,0,0,6,"Usual duty hours, a bit tired but okay overall.",0.591,Medium
SVC00420,37,4,48,47.8,17,10,5.14,15,0,0,10,"Standard patrol schedule, no major issues.",0.416,Medium
SVC00421,51,4,28,64.3,14,8,6.94,5,0,0,6,"Routine day, nothing much to report.",0.533,Medium
SVC00421,51,4,36,57.2,2,14,8.39,19,0,0,1,"Routine day, nothing much to report.",0.471,Medium
SVC00421,51,4,54,30.0,7,10,8.92,12,0,0,2,"Solid week, workload was manageable and the team is in good spirits.",0.33,Low
SVC00421,51,4,8,42.5,21,8,7.66,10,0,0,2,"Standard patrol schedule, no major issues.",0.55,Medium
SVC00421,51,4,30,56.9,12,13,6.18,16,0,1,7,"Routine day, nothing much to report.",0.311,Low
SVC00421,51,4,89,62.0,6,11,4.86,9,0,0,5,"Usual duty hours, a bit tired but okay overall.",0.59,Medium
SVC00422,30,12,17,44.5,24,7,5.5,4,0,0,8,"Routine day, nothing much to report.",0.573,Medium
SVC00422,30,12,12,68.4,11,12,8.06,14,0,0,10,"Usual duty hours, a bit tired but okay overall.",0.325,Low
SVC00422,30,12,14,39.8,7,8,5.57,13,0,0,5,"Standard patrol schedule, no major issues.",0.357,Low
SVC00422,30,12,21,53.2,18,10,3.84,18,0,0,3,"Nothing unusual, just getting through the schedule.",0.506,Medium
SVC00422,30,12,90,56.2,28,0,9.5,8,0,0,3,"Extremely exhausted, haven't slept properly in days.",0.801,High
SVC00422,30,12,69,72.5,8,14,5.18,10,0,1,7,"Nothing unusual, just getting through the schedule.",0.569,Medium
SVC00423,47,26,80,45.5,16,10,6.72,14,0,0,5,"Usual duty hours, a bit tired but okay overall.",0.619,Medium
SVC00423,47,26,55,42.3,26,3,6.9,7,0,0,10,"Standard patrol schedule, no major issues.",0.583,Medium
SVC00423,47,26,18,51.1,22,3,6.43,10,0,0,7,"Nothing unusual, just getting through the schedule.",0.504,Medium
SVC00423,47,26,6,47.3,23,10,6.16,11,0,0,8,"Routine day, nothing much to report.",0.374,Low
SVC00423,47,26,33,30.0,2,7,7.13,17,0,0,2,"Routine day, nothing much to report.",0.405,Medium
SVC00423,47,26,48,65.8,26,7,6.16,3,1,0,5,Really frustrated and anxious about the extended deployment.,0.712,High
SVC00424,50,2,90,46.1,4,2,5.61,18,0,0,10,"Usual duty hours, a bit tired but okay overall.",0.553,Medium
SVC00424,50,2,38,53.0,19,0,6.71,6,0,0,6,"Feeling isolated, it's been weeks since I saw my family.",0.667,High
SVC00424,50,2,75,71.7,9,9,8.19,6,0,0,7,"Usual duty hours, a bit tired but okay overall.",0.572,Medium
SVC00424,50,2,64,79.3,5,0,6.83,0,0,0,6,"Feeling isolated, it's been weeks since I saw my family.",0.629,Medium
SVC00424,50,2,17,55.2,29,0,6.14,15,0,0,4,"Usual duty hours, a bit tired but okay overall.",0.751,High
SVC00424,50,2,52,52.5,7,5,5.36,2,0,0,2,"Had a great time during the sports session, morale is high.",0.597,Medium
SVC00425,30,12,12,41.7,10,1,6.46,14,0,0,1,"Been a normal week, keeping busy with regular tasks.",0.422,Medium
SVC00425,30,12,23,56.3,16,8,6.28,6,0,0,5,"Routine day, nothing much to report.",0.537,Medium
SVC00425,30,12,76,30.0,28,1,7.69,4,0,0,10,"Nothing unusual, just getting through the schedule.",0.589,Medium
SVC00425,30,12,21,56.8,19,3,7.37,11,0,0,8,"Standard patrol schedule, no major issues.",0.624,Medium
SVC00425,30,12,21,55.2,15,3,5.1,15,0,1,8,"Usual duty hours, a bit tired but okay overall.",0.596,Medium
SVC00425,30,12,82,66.5,18,5,4.99,18,0,0,8,"Usual duty hours, a bit tired but okay overall.",0.625,Medium
SVC00426,48,22,20,68.1,0,11,5.44,1,0,0,9,"Standard patrol schedule, no major issues.",0.423,Medium
SVC00426,48,22,15,54.1,23,4,7.08,1,0,0,8,"Nothing unusual, just getting through the schedule.",0.509,Medium
SVC00426,48,22,47,58.1,8,13,7.29,10,0,0,2,"Usual duty hours, a bit tired but okay overall.",0.434,Medium
SVC00426,48,22,71,38.0,2,0,6.13,1,0,0,10,"Routine day, nothing much to report.",0.57,Medium
SVC00426,48,22,17,70.5,0,1,7.75,0,1,0,7,"Nothing unusual, just getting through the schedule.",0.533,Medium
SVC00426,48,22,86,57.7,21,0,8.07,14,0,0,8,"Usual duty hours, a bit tired but okay overall.",0.596,Medium
SVC00427,53,3,72,34.6,14,11,6.74,2,0,0,8,"Been a normal week, keeping busy with regular tasks.",0.462,Medium
SVC00427,53,3,22,56.8,4,13,6.48,12,0,0,9,"Been a normal week, keeping busy with regular tasks.",0.294,Low
SVC00427,53,3,52,62.9,22,5,7.63,18,0,0,2,"Usual duty hours, a bit tired but okay overall.",0.595,Medium
SVC00427,53,3,72,42.3,12,6,6.07,12,0,0,3,"Usual duty hours, a bit tired but okay overall.",0.522,Medium
SVC00427,53,3,46,71.9,15,0,6.09,10,0,0,3,"Routine day, nothing much to report.",0.591,Medium
SVC00427,53,3,89,49.2,12,10,6.36,3,0,0,10,"Solid week, workload was manageable and the team is in good spirits.",0.506,Medium
SVC00428,54,13,75,58.4,6,7,5.58,15,0,0,9,"Standard patrol schedule, no major issues.",0.596,Medium
SVC00428,54,13,79,60.5,17,1,6.19,6,0,0,8,"Standard patrol schedule, no major issues.",0.671,High
SVC00428,54,13,61,67.1,24,13,5.3,14,0,0,9,"Had a great time during the sports session, morale is high.",0.586,Medium
SVC00428,54,13,2,58.0,8,7,7.33,10,0,0,7,"Usual duty hours, a bit tired but okay overall.",0.44,Medium
SVC00428,54,13,11,48.1,10,9,3.36,9,1,0,2,"Been a normal week, keeping busy with regular tasks.",0.528,Medium
SVC00428,54,13,29,31.1,25,7,6.3,4,1,0,1,"Been a normal week, keeping busy with regular tasks.",0.626,Medium
SVC00429,49,3,90,54.9,27,10,6.7,6,0,1,5,"Feeling isolated, it's been weeks since I saw my family.",0.653,High
SVC00429,49,3,12,49.5,17,5,3.62,3,0,0,4,"Nothing unusual, just getting through the schedule.",0.559,Medium
SVC00429,49,3,1,64.3,7,11,6.73,12,0,1,8,"Solid week, workload was manageable and the team is in good spirits.",0.338,Low
SVC00429,49,3,0,47.2,1,2,8.19,9,0,0,8,"Standard patrol schedule, no major issues.",0.27,Low
SVC00429,49,3,17,38.0,15,8,6.67,4,0,0,5,"Nothing unusual, just getting through the schedule.",0.46,Medium
SVC00429,49,3,79,67.8,23,13,4.5,10,0,0,9,"Usual duty hours, a bit tired but okay overall.",0.491,Medium
SVC00430,53,7,55,49.2,25,13,7.68,18,0,0,4,"Standard patrol schedule, no major issues.",0.525,Medium
SVC00430,53,7,78,58.8,6,14,7.48,6,1,0,6,"Struggling to cope, everything feels overwhelming lately.",0.45,Medium
SVC00430,53,7,35,47.9,11,8,5.04,16,0,0,5,"Had a great time during the sports session, morale is high.",0.343,Low
SVC00430,53,7,24,54.2,18,7,7.05,18,0,0,7,"Been a normal week, keeping busy with regular tasks.",0.353,Low
SVC00430,53,7,74,58.3,21,11,5.0,12,1,0,1,The back-to-back duty shifts are wearing me down badly.,0.792,High
SVC00430,53,7,24,31.7,16,6,8.11,19,0,0,10,"Slept well last night, feeling fresh for duty.",0.228,Low
SVC00431,31,12,38,30.7,7,0,6.87,17,0,0,9,"Good day today, training went well and I got some rest.",0.316,Low
SVC00431,31,12,87,50.0,3,4,7.24,3,0,0,6,"Usual duty hours, a bit tired but okay overall.",0.584,Medium
SVC00431,31,12,62,58.0,4,8,6.51,17,0,0,7,"Feeling steady. Caught up with family on call, that helped a lot.",0.445,Medium
SVC00431,31,12,83,49.7,0,1,5.08,5,0,0,4,"Routine day, nothing much to report.",0.579,Medium
SVC00431,31,12,55,41.1,1,2,6.88,18,0,0,5,"Usual duty hours, a bit tired but okay overall.",0.565,Medium
SVC00431,31,12,56,78.6,21,9,5.06,0,0,0,9,"Standard patrol schedule, no major issues.",0.632,Medium
SVC00432,42,23,86,37.6,17,2,6.21,17,0,0,1,"Routine day, nothing much to report.",0.659,High
SVC00432,42,23,59,31.8,28,10,4.56,19,0,0,7,"Standard patrol schedule, no major issues.",0.494,Medium
SVC00432,42,23,46,53.8,0,2,6.97,13,0,0,1,"Been a normal week, keeping busy with regular tasks.",0.545,Medium
SVC00432,42,23,79,30.0,24,7,3.66,14,0,1,1,"Struggling to cope, everything feels overwhelming lately.",0.651,High
SVC00432,42,23,3,41.9,22,13,5.77,17,0,0,3,"Nothing unusual, just getting through the schedule.",0.479,Medium
SVC00432,42,23,11,69.0,13,0,5.61,13,0,0,8,"Been a normal week, keeping busy with regular tasks.",0.473,Medium
SVC00433,46,20,85,60.1,16,2,8.04,0,0,0,4,The back-to-back duty shifts are wearing me down badly.,0.678,High
SVC00433,46,20,7,55.1,4,12,8.07,15,0,2,2,"Usual duty hours, a bit tired but okay overall.",0.37,Low
SVC00433,46,20,73,48.0,13,13,6.53,4,0,0,7,"Nothing unusual, just getting through the schedule.",0.605,Medium
SVC00433,46,20,66,57.8,26,10,6.12,5,0,0,5,"Feeling isolated, it's been weeks since I saw my family.",0.717,High
SVC00433,46,20,39,30.0,24,11,7.69,16,1,0,10,"Slept well last night, feeling fresh for duty.",0.263,Low
SVC00433,46,20,18,42.0,7,0,5.6,8,0,0,10,"Solid week, workload was manageable and the team is in good spirits.",0.308,Low
SVC00434,47,18,31,75.1,24,4,3.87,17,0,0,7,Really frustrated and anxious about the extended deployment.,0.722,High
SVC00434,47,18,39,61.2,17,9,5.28,9,0,1,8,"Routine day, nothing much to report.",0.502,Medium
SVC00434,47,18,19,44.3,3,7,4.86,3,0,0,10,"Standard patrol schedule, no major issues.",0.43,Medium
SVC00434,47,18,6,71.5,5,10,3.25,4,0,0,7,"Standard patrol schedule, no major issues.",0.638,Medium
SVC00434,47,18,61,53.1,28,7,5.18,1,0,0,6,"Nothing unusual, just getting through the schedule.",0.709,High
SVC00434,47,18,35,47.0,12,5,4.69,2,0,0,7,"Standard patrol schedule, no major issues.",0.493,Medium
SVC00435,53,19,39,52.2,7,11,4.39,16,0,0,8,"Routine day, nothing much to report.",0.462,Medium
SVC00435,53,19,29,69.0,10,7,6.6,14,0,0,2,Really frustrated and anxious about the extended deployment.,0.689,High
SVC00435,53,19,30,46.6,10,3,6.71,5,0,1,8,"Been a normal week, keeping busy with regular tasks.",0.508,Medium
SVC00435,53,19,55,49.2,2,3,4.67,4,0,0,4,"Feeling isolated, it's been weeks since I saw my family.",0.665,High
SVC00435,53,19,25,60.4,18,1,5.28,8,0,0,5,"Extremely exhausted, haven't slept properly in days.",0.687,High
SVC00435,53,19,75,30.0,17,12,7.46,5,0,1,3,"Usual duty hours, a bit tired but okay overall.",0.486,Medium
SVC00436,27,7,20,31.4,27,13,6.03,3,1,0,9,"Good day today, training went well and I got some rest.",0.334,Low
SVC00436,27,7,11,53.8,12,0,5.54,2,0,0,4,"Been a normal week, keeping busy with regular tasks.",0.592,Medium
SVC00436,27,7,25,30.0,17,3,8.96,13,0,0,10,"Good day today, training went well and I got some rest.",0.376,Low
SVC00436,27,7,51,59.8,21,14,7.28,6,1,0,5,"Been a normal week, keeping busy with regular tasks.",0.624,Medium
SVC00436,27,7,38,80.8,12,7,7.61,9,0,0,6,"Slept well last night, feeling fresh for duty.",0.602,Medium
SVC00436,27,7,24,61.1,14,1,6.32,9,0,0,6,The back-to-back duty shifts are wearing me down badly.,0.524,Medium
SVC00437,53,7,0,38.7,7,4,5.58,0,0,0,8,"Standard patrol schedule, no major issues.",0.404,Medium
SVC00437,53,7,41,38.5,26,10,6.47,15,0,0,7,"Been a normal week, keeping busy with regular tasks.",0.44,Medium
SVC00437,53,7,82,57.6,4,5,7.98,0,0,0,8,"Usual duty hours, a bit tired but okay overall.",0.569,Medium
SVC00437,53,7,28,55.1,21,9,6.18,1,0,0,3,"Usual duty hours, a bit tired but okay overall.",0.616,Medium
SVC00437,53,7,8,44.4,0,13,7.74,5,0,0,2,"Routine day, nothing much to report.",0.398,Low
SVC00437,53,7,17,52.1,5,8,8.01,13,1,0,2,"Standard patrol schedule, no major issues.",0.491,Medium
SVC00438,40,22,69,56.6,27,7,5.01,3,0,0,9,"Standard patrol schedule, no major issues.",0.632,Medium
SVC00438,40,22,73,53.3,20,9,5.18,13,0,0,10,"Been a normal week, keeping busy with regular tasks.",0.519,Medium
SVC00438,40,22,25,41.3,12,11,7.73,19,0,0,8,"Standard patrol schedule, no major issues.",0.225,Low
SVC00438,40,22,12,75.6,29,10,8.65,6,0,0,2,"Extremely exhausted, haven't slept properly in days.",0.691,High
SVC00438,40,22,35,42.2,7,4,6.5,0,0,0,7,"Been a normal week, keeping busy with regular tasks.",0.412,Medium
SVC00438,40,22,35,42.4,4,10,6.17,2,0,0,6,"Standard patrol schedule, no major issues.",0.366,Low
SVC00439,41,14,11,30.0,18,8,5.53,18,0,0,4,"Routine day, nothing much to report.",0.393,Low
SVC00439,41,14,26,51.4,30,10,6.57,19,0,0,1,"Been a normal week, keeping busy with regular tasks.",0.594,Medium
SVC00439,41,14,70,43.3,30,12,6.88,7,0,0,5,"Usual duty hours, a bit tired but okay overall.",0.533,Medium
SVC00439,41,14,9,69.1,4,0,7.22,1,0,1,3,Really frustrated and anxious about the extended deployment.,0.651,High
SVC00439,41,14,26,50.7,10,8,5.48,7,0,1,3,The back-to-back duty shifts are wearing me down badly.,0.494,Medium
SVC00439,41,14,54,53.8,10,1,6.47,17,0,1,8,"Been a normal week, keeping busy with regular tasks.",0.637,Medium
SVC00440,39,3,31,50.4,7,10,5.88,19,0,0,8,"Nothing unusual, just getting through the schedule.",0.428,Medium
SVC00440,39,3,82,37.4,12,14,4.59,12,0,0,9,"Routine day, nothing much to report.",0.446,Medium
SVC00440,39,3,39,47.0,25,7,5.69,12,0,0,7,"Been a normal week, keeping busy with regular tasks.",0.583,Medium
SVC00440,39,3,34,48.8,5,3,7.93,7,1,0,3,"Nothing unusual, just getting through the schedule.",0.576,Medium
SVC00440,39,3,10,66.4,2,1,5.42,12,0,0,3,"Routine day, nothing much to report.",0.565,Medium
SVC00440,39,3,45,47.0,15,3,4.64,7,0,0,5,"Extremely exhausted, haven't slept properly in days.",0.536,Medium
SVC00441,50,31,68,49.0,1,4,7.3,5,0,0,1,"Usual duty hours, a bit tired but okay overall.",0.467,Medium
SVC00441,50,31,81,41.7,21,14,4.29,4,0,0,8,Really frustrated and anxious about the extended deployment.,0.586,Medium
SVC00441,50,31,83,46.4,12,0,6.89,12,0,0,10,"Been a normal week, keeping busy with regular tasks.",0.541,Medium
SVC00441,50,31,68,44.7,26,12,6.58,2,0,1,5,"Feeling steady. Caught up with family on call, that helped a lot.",0.704,High
SVC00441,50,31,77,30.0,11,0,6.29,13,1,0,5,"Nothing unusual, just getting through the schedule.",0.539,Medium
SVC00441,50,31,75,54.3,16,7,9.5,0,0,0,5,"Routine day, nothing much to report.",0.622,Medium
SVC00442,50,4,34,44.8,21,6,6.26,12,0,0,6,"Feeling steady. Caught up with family on call, that helped a lot.",0.456,Medium
SVC00442,50,4,62,55.7,19,10,5.45,8,0,0,3,"Struggling to cope, everything feels overwhelming lately.",0.654,High
SVC00442,50,4,37,32.6,22,9,7.59,4,0,0,9,"Usual duty hours, a bit tired but okay overall.",0.488,Medium
SVC00442,50,4,73,71.7,11,13,8.36,6,0,0,3,"Nothing unusual, just getting through the schedule.",0.615,Medium
SVC00442,50,4,45,46.3,19,4,6.65,9,0,0,2,"Standard patrol schedule, no major issues.",0.575,Medium
SVC00442,50,4,83,46.9,29,13,5.33,11,1,0,6,"Usual duty hours, a bit tired but okay overall.",0.611,Medium
SVC00443,29,7,90,30.0,11,11,6.45,12,0,0,5,"Routine day, nothing much to report.",0.485,Medium
SVC00443,29,7,30,54.8,14,1,6.91,10,0,1,10,"Feeling steady. Caught up with family on call, that helped a lot.",0.326,Low
SVC00443,29,7,65,35.1,28,9,5.57,9,0,0,5,"Standard patrol schedule, no major issues.",0.484,Medium
SVC00443,29,7,73,69.8,4,1,5.72,3,0,0,5,"Struggling to cope, everything feels overwhelming lately.",0.655,High
SVC00443,29,7,11,62.0,2,0,7.25,5,0,0,10,"Slept well last night, feeling fresh for duty.",0.347,Low
SVC00443,29,7,4,57.3,1,13,7.26,2,0,0,4,"Good day today, training went well and I got some rest.",0.32,Low
SVC00444,50,29,45,41.8,12,2,8.72,16,0,0,5,"Usual duty hours, a bit tired but okay overall.",0.563,Medium
SVC00444,50,29,62,62.1,8,13,6.73,11,0,0,8,"Nothing unusual, just getting through the schedule.",0.459,Medium
SVC00444,50,29,55,61.0,9,13,5.13,13,0,0,6,"Solid week, workload was manageable and the team is in good spirits.",0.525,Medium
SVC00444,50,29,17,37.9,27,13,6.31,4,0,1,5,"Usual duty hours, a bit tired but okay overall.",0.495,Medium
SVC00444,50,29,48,37.7,10,8,4.68,17,2,0,6,"Standard patrol schedule, no major issues.",0.449,Medium
SVC00444,50,29,18,58.2,0,7,5.39,5,0,0,4,"Usual duty hours, a bit tired but okay overall.",0.45,Medium
SVC00445,50,27,47,47.0,5,0,3.66,10,0,1,2,"Standard patrol schedule, no major issues.",0.557,Medium
SVC00445,50,27,17,61.7,18,3,6.69,18,0,0,8,The back-to-back duty shifts are wearing me down badly.,0.338,Low
SVC00445,50,27,58,78.7,20,5,8.23,7,0,0,3,"Extremely exhausted, haven't slept properly in days.",0.699,High
SVC00445,50,27,90,61.6,2,3,6.43,10,0,0,6,"Standard patrol schedule, no major issues.",0.584,Medium
SVC00445,50,27,27,72.1,19,2,5.34,0,0,0,7,"Nothing unusual, just getting through the schedule.",0.625,Medium
SVC00445,50,27,19,57.7,25,12,5.38,9,0,0,10,"Standard patrol schedule, no major issues.",0.578,Medium
SVC00446,47,14,30,50.9,2,4,5.81,0,0,0,4,"Standard patrol schedule, no major issues.",0.451,Medium
SVC00446,47,14,44,63.2,16,4,4.07,7,0,0,8,"Slept well last night, feeling fresh for duty.",0.707,High
SVC00446,47,14,60,56.6,25,8,5.42,5,0,0,4,"Feeling isolated, it's been weeks since I saw my family.",0.686,High
SVC00446,47,14,21,54.9,6,7,7.86,3,0,0,10,"Standard patrol schedule, no major issues.",0.475,Medium
SVC00446,47,14,47,72.5,8,12,6.16,11,0,0,4,"Struggling to cope, everything feels overwhelming lately.",0.656,High
SVC00446,47,14,55,40.9,16,0,9.33,14,0,0,5,"Usual duty hours, a bit tired but okay overall.",0.519,Medium
SVC00447,41,2,18,65.5,23,14,6.17,14,0,0,2,"Routine day, nothing much to report.",0.586,Medium
SVC00447,41,2,42,53.8,25,5,4.51,11,0,0,5,"Struggling to cope, everything feels overwhelming lately.",0.656,High
SVC00447,41,2,1,43.6,26,2,7.29,12,0,0,9,"Been a normal week, keeping busy with regular tasks.",0.443,Medium
SVC00447,41,2,18,59.0,5,12,5.15,0,0,0,1,"Usual duty hours, a bit tired but okay overall.",0.504,Medium
SVC00447,41,2,10,70.6,6,10,8.11,13,0,0,3,"Routine day, nothing much to report.",0.437,Medium
SVC00447,41,2,49,59.4,5,0,6.69,10,0,0,4,"Nothing unusual, just getting through the schedule.",0.552,Medium
SVC00448,52,21,85,73.1,8,11,2.66,15,1,0,7,"Usual duty hours, a bit tired but okay overall.",0.73,High
SVC00448,52,21,32,37.1,19,1,5.62,10,0,0,10,"Usual duty hours, a bit tired but okay overall.",0.464,Medium
SVC00448,52,21,37,47.8,3,5,7.46,17,1,0,2,"Struggling to cope, everything feels overwhelming lately.",0.469,Medium
SVC00448,52,21,23,65.0,15,7,5.27,8,0,0,2,"Feeling isolated, it's been weeks since I saw my family.",0.655,High
SVC00448,52,21,38,46.7,23,7,6.01,18,0,0,7,"Been a normal week, keeping busy with regular tasks.",0.513,Medium
SVC00448,52,21,19,60.8,8,12,6.95,0,0,0,10,"Routine day, nothing much to report.",0.466,Medium
SVC00449,44,21,14,64.8,13,0,4.29,19,0,0,3,"Struggling to cope, everything feels overwhelming lately.",0.694,High
SVC00449,44,21,37,65.5,20,8,5.45,5,0,1,6,"Usual duty hours, a bit tired but okay overall.",0.593,Medium
SVC00449,44,21,27,44.4,22,7,7.87,18,0,0,2,"Routine day, nothing much to report.",0.594,Medium
SVC00449,44,21,71,40.8,15,11,5.91,17,0,0,10,"Standard patrol schedule, no major issues.",0.45,Medium
SVC00449,44,21,37,72.4,22,14,8.68,15,0,0,6,"Nothing unusual, just getting through the schedule.",0.538,Medium
SVC00449,44,21,29,49.2,5,12,5.54,6,0,0,7,"Routine day, nothing much to report.",0.513,Medium
SVC00450,24,6,81,47.9,2,12,7.92,9,1,0,1,"Usual duty hours, a bit tired but okay overall.",0.527,Medium
SVC00450,24,6,66,64.5,26,1,6.47,18,0,0,4,The back-to-back duty shifts are wearing me down badly.,0.701,High
SVC00450,24,6,20,45.9,18,8,4.28,11,0,0,2,"Struggling to cope, everything feels overwhelming lately.",0.698,High
SVC00450,24,6,54,50.7,9,5,8.77,9,0,0,6,"Solid week, workload was manageable and the team is in good spirits.",0.446,Medium
SVC00450,24,6,28,57.9,14,1,5.73,1,0,0,5,"Routine day, nothing much to report.",0.569,Medium
SVC00450,24,6,88,67.5,13,7,4.81,3,0,0,9,The back-to-back duty shifts are wearing me down badly.,0.661,High
SVC00451,38,16,73,43.1,27,9,6.13,9,0,0,9,"Routine day, nothing much to report.",0.519,Medium
SVC00451,38,16,9,38.4,29,1,4.37,16,0,0,4,"Usual duty hours, a bit tired but okay overall.",0.643,Medium
SVC00451,38,16,74,62.4,16,7,5.11,6,0,0,5,The back-to-back duty shifts are wearing me down badly.,0.773,High
SVC00451,38,16,2,50.8,24,8,6.24,11,1,0,8,"Standard patrol schedule, no major issues.",0.602,Medium
SVC00451,38,16,61,38.3,2,7,8.24,15,0,0,10,"Solid week, workload was manageable and the team is in good spirits.",0.398,Low
SVC00451,38,16,32,50.5,29,5,7.6,16,0,0,3,"Standard patrol schedule, no major issues.",0.627,Medium
SVC00452,41,23,39,51.9,24,8,5.29,12,0,0,9,"Standard patrol schedule, no major issues.",0.629,Medium
SVC00452,41,23,23,43.8,21,4,6.14,5,1,1,3,"Routine day, nothing much to report.",0.484,Medium
SVC00452,41,23,87,30.1,3,3,5.88,10,0,0,5,"Been a normal week, keeping busy with regular tasks.",0.515,Medium
SVC00452,41,23,87,51.7,17,6,5.79,18,2,0,6,"Been a normal week, keeping busy with regular tasks.",0.628,Medium
SVC00452,41,23,76,48.6,6,12,4.51,16,0,0,3,"Nothing unusual, just getting through the schedule.",0.522,Medium
SVC00452,41,23,62,43.4,26,13,5.53,18,0,0,1,"Usual duty hours, a bit tired but okay overall.",0.646,Medium
SVC00453,26,8,79,51.4,16,13,5.04,3,0,0,2,"Struggling to cope, everything feels overwhelming lately.",0.677,High
SVC00453,26,8,89,32.7,20,11,7.48,19,0,0,10,"Been a normal week, keeping busy with regular tasks.",0.44,Medium
SVC00453,26,8,84,39.7,28,5,7.69,10,0,0,2,"Routine day, nothing much to report.",0.84,High
SVC00453,26,8,15,51.4,8,10,3.92,0,0,0,4,The back-to-back duty shifts are wearing me down badly.,0.511,Medium
SVC00453,26,8,90,30.0,4,8,6.9,7,0,0,6,"Struggling to cope, everything feels overwhelming lately.",0.44,Medium
SVC00453,26,8,84,30.3,12,13,5.99,16,0,0,9,"Usual duty hours, a bit tired but okay overall.",0.384,Low
SVC00454,44,26,47,42.2,30,6,7.89,14,0,0,9,"Routine day, nothing much to report.",0.497,Medium
SVC00454,44,26,88,45.4,21,5,6.83,5,0,0,7,"Usual duty hours, a bit tired but okay overall.",0.519,Medium
SVC00454,44,26,8,44.9,28,1,7.74,11,0,0,3,"Standard patrol schedule, no major issues.",0.58,Medium
SVC00454,44,26,6,65.1,12,9,3.9,14,0,0,10,"Been a normal week, keeping busy with regular tasks.",0.516,Medium
SVC00454,44,26,67,45.5,5,3,7.18,9,0,0,4,"Nothing unusual, just getting through the schedule.",0.482,Medium
SVC00454,44,26,56,62.9,9,11,4.83,4,1,0,1,"Feeling isolated, it's been weeks since I saw my family.",0.667,High
SVC00455,36,10,43,58.2,25,8,4.41,14,0,1,9,"Routine day, nothing much to report.",0.536,Medium
SVC00455,36,10,60,61.2,25,13,6.3,2,1,0,7,"Nothing unusual, just getting through the schedule.",0.616,Medium
SVC00455,36,10,17,58.2,14,4,6.68,6,0,1,10,"Routine day, nothing much to report.",0.442,Medium
SVC00455,36,10,21,52.2,21,7,4.27,6,0,0,6,"Routine day, nothing much to report.",0.53,Medium
SVC00455,36,10,2,65.5,19,11,4.74,14,0,1,6,"Nothing unusual, just getting through the schedule.",0.591,Medium
SVC00455,36,10,73,53.7,5,8,6.42,1,0,0,7,"Nothing unusual, just getting through the schedule.",0.448,Medium
SVC00456,33,10,52,56.7,30,0,5.2,8,0,0,10,"Standard patrol schedule, no major issues.",0.569,Medium
SVC00456,33,10,15,51.1,4,1,6.51,13,0,0,6,The back-to-back duty shifts are wearing me down badly.,0.376,Low
SVC00456,33,10,48,52.6,2,14,5.32,9,0,0,9,"Nothing unusual, just getting through the schedule.",0.412,Medium
SVC00456,33,10,31,44.7,12,1,5.84,2,0,0,2,"Struggling to cope, everything feels overwhelming lately.",0.6,Medium
SVC00456,33,10,6,37.2,24,2,6.94,2,0,0,1,"Nothing unusual, just getting through the schedule.",0.611,Medium
SVC00456,33,10,38,65.3,13,11,6.61,8,1,0,5,"Usual duty hours, a bit tired but okay overall.",0.578,Medium
SVC00457,22,4,21,37.8,29,4,5.51,10,0,0,8,"Routine day, nothing much to report.",0.549,Medium
SVC00457,22,4,84,71.4,21,11,5.94,9,1,0,2,"Nothing unusual, just getting through the schedule.",0.787,High
SVC00457,22,4,23,67.4,18,2,6.16,16,1,1,5,"Standard patrol schedule, no major issues.",0.589,Medium
SVC00457,22,4,54,30.0,11,8,7.59,8,0,0,2,"Been a normal week, keeping busy with regular tasks.",0.488,Medium
SVC00457,22,4,90,41.3,21,11,4.77,13,1,0,5,"Nothing unusual, just getting through the schedule.",0.624,Medium
SVC00457,22,4,89,40.9,20,4,5.41,8,0,0,6,"Nothing unusual, just getting through the schedule.",0.685,High
SVC00458,30,12,75,66.4,25,4,5.92,18,0,0,9,"Nothing unusual, just getting through the schedule.",0.614,Medium
SVC00458,30,12,52,41.1,5,6,8.41,13,0,0,5,"Standard patrol schedule, no major issues.",0.407,Medium
SVC00458,30,12,23,41.1,8,5,6.77,4,0,0,4,"Routine day, nothing much to report.",0.386,Low
SVC00458,30,12,72,67.5,12,7,6.73,9,0,0,6,"Routine day, nothing much to report.",0.534,Medium
SVC00458,30,12,6,60.6,24,14,5.86,7,1,0,5,"Solid week, workload was manageable and the team is in good spirits.",0.401,Medium
SVC00458,30,12,29,51.7,21,11,7.09,0,0,0,1,"Nothing unusual, just getting through the schedule.",0.523,Medium
SVC00459,45,4,50,48.1,5,13,6.69,8,0,0,4,"Usual duty hours, a bit tired but okay overall.",0.607,Medium
SVC00459,45,4,59,37.7,4,11,7.48,17,0,1,3,"Routine day, nothing much to report.",0.391,Low
SVC00459,45,4,60,47.1,26,0,5.14,15,0,0,1,Really frustrated and anxious about the extended deployment.,0.772,High
SVC00459,45,4,24,47.2,2,11,7.33,16,0,0,5,"Been a normal week, keeping busy with regular tasks.",0.377,Low
SVC00459,45,4,31,43.6,24,1,7.93,8,0,0,10,"Standard patrol schedule, no major issues.",0.513,Medium
SVC00459,45,4,86,44.4,23,13,7.91,6,0,0,7,"Standard patrol schedule, no major issues.",0.559,Medium
SVC00460,40,17,40,45.9,24,8,5.87,1,0,0,6,"Nothing unusual, just getting through the schedule.",0.613,Medium
SVC00460,40,17,31,50.2,5,1,6.49,6,0,0,8,"Standard patrol schedule, no major issues.",0.432,Medium
SVC00460,40,17,72,49.0,7,10,4.16,6,0,0,1,"Usual duty hours, a bit tired but okay overall.",0.651,High
SVC00460,40,17,69,53.4,26,11,4.52,8,0,0,5,"Feeling isolated, it's been weeks since I saw my family.",0.707,High
SVC00460,40,17,66,46.9,4,1,6.88,14,0,1,9,"Standard patrol schedule, no major issues.",0.492,Medium
SVC00460,40,17,2,59.0,4,10,4.99,13,0,0,2,"Usual duty hours, a bit tired but okay overall.",0.515,Medium
SVC00461,49,19,74,56.0,0,4,7.65,19,0,0,2,"Routine day, nothing much to report.",0.562,Medium
SVC00461,49,19,45,64.7,17,1,3.99,11,0,0,5,"Usual duty hours, a bit tired but okay overall.",0.697,High
SVC00461,49,19,66,54.2,25,5,6.86,12,0,1,2,"Struggling to cope, everything feels overwhelming lately.",0.731,High
SVC00461,49,19,15,47.9,20,4,4.0,11,0,0,6,"Usual duty hours, a bit tired but okay overall.",0.665,High
SVC00461,49,19,56,46.4,20,4,7.09,7,0,0,8,"Extremely exhausted, haven't slept properly in days.",0.562,Medium
SVC00461,49,19,60,30.0,25,10,7.7,5,0,0,7,"Standard patrol schedule, no major issues.",0.532,Medium
SVC00462,25,7,37,58.6,11,1,5.9,7,0,0,9,"Usual duty hours, a bit tired but okay overall.",0.488,Medium
SVC00462,25,7,75,41.2,24,13,5.61,13,0,1,8,"Routine day, nothing much to report.",0.6,Medium
SVC00462,25,7,26,41.6,22,0,5.95,14,0,0,5,The back-to-back duty shifts are wearing me down badly.,0.657,High
SVC00462,25,7,39,58.2,5,11,5.05,18,0,0,10,"Slept well last night, feeling fresh for duty.",0.346,Low
SVC00462,25,7,85,54.9,11,12,6.65,8,0,0,10,"Nothing unusual, just getting through the schedule.",0.485,Medium
SVC00462,25,7,70,31.9,4,7,8.33,7,0,0,5,"Nothing unusual, just getting through the schedule.",0.364,Low
SVC00463,41,9,86,44.6,1,10,6.15,5,1,0,8,"Standard patrol schedule, no major issues.",0.498,Medium
SVC00463,41,9,74,72.1,1,1,5.74,14,0,0,1,"Nothing unusual, just getting through the schedule.",0.617,Medium
SVC00463,41,9,34,63.4,21,13,7.65,2,0,0,8,"Standard patrol schedule, no major issues.",0.613,Medium
SVC00463,41,9,89,69.5,29,11,7.18,18,1,0,3,"Struggling to cope, everything feels overwhelming lately.",0.777,High
SVC00463,41,9,32,36.0,22,0,4.88,11,1,0,7,"Been a normal week, keeping busy with regular tasks.",0.443,Medium
SVC00463,41,9,55,43.3,20,3,5.06,0,0,0,10,"Been a normal week, keeping busy with regular tasks.",0.531,Medium
SVC00464,25,7,11,30.0,19,3,4.94,1,0,0,6,"Been a normal week, keeping busy with regular tasks.",0.515,Medium
SVC00464,25,7,4,59.2,9,10,7.51,14,0,0,7,"Been a normal week, keeping busy with regular tasks.",0.493,Medium
SVC00464,25,7,11,68.4,22,7,6.35,6,0,0,10,"Routine day, nothing much to report.",0.646,Medium
SVC00464,25,7,77,51.4,26,6,5.67,11,1,0,5,"Feeling steady. Caught up with family on call, that helped a lot.",0.721,High
SVC00464,25,7,4,46.2,28,6,8.17,5,1,1,4,The back-to-back duty shifts are wearing me down badly.,0.487,Medium
SVC00464,25,7,61,30.0,9,10,3.78,17,0,0,6,"Standard patrol schedule, no major issues.",0.453,Medium
SVC00465,39,3,66,65.5,7,6,4.32,7,0,0,3,"Extremely exhausted, haven't slept properly in days.",0.586,Medium
SVC00465,39,3,16,53.4,16,5,7.15,3,0,0,2,"Standard patrol schedule, no major issues.",0.594,Medium
SVC00465,39,3,64,54.6,3,2,3.73,0,0,0,8,"Nothing unusual, just getting through the schedule.",0.542,Medium
SVC00465,39,3,65,63.4,7,2,6.23,12,0,0,10,"Routine day, nothing much to report.",0.48,Medium
SVC00465,39,3,57,48.0,4,4,4.41,19,0,0,9,"Usual duty hours, a bit tired but okay overall.",0.433,Medium
SVC00465,39,3,41,54.8,20,6,5.39,16,1,0,8,"Routine day, nothing much to report.",0.504,Medium
SVC00466,40,17,1,33.4,10,9,6.6,1,0,0,1,"Usual duty hours, a bit tired but okay overall.",0.399,Low
SVC00466,40,17,6,48.3,20,14,6.37,16,0,0,4,"Standard patrol schedule, no major issues.",0.423,Medium
SVC00466,40,17,27,75.6,19,2,4.09,0,0,0,2,The back-to-back duty shifts are wearing me down badly.,0.873,High
SVC00466,40,17,6,39.3,26,8,5.04,14,1,0,6,"Been a normal week, keeping busy with regular tasks.",0.559,Medium
SVC00466,40,17,66,42.3,22,11,7.09,18,0,0,6,"Been a normal week, keeping busy with regular tasks.",0.51,Medium
SVC00466,40,17,1,57.1,30,1,7.41,11,0,0,2,"Standard patrol schedule, no major issues.",0.557,Medium
SVC00467,26,8,19,46.1,1,3,7.13,4,0,0,5,"Usual duty hours, a bit tired but okay overall.",0.396,Low
SVC00467,26,8,46,40.9,24,0,5.85,18,0,0,5,"Been a normal week, keeping busy with regular tasks.",0.534,Medium
SVC00467,26,8,60,46.1,1,6,6.29,4,0,0,5,"Nothing unusual, just getting through the schedule.",0.536,Medium
SVC00467,26,8,57,55.5,28,0,7.32,17,0,0,1,Really frustrated and anxious about the extended deployment.,0.663,High
SVC00467,26,8,82,71.0,7,3,4.94,17,0,0,6,"Standard patrol schedule, no major issues.",0.694,High
SVC00467,26,8,90,51.2,24,2,9.3,9,0,0,7,"Usual duty hours, a bit tired but okay overall.",0.558,Medium
SVC00468,53,17,76,57.4,19,8,5.99,16,0,0,1,Really frustrated and anxious about the extended deployment.,0.617,Medium
SVC00468,53,17,8,57.6,25,8,5.18,9,1,0,9,"Routine day, nothing much to report.",0.467,Medium
SVC00468,53,17,23,48.1,15,13,4.28,15,0,0,10,"Good day today, training went well and I got some rest.",0.425,Medium
SVC00468,53,17,41,42.4,0,12,7.81,8,1,0,6,"Nothing unusual, just getting through the schedule.",0.424,Medium
SVC00468,53,17,89,41.2,15,6,8.93,8,0,0,9,"Standard patrol schedule, no major issues.",0.503,Medium
SVC00468,53,17,81,64.0,28,1,7.23,0,1,0,5,"Extremely exhausted, haven't slept properly in days.",0.835,High
SVC00469,54,15,27,43.5,23,6,7.67,14,0,0,10,"Standard patrol schedule, no major issues.",0.455,Medium
SVC00469,54,15,17,58.9,5,5,7.27,8,1,0,4,"Nothing unusual, just getting through the schedule.",0.518,Medium
SVC00469,54,15,85,51.1,29,7,5.92,2,0,0,2,"Struggling to cope, everything feels overwhelming lately.",0.683,High
SVC00469,54,15,72,48.3,22,6,2.71,7,0,0,3,"Nothing unusual, just getting through the schedule.",0.672,High
SVC00469,54,15,41,52.9,12,5,5.13,0,0,0,3,"Usual duty hours, a bit tired but okay overall.",0.743,High
SVC00469,54,15,52,47.3,26,14,4.92,3,0,0,9,"Nothing unusual, just getting through the schedule.",0.577,Medium
SVC00470,46,21,61,47.2,0,11,8.13,2,0,0,4,"Standard patrol schedule, no major issues.",0.431,Medium
SVC00470,46,21,9,51.9,6,10,7.48,1,0,0,6,"Usual duty hours, a bit tired but okay overall.",0.25,Low
SVC00470,46,21,14,62.2,9,10,5.88,1,0,0,5,"Nothing unusual, just getting through the schedule.",0.539,Medium
SVC00470,46,21,31,43.4,3,10,6.51,6,0,0,2,"Been a normal week, keeping busy with regular tasks.",0.544,Medium
SVC00470,46,21,13,46.6,19,12,9.5,9,0,0,5,"Routine day, nothing much to report.",0.539,Medium
SVC00470,46,21,61,74.3,18,7,6.79,12,0,0,5,"Standard patrol schedule, no major issues.",0.661,High
SVC00471,47,29,41,47.3,21,9,5.61,1,0,0,7,"Routine day, nothing much to report.",0.559,Medium
SVC00471,47,29,84,32.0,28,7,4.92,13,0,1,1,"Good day today, training went well and I got some rest.",0.646,Medium
SVC00471,47,29,10,38.2,29,1,4.78,0,0,0,3,"Usual duty hours, a bit tired but okay overall.",0.671,High
SVC00471,47,29,2,68.3,13,9,6.41,16,0,0,4,"Routine day, nothing much to report.",0.353,Low
SVC00471,47,29,56,41.4,6,1,6.17,12,0,0,1,"Been a normal week, keeping busy with regular tasks.",0.588,Medium
SVC00471,47,29,35,62.2,6,14,7.9,13,0,0,6,"Slept well last night, feeling fresh for duty.",0.33,Low
SVC00472,44,20,42,41.8,0,13,5.3,4,0,0,10,"Standard patrol schedule, no major issues.",0.316,Low
SVC00472,44,20,35,40.3,13,9,4.19,1,0,0,10,"Slept well last night, feeling fresh for duty.",0.458,Medium
SVC00472,44,20,60,62.0,5,3,7.77,11,0,0,8,"Feeling steady. Caught up with family on call, that helped a lot.",0.374,Low
SVC00472,44,20,24,58.6,29,13,5.56,13,0,0,10,"Standard patrol schedule, no major issues.",0.612,Medium
SVC00472,44,20,65,54.4,18,3,6.31,19,0,0,2,"Feeling isolated, it's been weeks since I saw my family.",0.699,High
SVC00472,44,20,14,41.2,14,1,7.08,3,0,0,1,"Nothing unusual, just getting through the schedule.",0.574,Medium
SVC00473,44,21,28,39.9,3,2,7.27,19,0,0,6,"Been a normal week, keeping busy with regular tasks.",0.445,Medium
SVC00473,44,21,89,39.6,29,14,7.29,15,0,1,2,"Standard patrol schedule, no major issues.",0.641,Medium
SVC00473,44,21,77,38.2,15,10,2.73,5,1,0,6,"Usual duty hours, a bit tired but okay overall.",0.589,Medium
SVC00473,44,21,50,60.9,9,5,5.67,5,0,0,2,"Extremely exhausted, haven't slept properly in days.",0.715,High
SVC00473,44,21,90,63.4,26,5,7.14,15,1,0,7,The back-to-back duty shifts are wearing me down badly.,0.652,High
SVC00473,44,21,1,57.0,21,11,5.16,7,1,0,4,"Slept well last night, feeling fresh for duty.",0.543,Medium
SVC00474,35,17,26,58.7,15,5,5.56,4,0,0,5,"Struggling to cope, everything feels overwhelming lately.",0.611,Medium
SVC00474,35,17,7,57.0,28,10,4.49,7,0,0,10,"Usual duty hours, a bit tired but okay overall.",0.454,Medium
SVC00474,35,17,23,48.7,9,3,6.05,14,0,0,7,"Extremely exhausted, haven't slept properly in days.",0.501,Medium
SVC00474,35,17,78,51.1,14,10,4.74,15,0,0,8,"Standard patrol schedule, no major issues.",0.513,Medium
SVC00474,35,17,2,74.7,29,12,4.94,6,0,0,10,Really frustrated and anxious about the extended deployment.,0.559,Medium
SVC00474,35,17,12,64.1,11,11,6.72,18,0,0,10,"Nothing unusual, just getting through the schedule.",0.454,Medium
SVC00475,42,16,26,31.5,25,14,7.49,7,0,0,4,"Nothing unusual, just getting through the schedule.",0.438,Medium
SVC00475,42,16,59,54.8,3,2,6.71,14,0,1,6,"Nothing unusual, just getting through the schedule.",0.38,Low
SVC00475,42,16,27,47.0,27,10,7.41,14,0,0,10,"Good day today, training went well and I got some rest.",0.347,Low
SVC00475,42,16,3,74.8,0,0,4.35,3,0,1,8,"Usual duty hours, a bit tired but okay overall.",0.6,Medium
SVC00475,42,16,40,62.1,22,9,5.98,12,0,0,7,"Routine day, nothing much to report.",0.566,Medium
SVC00475,42,16,58,66.5,30,10,7.65,3,0,0,5,"Nothing unusual, just getting through the schedule.",0.686,High
SVC00476,39,21,72,33.3,19,9,7.66,9,0,0,7,"Standard patrol schedule, no major issues.",0.516,Medium
SVC00476,39,21,61,50.2,20,13,3.44,10,0,0,1,"Standard patrol schedule, no major issues.",0.636,Medium
SVC00476,39,21,1,53.8,11,12,3.54,19,2,0,4,"Good day today, training went well and I got some rest.",0.486,Medium
SVC00476,39,21,81,36.3,7,13,4.86,18,0,1,5,"Nothing unusual, just getting through the schedule.",0.355,Low
SVC00476,39,21,72,60.9,27,8,7.89,18,0,1,7,"Standard patrol schedule, no major issues.",0.56,Medium
SVC00476,39,21,46,43.3,1,8,7.32,9,0,0,9,"Good day today, training went well and I got some rest.",0.323,Low
SVC00477,42,20,64,62.7,6,14,6.31,7,1,0,6,"Been a normal week, keeping busy with regular tasks.",0.492,Medium
SVC00477,42,20,48,55.0,13,12,6.51,6,0,0,5,"Nothing unusual, just getting through the schedule.",0.465,Medium
SVC00477,42,20,46,35.6,4,9,5.9,11,0,0,6,"Feeling steady. Caught up with family on call, that helped a lot.",0.325,Low
SVC00477,42,20,40,60.9,15,14,8.92,12,0,0,4,"Been a normal week, keeping busy with regular tasks.",0.514,Medium
SVC00477,42,20,47,62.7,14,6,5.07,17,0,0,8,"Usual duty hours, a bit tired but okay overall.",0.514,Medium
SVC00477,42,20,6,55.6,13,2,7.45,16,0,0,8,"Nothing unusual, just getting through the schedule.",0.385,Low
SVC00478,35,2,3,41.5,23,13,7.94,17,0,0,3,"Usual duty hours, a bit tired but okay overall.",0.56,Medium
SVC00478,35,2,87,60.3,20,1,7.3,3,0,0,2,"Extremely exhausted, haven't slept properly in days.",0.717,High
SVC00478,35,2,32,63.3,11,7,6.65,6,0,0,3,"Nothing unusual, just getting through the schedule.",0.5,Medium
SVC00478,35,2,55,52.6,17,11,5.51,8,0,0,10,"Usual duty hours, a bit tired but okay overall.",0.468,Medium
SVC00478,35,2,54,30.0,6,7,7.26,4,1,0,2,"Routine day, nothing much to report.",0.399,Low
SVC00478,35,2,69,73.2,4,7,6.84,3,0,1,8,"Been a normal week, keeping busy with regular tasks.",0.588,Medium
SVC00479,41,22,11,60.3,28,13,5.57,9,1,1,9,"Been a normal week, keeping busy with regular tasks.",0.498,Medium
SVC00479,41,22,13,49.6,16,14,7.48,0,0,0,9,"Routine day, nothing much to report.",0.373,Low
SVC00479,41,22,31,64.6,7,9,6.92,17,0,1,4,"Been a normal week, keeping busy with regular tasks.",0.448,Medium
SVC00479,41,22,44,58.0,12,12,4.93,12,0,1,9,"Standard patrol schedule, no major issues.",0.493,Medium
SVC00479,41,22,69,43.3,19,2,5.96,10,0,0,2,"Struggling to cope, everything feels overwhelming lately.",0.731,High
SVC00479,41,22,71,82.7,15,4,6.09,8,0,1,4,"Extremely exhausted, haven't slept properly in days.",0.654,High
SVC00480,53,28,17,39.9,4,13,6.92,12,0,0,10,"Had a great time during the sports session, morale is high.",0.275,Low
SVC00480,53,28,3,53.7,29,10,7.0,0,0,0,4,"Routine day, nothing much to report.",0.556,Medium
SVC00480,53,28,24,45.5,21,10,7.11,9,0,0,3,"Nothing unusual, just getting through the schedule.",0.531,Medium
SVC00480,53,28,36,52.6,26,2,4.9,19,0,0,4,"Routine day, nothing much to report.",0.618,Medium
SVC00480,53,28,8,73.3,20,7,4.58,16,0,0,6,The back-to-back duty shifts are wearing me down badly.,0.621,Medium
SVC00480,53,28,46,47.2,2,7,2.58,14,0,0,3,"Usual duty hours, a bit tired but okay overall.",0.416,Medium
SVC00481,33,10,40,62.0,1,12,5.51,10,0,1,6,"Routine day, nothing much to report.",0.428,Medium
SVC00481,33,10,40,59.9,18,8,7.41,18,0,0,2,"Routine day, nothing much to report.",0.588,Medium
SVC00481,33,10,10,36.5,21,10,4.01,7,0,0,7,"Standard patrol schedule, no major issues.",0.461,Medium
SVC00481,33,10,6,56.0,12,11,5.79,6,0,0,3,"Nothing unusual, just getting through the schedule.",0.512,Medium
SVC00481,33,10,30,50.4,28,12,6.55,12,0,0,3,"Been a normal week, keeping busy with regular tasks.",0.568,Medium
SVC00481,33,10,59,60.8,25,0,5.91,3,0,0,6,"Struggling to cope, everything feels overwhelming lately.",0.75,High
SVC00482,34,4,87,58.4,2,12,5.77,6,0,0,10,"Had a great time during the sports session, morale is high.",0.337,Low
SVC00482,34,4,83,55.6,0,8,8.89,11,0,0,5,"Usual duty hours, a bit tired but okay overall.",0.453,Medium
SVC00482,34,4,33,81.7,26,5,6.41,13,0,0,1,"Been a normal week, keeping busy with regular tasks.",0.747,High
SVC00482,34,4,46,44.8,4,5,6.75,19,0,0,3,"Usual duty hours, a bit tired but okay overall.",0.352,Low
SVC00482,34,4,65,35.7,24,5,6.84,13,1,0,5,"Nothing unusual, just getting through the schedule.",0.478,Medium
SVC00482,34,4,60,64.3,15,8,5.72,13,0,0,10,Really frustrated and anxious about the extended deployment.,0.558,Medium
SVC00483,47,6,26,48.0,0,4,6.56,12,1,0,4,"Been a normal week, keeping busy with regular tasks.",0.391,Low
SVC00483,47,6,23,60.2,18,8,2.5,3,1,0,5,The back-to-back duty shifts are wearing me down badly.,0.653,High
SVC00483,47,6,88,63.4,5,12,5.52,4,0,2,3,"Nothing unusual, just getting through the schedule.",0.569,Medium
SVC00483,47,6,24,44.9,14,5,3.39,12,0,1,8,"Routine day, nothing much to report.",0.449,Medium
SVC00483,47,6,50,31.3,6,9,4.38,18,0,0,1,"Solid week, workload was manageable and the team is in good spirits.",0.505,Medium
SVC00483,47,6,15,68.0,19,0,6.88,19,0,0,1,"Usual duty hours, a bit tired but okay overall.",0.683,High
SVC00484,42,2,27,43.6,5,6,7.05,10,2,0,9,"Had a great time during the sports session, morale is high.",0.207,Low
SVC00484,42,2,27,58.2,23,10,5.96,7,1,0,7,"Standard patrol schedule, no major issues.",0.605,Medium
SVC00484,42,2,43,32.1,28,2,4.87,3,0,0,10,"Routine day, nothing much to report.",0.525,Medium
SVC00484,42,2,3,39.3,16,8,6.55,12,0,0,7,"Nothing unusual, just getting through the schedule.",0.42,Medium
SVC00484,42,2,24,53.4,28,13,6.98,14,0,0,6,"Routine day, nothing much to report.",0.45,Medium
SVC00484,42,2,26,49.7,24,11,6.21,9,2,0,3,"Struggling to cope, everything feels overwhelming lately.",0.683,High
SVC00485,53,30,81,48.3,17,5,7.06,12,0,0,1,"Extremely exhausted, haven't slept properly in days.",0.662,High
SVC00485,53,30,67,34.4,24,3,5.83,12,0,0,4,"Usual duty hours, a bit tired but okay overall.",0.542,Medium
SVC00485,53,30,44,52.4,19,2,7.65,4,0,0,1,"Struggling to cope, everything feels overwhelming lately.",0.68,High
SVC00485,53,30,36,60.8,16,2,6.4,7,0,0,6,"Standard patrol schedule, no major issues.",0.57,Medium
SVC00485,53,30,64,62.6,8,6,9.5,16,0,0,5,"Routine day, nothing much to report.",0.388,Low
SVC00485,53,30,36,37.7,4,12,7.71,11,0,0,8,"Standard patrol schedule, no major issues.",0.406,Medium
SVC00486,44,22,16,45.8,30,10,8.74,3,0,0,8,"Been a normal week, keeping busy with regular tasks.",0.471,Medium
SVC00486,44,22,42,58.2,29,3,6.59,18,0,0,5,"Nothing unusual, just getting through the schedule.",0.64,Medium
SVC00486,44,22,29,41.6,24,6,4.17,10,0,0,5,"Routine day, nothing much to report.",0.524,Medium
SVC00486,44,22,17,46.1,18,13,3.51,17,0,0,8,"Standard patrol schedule, no major issues.",0.4,Medium
SVC00486,44,22,4,36.7,28,10,4.57,4,0,0,9,"Nothing unusual, just getting through the schedule.",0.557,Medium
SVC00486,44,22,49,39.8,30,11,5.58,19,0,0,7,"Nothing unusual, just getting through the schedule.",0.567,Medium
SVC00487,24,6,71,63.8,8,1,5.06,12,0,0,3,"Usual duty hours, a bit tired but okay overall.",0.625,Medium
SVC00487,24,6,13,45.9,25,9,4.27,18,0,0,10,"Routine day, nothing much to report.",0.403,Medium
SVC00487,24,6,88,56.3,10,6,6.45,15,0,0,5,"Standard patrol schedule, no major issues.",0.445,Medium
SVC00487,24,6,58,30.0,10,14,9.5,18,0,0,4,"Usual duty hours, a bit tired but okay overall.",0.304,Low
SVC00487,24,6,67,57.6,5,2,7.11,6,0,0,8,"Nothing unusual, just getting through the schedule.",0.483,Medium
SVC00487,24,6,73,47.4,2,5,5.15,1,0,0,4,"Routine day, nothing much to report.",0.62,Medium
SVC00488,30,12,56,38.0,23,8,3.31,11,0,1,3,The back-to-back duty shifts are wearing me down badly.,0.658,High
SVC00488,30,12,8,63.4,16,10,4.19,12,0,1,2,"Nothing unusual, just getting through the schedule.",0.544,Medium
SVC00488,30,12,86,30.0,13,1,7.36,15,0,0,6,"Usual duty hours, a bit tired but okay overall.",0.506,Medium
SVC00488,30,12,89,40.4,10,7,4.66,17,0,1,4,"Feeling isolated, it's been weeks since I saw my family.",0.695,High
SVC00488,30,12,68,45.2,29,13,7.91,10,0,0,9,"Been a normal week, keeping busy with regular tasks.",0.431,Medium
SVC00488,30,12,88,51.6,4,11,6.66,14,0,0,5,"Routine day, nothing much to report.",0.516,Medium
SVC00489,37,19,60,46.2,10,6,5.57,17,1,0,9,"Standard patrol schedule, no major issues.",0.38,Low
SVC00489,37,19,34,50.5,3,5,4.24,7,0,0,6,"Solid week, workload was manageable and the team is in good spirits.",0.407,Medium
SVC00489,37,19,16,54.9,5,5,4.76,14,0,0,10,"Solid week, workload was manageable and the team is in good spirits.",0.306,Low
SVC00489,37,19,33,45.1,19,12,5.57,14,0,0,9,"Usual duty hours, a bit tired but okay overall.",0.507,Medium
SVC00489,37,19,22,39.1,0,1,6.01,11,0,0,2,"Standard patrol schedule, no major issues.",0.419,Medium
SVC00489,37,19,63,45.6,26,3,8.04,12,0,1,9,"Good day today, training went well and I got some rest.",0.492,Medium
SVC00490,25,6,84,45.2,18,0,5.47,19,0,1,2,"Usual duty hours, a bit tired but okay overall.",0.649,Medium
SVC00490,25,6,55,50.1,14,10,6.51,10,1,0,9,"Routine day, nothing much to report.",0.511,Medium
SVC00490,25,6,17,59.4,25,14,6.8,7,0,0,3,"Been a normal week, keeping busy with regular tasks.",0.526,Medium
SVC00490,25,6,80,42.9,20,2,6.27,11,0,0,8,"Been a normal week, keeping busy with regular tasks.",0.55,Medium
SVC00490,25,6,47,36.3,27,6,5.47,11,0,0,7,"Standard patrol schedule, no major issues.",0.504,Medium
SVC00490,25,6,0,30.0,12,12,4.75,8,0,0,9,"Nothing unusual, just getting through the schedule.",0.358,Low
SVC00491,20,2,87,83.2,26,3,7.72,1,0,0,1,"Usual duty hours, a bit tired but okay overall.",0.876,High
SVC00491,20,2,53,44.9,20,10,4.64,2,1,0,8,"Nothing unusual, just getting through the schedule.",0.487,Medium
SVC00491,20,2,29,49.4,6,9,6.52,8,0,0,6,"Nothing unusual, just getting through the schedule.",0.378,Low
SVC00491,20,2,57,53.1,19,1,8.69,2,0,0,7,"Usual duty hours, a bit tired but okay overall.",0.715,High
SVC00491,20,2,39,57.2,21,4,3.7,8,0,1,2,The back-to-back duty shifts are wearing me down badly.,0.7,High
SVC00491,20,2,76,43.4,23,10,4.37,1,0,0,3,"Struggling to cope, everything feels overwhelming lately.",0.681,High
SVC00492,47,16,7,62.3,3,3,4.74,0,0,0,6,"Routine day, nothing much to report.",0.567,Medium
SVC00492,47,16,71,38.4,25,6,8.6,6,0,0,6,"Extremely exhausted, haven't slept properly in days.",0.604,Medium
SVC00492,47,16,7,37.6,8,9,4.05,7,0,0,6,"Standard patrol schedule, no major issues.",0.388,Low
SVC00492,47,16,6,47.1,7,9,5.62,5,1,0,4,"Usual duty hours, a bit tired but okay overall.",0.438,Medium
SVC00492,47,16,41,55.3,4,0,6.02,19,0,0,5,"Been a normal week, keeping busy with regular tasks.",0.402,Medium
SVC00492,47,16,21,61.1,13,7,6.21,0,0,0,1,"Standard patrol schedule, no major issues.",0.715,High
SVC00493,22,4,52,32.1,9,13,8.15,19,0,0,5,"Struggling to cope, everything feels overwhelming lately.",0.311,Low
SVC00493,22,4,5,52.4,30,4,6.27,18,0,0,1,"Nothing unusual, just getting through the schedule.",0.576,Medium
SVC00493,22,4,61,47.8,6,14,4.93,4,2,0,4,"Standard patrol schedule, no major issues.",0.673,High
SVC00493,22,4,34,63.3,6,4,6.83,16,0,0,4,"Usual duty hours, a bit tired but okay overall.",0.594,Medium
SVC00493,22,4,43,67.0,5,14,6.23,19,0,0,9,"Usual duty hours, a bit tired but okay overall.",0.4,Medium
SVC00493,22,4,27,70.7,29,14,6.53,9,1,0,3,The back-to-back duty shifts are wearing me down badly.,0.716,High
SVC00494,52,12,72,50.7,17,4,6.66,10,1,0,1,Really frustrated and anxious about the extended deployment.,0.693,High
SVC00494,52,12,60,43.3,1,6,4.48,7,0,0,1,"Standard patrol schedule, no major issues.",0.607,Medium
SVC00494,52,12,87,54.0,25,9,4.05,7,0,0,1,"Feeling isolated, it's been weeks since I saw my family.",0.821,High
SVC00494,52,12,8,51.7,3,6,6.17,7,0,0,4,"Usual duty hours, a bit tired but okay overall.",0.5,Medium
SVC00494,52,12,19,52.3,14,9,5.62,6,1,0,6,"Standard patrol schedule, no major issues.",0.54,Medium
SVC00494,52,12,5,44.2,6,5,7.02,4,0,0,6,"Usual duty hours, a bit tired but okay overall.",0.408,Medium
SVC00495,49,5,71,36.1,10,3,5.1,11,0,0,9,"Good day today, training went well and I got some rest.",0.344,Low
SVC00495,49,5,70,64.3,15,9,7.01,9,0,0,8,"Extremely exhausted, haven't slept properly in days.",0.575,Medium
SVC00495,49,5,49,58.3,5,10,5.38,2,0,0,7,"Usual duty hours, a bit tired but okay overall.",0.457,Medium
SVC00495,49,5,54,42.9,19,1,6.22,2,0,0,9,"Been a normal week, keeping busy with regular tasks.",0.496,Medium
SVC00495,49,5,20,52.8,12,0,3.46,7,0,0,5,"Usual duty hours, a bit tired but okay overall.",0.565,Medium
SVC00495,49,5,61,30.0,8,10,6.07,8,0,0,3,"Routine day, nothing much to report.",0.385,Low
SVC00496,25,7,23,30.0,5,0,7.36,12,0,0,3,"Standard patrol schedule, no major issues.",0.41,Medium
SVC00496,25,7,55,55.4,29,10,4.33,13,0,0,1,"Struggling to cope, everything feels overwhelming lately.",0.753,High
SVC00496,25,7,59,65.5,9,12,4.64,11,0,0,9,"Standard patrol schedule, no major issues.",0.401,Medium
SVC00496,25,7,81,53.8,26,13,3.79,8,0,0,6,"Routine day, nothing much to report.",0.567,Medium
SVC00496,25,7,73,42.5,29,5,5.55,12,0,0,10,"Slept well last night, feeling fresh for duty.",0.656,High
SVC00496,25,7,52,70.6,18,9,6.36,8,0,0,8,"Feeling isolated, it's been weeks since I saw my family.",0.768,High
SVC00497,29,11,9,40.2,18,14,5.79,17,0,0,3,"Nothing unusual, just getting through the schedule.",0.431,Medium
SVC00497,29,11,80,60.0,12,3,7.08,19,0,0,2,"Been a normal week, keeping busy with regular tasks.",0.484,Medium
SVC00497,29,11,66,57.7,0,14,5.69,16,1,0,8,"Routine day, nothing much to report.",0.402,Medium
SVC00497,29,11,14,65.7,2,5,9.5,8,0,0,2,Really frustrated and anxious about the extended deployment.,0.512,Medium
SVC00497,29,11,74,50.4,21,0,5.14,10,0,0,6,"Routine day, nothing much to report.",0.563,Medium
SVC00497,29,11,56,65.2,1,0,6.28,9,0,0,2,"Nothing unusual, just getting through the schedule.",0.584,Medium
SVC00498,53,22,83,57.0,23,2,6.05,18,0,0,2,The back-to-back duty shifts are wearing me down badly.,0.742,High
SVC00498,53,22,65,50.5,13,9,7.87,6,0,0,10,"Routine day, nothing much to report.",0.461,Medium
SVC00498,53,22,21,66.1,27,6,8.84,11,1,0,1,Really frustrated and anxious about the extended deployment.,0.482,Medium
SVC00498,53,22,15,65.1,6,7,4.21,17,0,0,2,"Usual duty hours, a bit tired but okay overall.",0.483,Medium
SVC00498,53,22,15,62.7,28,8,5.01,18,0,0,8,"Feeling steady. Caught up with family on call, that helped a lot.",0.446,Medium
SVC00498,53,22,9,64.9,13,11,5.27,17,0,0,5,"Been a normal week, keeping busy with regular tasks.",0.474,Medium
SVC00499,31,12,84,32.7,29,3,6.86,2,0,0,5,"Had a great time during the sports session, morale is high.",0.707,High
SVC00499,31,12,84,45.7,16,12,4.0,15,0,0,6,"Struggling to cope, everything feels overwhelming lately.",0.466,Medium
SVC00499,31,12,10,44.2,30,12,7.6,1,0,0,1,"Usual duty hours, a bit tired but okay overall.",0.531,Medium
SVC00499,31,12,40,51.0,25,4,3.33,0,0,0,5,"Struggling to cope, everything feels overwhelming lately.",0.786,High
SVC00499,31,12,81,47.2,0,14,6.77,12,0,0,9,"Feeling isolated, it's been weeks since I saw my family.",0.434,Medium
SVC00499,31,12,45,59.4,20,8,5.47,7,1,0,5,"Extremely exhausted, haven't slept properly in days.",0.682,High
SVC00500,52,18,30,51.9,22,1,7.46,5,0,0,4,"Good day today, training went well and I got some rest.",0.698,High
SVC00500,52,18,76,45.7,25,3,4.01,1,0,0,2,The back-to-back duty shifts are wearing me down badly.,0.814,High
SVC00500,52,18,82,35.8,11,7,4.84,14,0,0,1,"Extremely exhausted, haven't slept properly in days.",0.673,High
SVC00500,52,18,45,48.4,5,0,7.64,7,0,0,2,"Had a great time during the sports session, morale is high.",0.457,Medium
SVC00500,52,18,11,43.7,12,5,6.33,0,0,0,1,"Feeling steady. Caught up with family on call, that helped a lot.",0.563,Medium
SVC00500,52,18,78,54.4,20,0,3.83,15,0,0,2,"Been a normal week, keeping busy with regular tasks.",0.747,High
SVC00501,49,15,75,82.9,9,2,6.07,16,0,1,9,Really frustrated and anxious about the extended deployment.,0.687,High
SVC00501,49,15,58,65.1,11,9,6.36,8,0,0,10,"Usual duty hours, a bit tired but okay overall.",0.562,Medium
SVC00501,49,15,28,44.6,22,3,4.19,13,0,0,5,"Routine day, nothing much to report.",0.621,Medium
SVC00501,49,15,23,47.2,22,10,5.45,18,0,0,6,"Been a normal week, keeping busy with regular tasks.",0.48,Medium
SVC00501,49,15,25,50.3,30,5,4.77,0,0,0,5,"Extremely exhausted, haven't slept properly in days.",0.661,High
SVC00501,49,15,1,64.6,30,12,4.84,14,0,0,1,"Nothing unusual, just getting through the schedule.",0.605,Medium
SVC00502,28,8,62,61.0,13,6,5.83,16,0,0,8,"Standard patrol schedule, no major issues.",0.469,Medium
SVC00502,28,8,68,61.2,17,12,4.56,2,0,0,4,"Feeling isolated, it's been weeks since I saw my family.",0.667,High
SVC00502,28,8,46,58.2,8,6,5.44,14,0,0,8,"Routine day, nothing much to report.",0.607,Medium
SVC00502,28,8,83,48.2,19,14,6.77,5,1,0,5,"Nothing unusual, just getting through the schedule.",0.588,Medium
SVC00502,28,8,43,37.1,11,1,5.26,14,0,0,7,"Standard patrol schedule, no major issues.",0.555,Medium
SVC00502,28,8,40,41.2,14,8,6.2,12,0,0,1,"Standard patrol schedule, no major issues.",0.601,Medium
SVC00503,42,19,8,36.8,22,6,6.16,8,0,0,7,"Standard patrol schedule, no major issues.",0.411,Medium
SVC00503,42,19,72,65.4,30,14,6.02,12,0,1,4,Really frustrated and anxious about the extended deployment.,0.655,High
SVC00503,42,19,34,53.8,1,11,5.08,18,0,0,5,"Standard patrol schedule, no major issues.",0.348,Low
SVC00503,42,19,16,58.9,0,8,6.1,13,0,0,1,"Feeling isolated, it's been weeks since I saw my family.",0.483,Medium
SVC00503,42,19,16,50.8,18,7,7.18,5,0,0,10,"Feeling isolated, it's been weeks since I saw my family.",0.464,Medium
SVC00503,42,19,50,41.6,5,0,8.03,10,0,0,10,"Nothing unusual, just getting through the schedule.",0.385,Low
SVC00504,31,13,4,53.6,5,7,4.93,10,0,0,2,"Nothing unusual, just getting through the schedule.",0.316,Low
SVC00504,31,13,18,68.2,0,5,6.44,5,1,0,6,"Nothing unusual, just getting through the schedule.",0.375,Low
SVC00504,31,13,27,48.9,4,7,6.44,8,0,0,5,"Feeling steady. Caught up with family on call, that helped a lot.",0.304,Low
SVC00504,31,13,45,35.2,3,12,3.25,9,0,0,6,"Routine day, nothing much to report.",0.395,Low
SVC00504,31,13,60,48.4,30,13,7.86,16,0,0,10,"Nothing unusual, just getting through the schedule.",0.486,Medium
SVC00504,31,13,22,58.4,18,6,3.13,13,0,0,6,"Routine day, nothing much to report.",0.446,Medium
SVC00505,21,3,6,65.6,20,2,6.9,8,0,0,2,"Usual duty hours, a bit tired but okay overall.",0.632,Medium
SVC00505,21,3,23,60.8,5,8,8.24,5,0,0,9,"Standard patrol schedule, no major issues.",0.422,Medium
SVC00505,21,3,82,45.8,29,8,6.14,15,0,0,1,"Been a normal week, keeping busy with regular tasks.",0.617,Medium
SVC00505,21,3,77,63.7,29,13,7.23,17,0,0,8,"Nothing unusual, just getting through the schedule.",0.5,Medium
SVC00505,21,3,14,67.2,1,5,5.39,6,0,0,10,"Been a normal week, keeping busy with regular tasks.",0.312,Low
SVC00505,21,3,2,37.1,19,8,6.26,2,0,0,2,"Feeling steady. Caught up with family on call, that helped a lot.",0.472,Medium
SVC00506,30,12,79,47.2,13,14,6.75,5,1,0,6,"Usual duty hours, a bit tired but okay overall.",0.414,Medium
SVC00506,30,12,87,70.1,23,8,7.45,10,0,0,5,"Nothing unusual, just getting through the schedule.",0.634,Medium
SVC00506,30,12,9,54.0,29,12,5.3,10,0,1,1,Really frustrated and anxious about the extended deployment.,0.676,High
SVC00506,30,12,75,37.4,8,0,6.94,6,0,0,10,"Nothing unusual, just getting through the schedule.",0.47,Medium
SVC00506,30,12,27,34.1,26,14,7.8,3,0,0,2,"Routine day, nothing much to report.",0.547,Medium
SVC00506,30,12,49,44.5,20,3,5.91,0,0,0,2,"Feeling isolated, it's been weeks since I saw my family.",0.726,High
SVC00507,35,17,77,62.2,4,2,4.41,16,0,0,3,"Been a normal week, keeping busy with regular tasks.",0.582,Medium
SVC00507,35,17,80,66.8,24,6,4.1,9,0,0,10,"Struggling to cope, everything feels overwhelming lately.",0.743,High
SVC00507,35,17,65,44.2,13,8,4.91,9,0,0,5,"Standard patrol schedule, no major issues.",0.56,Medium
SVC00507,35,17,43,38.4,19,7,5.19,12,0,0,5,"Standard patrol schedule, no major issues.",0.619,Medium
SVC00507,35,17,20,48.1,1,10,9.5,11,0,0,5,"Solid week, workload was manageable and the team is in good spirits.",0.335,Low
SVC00507,35,17,6,52.3,28,10,6.25,7,0,0,9,"Been a normal week, keeping busy with regular tasks.",0.459,Medium
SVC00508,42,18,78,54.6,15,8,6.52,17,0,0,7,"Routine day, nothing much to report.",0.576,Medium
SVC00508,42,18,44,37.2,11,6,6.46,18,0,0,2,"Usual duty hours, a bit tired but okay overall.",0.446,Medium
SVC00508,42,18,25,54.1,3,0,5.54,5,0,0,6,"Routine day, nothing much to report.",0.534,Medium
SVC00508,42,18,76,51.4,25,5,4.87,16,0,1,7,"Struggling to cope, everything feels overwhelming lately.",0.667,High
SVC00508,42,18,48,41.4,29,8,6.09,10,0,0,2,"Standard patrol schedule, no major issues.",0.672,High
SVC00508,42,18,60,44.0,20,4,5.81,1,0,0,1,"Routine day, nothing much to report.",0.594,Medium
SVC00509,45,10,68,34.3,8,13,6.49,18,0,1,7,"Usual duty hours, a bit tired but okay overall.",0.428,Medium
SVC00509,45,10,20,51.6,18,14,5.89,18,0,1,10,Really frustrated and anxious about the extended deployment.,0.452,Medium
SVC00509,45,10,6,59.0,23,12,7.15,18,0,0,6,"Extremely exhausted, haven't slept properly in days.",0.58,Medium
SVC00509,45,10,20,62.3,3,2,6.15,1,0,0,1,"Struggling to cope, everything feels overwhelming lately.",0.695,High
SVC00509,45,10,16,56.5,25,3,7.0,5,0,0,9,"Nothing unusual, just getting through the schedule.",0.584,Medium
SVC00509,45,10,48,36.3,0,4,5.11,7,0,0,4,"Nothing unusual, just getting through the schedule.",0.444,Medium
SVC00510,35,8,0,61.7,11,13,5.5,9,0,1,1,"Standard patrol schedule, no major issues.",0.532,Medium
SVC00510,35,8,42,32.3,13,3,7.13,10,0,0,8,"Usual duty hours, a bit tired but okay overall.",0.48,Medium
SVC00510,35,8,18,54.7,23,11,8.1,5,0,0,10,"Nothing unusual, just getting through the schedule.",0.445,Medium
SVC00510,35,8,87,58.3,7,5,5.88,2,0,0,5,"Been a normal week, keeping busy with regular tasks.",0.641,Medium
SVC00510,35,8,49,69.8,26,11,5.32,16,1,0,3,"Nothing unusual, just getting through the schedule.",0.709,High
SVC00510,35,8,20,34.4,17,12,5.82,3,0,0,4,"Nothing unusual, just getting through the schedule.",0.435,Medium
SVC00511,32,13,36,52.0,0,6,5.97,3,0,0,8,"Feeling steady. Caught up with family on call, that helped a lot.",0.463,Medium
SVC00511,32,13,42,31.2,3,4,6.29,5,0,0,8,"Been a normal week, keeping busy with regular tasks.",0.335,Low
SVC00511,32,13,38,42.2,14,13,9.29,10,0,0,7,"Been a normal week, keeping busy with regular tasks.",0.394,Low
SVC00511,32,13,36,44.0,17,0,8.57,10,0,0,2,"Usual duty hours, a bit tired but okay overall.",0.561,Medium
SVC00511,32,13,48,32.3,28,1,6.0,7,1,1,3,"Struggling to cope, everything feels overwhelming lately.",0.655,High
SVC00511,32,13,6,58.3,23,10,6.15,15,0,0,5,"Usual duty hours, a bit tired but okay overall.",0.552,Medium
SVC00512,24,6,33,45.9,2,3,4.97,3,0,0,2,"Been a normal week, keeping busy with regular tasks.",0.508,Medium
SVC00512,24,6,36,64.1,6,13,6.87,8,0,0,3,"Nothing unusual, just getting through the schedule.",0.526,Medium
SVC00512,24,6,0,51.5,1,1,3.87,10,0,0,4,"Nothing unusual, just getting through the schedule.",0.512,Medium
SVC00512,24,6,8,52.7,21,14,6.03,11,0,0,10,"Usual duty hours, a bit tired but okay overall.",0.364,Low
SVC00512,24,6,36,46.3,20,3,6.33,16,0,1,4,"Feeling steady. Caught up with family on call, that helped a lot.",0.482,Medium
SVC00512,24,6,82,49.6,12,5,5.76,12,1,0,1,"Nothing unusual, just getting through the schedule.",0.554,Medium
SVC00513,33,15,65,45.9,20,3,6.45,13,0,0,6,"Nothing unusual, just getting through the schedule.",0.525,Medium
SVC00513,33,15,8,47.0,29,0,8.88,3,0,0,4,"Been a normal week, keeping busy with regular tasks.",0.619,Medium
SVC00513,33,15,20,64.4,12,14,6.05,18,1,0,4,"Usual duty hours, a bit tired but okay overall.",0.528,Medium
SVC00513,33,15,49,78.2,12,14,5.63,1,0,1,4,"Feeling isolated, it's been weeks since I saw my family.",0.665,High
SVC00513,33,15,62,42.5,28,12,8.42,10,0,0,5,"Routine day, nothing much to report.",0.661,High
SVC00513,33,15,22,54.7,19,8,6.34,13,0,0,7,"Usual duty hours, a bit tired but okay overall.",0.393,Low
SVC00514,54,27,65,70.9,8,13,5.41,9,0,0,8,"Routine day, nothing much to report.",0.505,Medium
SVC00514,54,27,80,30.3,15,14,8.24,15,0,0,2,"Solid week, workload was manageable and the team is in good spirits.",0.551,Medium
SVC00514,54,27,11,34.2,15,1,3.15,19,0,0,6,"Standard patrol schedule, no major issues.",0.443,Medium
SVC00514,54,27,23,45.3,26,9,8.86,5,0,0,4,"Nothing unusual, just getting through the schedule.",0.57,Medium
SVC00514,54,27,62,51.9,8,4,7.23,2,0,0,2,"Routine day, nothing much to report.",0.637,Medium
SVC00514,54,27,9,30.0,19,13,5.09,8,0,0,9,"Standard patrol schedule, no major issues.",0.379,Low
SVC00515,47,16,65,59.0,18,2,6.28,19,0,0,1,"Extremely exhausted, haven't slept properly in days.",0.688,High
SVC00515,47,16,41,36.5,27,12,5.31,2,0,0,5,"Nothing unusual, just getting through the schedule.",0.761,High
SVC00515,47,16,59,52.0,22,13,5.17,3,1,1,2,The back-to-back duty shifts are wearing me down badly.,0.745,High
SVC00515,47,16,53,30.0,8,0,4.63,7,0,2,2,"Had a great time during the sports session, morale is high.",0.452,Medium
SVC00515,47,16,1,53.3,6,0,4.51,17,0,0,2,"Usual duty hours, a bit tired but okay overall.",0.514,Medium
SVC00515,47,16,74,78.2,16,7,6.76,12,0,0,2,The back-to-back duty shifts are wearing me down badly.,0.755,High
SVC00516,44,26,10,54.2,27,8,6.56,12,0,0,5,"Usual duty hours, a bit tired but okay overall.",0.589,Medium
SVC00516,44,26,52,47.3,3,3,6.59,2,0,0,7,"Usual duty hours, a bit tired but okay overall.",0.446,Medium
SVC00516,44,26,39,48.0,14,8,6.33,6,0,0,10,"Been a normal week, keeping busy with regular tasks.",0.377,Low
SVC00516,44,26,62,30.0,21,6,6.46,7,0,0,9,"Usual duty hours, a bit tired but okay overall.",0.57,Medium
SVC00516,44,26,36,71.2,22,14,6.55,12,0,0,4,"Slept well last night, feeling fresh for duty.",0.655,High
SVC00516,44,26,84,55.6,3,5,5.38,16,1,0,9,"Standard patrol schedule, no major issues.",0.49,Medium
SVC00517,38,15,71,80.6,4,4,7.01,14,0,0,3,"Struggling to cope, everything feels overwhelming lately.",0.719,High
SVC00517,38,15,78,45.6,19,9,6.73,15,0,0,10,"Routine day, nothing much to report.",0.571,Medium
SVC00517,38,15,28,59.9,24,12,5.43,11,0,0,5,"Been a normal week, keeping busy with regular tasks.",0.583,Medium
SVC00517,38,15,54,39.0,28,3,6.48,2,1,2,10,"Usual duty hours, a bit tired but okay overall.",0.611,Medium
SVC00517,38,15,0,57.6,12,13,6.56,18,0,0,9,"Nothing unusual, just getting through the schedule.",0.396,Low
SVC00517,38,15,39,50.9,11,9,5.44,9,1,0,10,"Been a normal week, keeping busy with regular tasks.",0.479,Medium
SVC00518,36,18,88,57.0,18,1,6.9,1,0,0,9,"Feeling steady. Caught up with family on call, that helped a lot.",0.541,Medium
SVC00518,36,18,62,30.0,16,12,5.44,10,0,0,8,"Standard patrol schedule, no major issues.",0.373,Low
SVC00518,36,18,20,42.5,27,11,5.48,0,0,0,4,"Usual duty hours, a bit tired but okay overall.",0.587,Medium
SVC00518,36,18,10,61.8,15,4,7.32,8,0,0,1,"Usual duty hours, a bit tired but okay overall.",0.634,Medium
SVC00518,36,18,65,35.3,29,11,6.53,11,0,0,5,"Nothing unusual, just getting through the schedule.",0.543,Medium
SVC00518,36,18,9,50.8,3,2,5.99,10,0,1,2,"Usual duty hours, a bit tired but okay overall.",0.518,Medium
SVC00519,20,2,74,58.1,1,0,6.03,3,0,0,10,"Standard patrol schedule, no major issues.",0.571,Medium
SVC00519,20,2,14,50.1,2,3,3.73,15,1,0,8,"Feeling isolated, it's been weeks since I saw my family.",0.401,Medium
SVC00519,20,2,53,30.0,29,2,6.91,7,0,1,4,Really frustrated and anxious about the extended deployment.,0.661,High
SVC00519,20,2,43,58.4,18,4,8.64,2,0,0,6,"Feeling steady. Caught up with family on call, that helped a lot.",0.729,High
SVC00519,20,2,5,65.0,0,11,6.17,13,0,0,3,"Been a normal week, keeping busy with regular tasks.",0.438,Medium
SVC00519,20,2,72,30.0,21,2,6.63,8,0,0,1,"Been a normal week, keeping busy with regular tasks.",0.648,Medium
SVC00520,24,6,35,53.4,26,6,7.22,15,2,0,10,"Routine day, nothing much to report.",0.606,Medium
SVC00520,24,6,61,66.6,3,10,6.75,4,0,0,5,"Routine day, nothing much to report.",0.444,Medium
SVC00520,24,6,29,54.5,24,5,8.87,14,0,0,4,"Nothing unusual, just getting through the schedule.",0.607,Medium
SVC00520,24,6,20,58.6,21,13,4.62,1,0,0,8,"Standard patrol schedule, no major issues.",0.522,Medium
SVC00520,24,6,29,60.8,7,6,5.9,16,0,0,7,"Usual duty hours, a bit tired but okay overall.",0.488,Medium
SVC00520,24,6,71,61.2,25,8,7.24,11,0,0,3,"Solid week, workload was manageable and the team is in good spirits.",0.726,High
SVC00521,29,11,65,44.5,5,7,4.42,5,2,1,8,"Usual duty hours, a bit tired but okay overall.",0.408,Medium
SVC00521,29,11,22,39.7,5,7,6.65,16,1,0,3,"Been a normal week, keeping busy with regular tasks.",0.338,Low
SVC00521,29,11,75,47.6,12,6,3.63,9,0,0,7,"Nothing unusual, just getting through the schedule.",0.587,Medium
SVC00521,29,11,16,43.8,3,8,6.8,7,0,0,8,"Routine day, nothing much to report.",0.368,Low
SVC00521,29,11,65,50.4,29,3,5.97,12,0,0,7,The back-to-back duty shifts are wearing me down badly.,0.678,High
SVC00521,29,11,38,39.2,11,7,6.25,14,1,0,1,"Usual duty hours, a bit tired but okay overall.",0.515,Medium
SVC00522,31,12,8,59.9,6,6,7.42,5,0,0,4,"Routine day, nothing much to report.",0.436,Medium
SVC00522,31,12,52,49.7,16,3,6.37,17,0,0,9,"Been a normal week, keeping busy with regular tasks.",0.522,Medium
SVC00522,31,12,79,47.5,15,11,6.6,16,1,0,8,"Feeling isolated, it's been weeks since I saw my family.",0.415,Medium
SVC00522,31,12,18,31.4,2,14,4.51,0,0,0,7,"Had a great time during the sports session, morale is high.",0.327,Low
SVC00522,31,12,46,63.1,23,9,8.27,18,0,0,8,"Routine day, nothing much to report.",0.508,Medium
SVC00522,31,12,58,61.0,4,6,5.74,18,1,0,6,"Routine day, nothing much to report.",0.6,Medium
SVC00523,36,18,19,30.0,1,10,6.15,18,0,0,6,"Slept well last night, feeling fresh for duty.",0.234,Low
SVC00523,36,18,10,55.5,8,4,5.13,16,0,0,6,"Feeling steady. Caught up with family on call, that helped a lot.",0.348,Low
SVC00523,36,18,33,50.6,20,10,3.23,5,1,0,8,"Usual duty hours, a bit tired but okay overall.",0.469,Medium
SVC00523,36,18,87,44.6,27,5,5.07,19,0,0,7,"Usual duty hours, a bit tired but okay overall.",0.584,Medium
SVC00523,36,18,84,68.1,26,11,5.17,14,1,0,2,The back-to-back duty shifts are wearing me down badly.,0.781,High
SVC00523,36,18,2,58.0,15,11,7.29,3,0,0,5,"Usual duty hours, a bit tired but okay overall.",0.502,Medium
SVC00524,51,23,16,74.8,22,7,3.94,10,0,0,10,"Standard patrol schedule, no major issues.",0.555,Medium
SVC00524,51,23,61,57.1,20,14,4.8,0,0,0,4,"Been a normal week, keeping busy with regular tasks.",0.593,Medium
SVC00524,51,23,22,76.6,6,13,7.22,7,0,0,10,"Struggling to cope, everything feels overwhelming lately.",0.377,Low
SVC00524,51,23,11,75.6,24,2,3.94,11,0,0,9,"Standard patrol schedule, no major issues.",0.716,High
SVC00524,51,23,12,69.8,28,0,5.97,1,1,0,3,Really frustrated and anxious about the extended deployment.,0.85,High
SVC00524,51,23,8,41.2,15,8,6.42,19,0,0,3,"Standard patrol schedule, no major issues.",0.494,Medium
SVC00525,48,25,85,35.8,20,0,5.88,11,0,0,10,"Usual duty hours, a bit tired but okay overall.",0.409,Medium
SVC00525,48,25,68,45.0,11,14,8.75,9,0,0,9,"Nothing unusual, just getting through the schedule.",0.374,Low
SVC00525,48,25,88,62.2,27,5,6.49,3,0,0,6,"Extremely exhausted, haven't slept properly in days.",0.885,High
SVC00525,48,25,83,47.9,20,10,5.0,13,0,0,4,The back-to-back duty shifts are wearing me down badly.,0.674,High
SVC00525,48,25,6,30.0,21,10,8.31,16,0,0,2,"Nothing unusual, just getting through the schedule.",0.445,Medium
SVC00525,48,25,66,56.1,12,7,6.89,11,0,0,5,"Nothing unusual, just getting through the schedule.",0.646,Medium
SVC00526,23,2,26,32.7,21,6,5.99,18,0,0,1,"Standard patrol schedule, no major issues.",0.562,Medium
SVC00526,23,2,11,62.4,26,5,6.88,16,1,0,10,"Nothing unusual, just getting through the schedule.",0.563,Medium
SVC00526,23,2,11,53.3,7,5,8.47,12,0,0,9,"Standard patrol schedule, no major issues.",0.403,Medium
SVC00526,23,2,59,75.1,13,13,5.35,11,0,0,2,"Usual duty hours, a bit tired but okay overall.",0.65,Medium
SVC00526,23,2,68,48.4,9,8,5.56,17,0,0,9,"Slept well last night, feeling fresh for duty.",0.303,Low
SVC00526,23,2,48,62.4,2,5,6.72,15,0,0,2,The back-to-back duty shifts are wearing me down badly.,0.501,Medium
SVC00527,40,22,82,47.8,8,1,7.19,17,0,0,9,"Been a normal week, keeping busy with regular tasks.",0.466,Medium
SVC00527,40,22,38,35.7,14,6,5.54,15,0,1,1,"Been a normal week, keeping busy with regular tasks.",0.445,Medium
SVC00527,40,22,5,31.3,14,13,6.18,16,0,0,9,Really frustrated and anxious about the extended deployment.,0.142,Low
SVC00527,40,22,66,36.6,20,1,6.23,3,1,1,4,"Been a normal week, keeping busy with regular tasks.",0.627,Medium
SVC00527,40,22,62,47.0,1,10,7.59,12,1,0,1,"Routine day, nothing much to report.",0.457,Medium
SVC00527,40,22,24,42.8,9,0,4.21,9,0,0,2,"Routine day, nothing much to report.",0.567,Medium
SVC00528,50,31,40,48.2,3,7,4.81,13,0,0,4,"Routine day, nothing much to report.",0.373,Low
SVC00528,50,31,67,51.3,20,3,4.66,19,0,0,5,Really frustrated and anxious about the extended deployment.,0.692,High
SVC00528,50,31,50,51.7,26,10,5.8,13,0,0,8,"Standard patrol schedule, no major issues.",0.584,Medium
SVC00528,50,31,79,36.0,24,3,7.17,5,1,0,6,"Standard patrol schedule, no major issues.",0.641,Medium
SVC00528,50,31,34,55.9,23,0,5.93,12,0,0,2,Really frustrated and anxious about the extended deployment.,0.735,High
SVC00528,50,31,38,73.4,15,13,5.33,19,0,0,6,"Been a normal week, keeping busy with regular tasks.",0.498,Medium
SVC00529,32,14,46,62.0,10,0,8.04,5,0,0,9,"Usual duty hours, a bit tired but okay overall.",0.408,Medium
SVC00529,32,14,82,33.0,1,0,7.21,13,0,0,1,"Standard patrol schedule, no major issues.",0.574,Medium
SVC00529,32,14,24,60.8,11,8,6.28,13,1,0,4,"Usual duty hours, a bit tired but okay overall.",0.527,Medium
SVC00529,32,14,64,48.7,18,7,5.29,7,0,0,2,"Routine day, nothing much to report.",0.662,High
SVC00529,32,14,47,53.8,6,12,6.32,13,0,0,9,"Been a normal week, keeping busy with regular tasks.",0.45,Medium
SVC00529,32,14,55,64.6,25,1,6.53,15,0,0,7,"Been a normal week, keeping busy with regular tasks.",0.623,Medium
SVC00530,22,4,35,50.6,24,10,7.86,5,0,0,6,"Usual duty hours, a bit tired but okay overall.",0.621,Medium
SVC00530,22,4,45,46.6,30,0,7.62,18,0,0,7,"Routine day, nothing much to report.",0.509,Medium
SVC00530,22,4,56,65.4,21,11,6.34,19,0,0,3,"Routine day, nothing much to report.",0.58,Medium
SVC00530,22,4,18,34.4,12,8,7.16,7,0,0,9,"Been a normal week, keeping busy with regular tasks.",0.286,Low
SVC00530,22,4,70,43.0,29,11,6.72,16,1,0,5,"Been a normal week, keeping busy with regular tasks.",0.611,Medium
SVC00530,22,4,1,48.5,29,5,4.52,3,0,0,2,"Nothing unusual, just getting through the schedule.",0.648,Medium
SVC00531,28,10,90,89.3,18,7,7.99,4,2,0,9,Really frustrated and anxious about the extended deployment.,0.731,High
SVC00531,28,10,18,40.4,20,6,6.71,4,0,1,1,"Routine day, nothing much to report.",0.579,Medium
SVC00531,28,10,79,81.3,27,0,6.52,19,0,0,9,"Feeling isolated, it's been weeks since I saw my family.",0.926,High
SVC00531,28,10,82,34.6,8,12,5.03,9,0,0,3,"Usual duty hours, a bit tired but okay overall.",0.42,Medium
SVC00531,28,10,80,44.8,0,4,7.46,9,0,0,10,"Usual duty hours, a bit tired but okay overall.",0.427,Medium
SVC00531,28,10,27,55.5,12,11,7.63,10,0,0,4,"Usual duty hours, a bit tired but okay overall.",0.509,Medium
SVC00532,34,16,35,44.4,11,8,6.42,19,0,0,6,"Been a normal week, keeping busy with regular tasks.",0.395,Low
SVC00532,34,16,18,63.5,5,11,6.76,6,1,0,2,"Routine day, nothing much to report.",0.472,Medium
SVC00532,34,16,22,54.3,24,6,6.59,3,0,0,3,"Feeling isolated, it's been weeks since I saw my family.",0.588,Medium
SVC00532,34,16,37,49.9,28,0,7.48,19,0,1,6,"Standard patrol schedule, no major issues.",0.576,Medium
SVC00532,34,16,45,61.8,5,14,5.3,14,0,0,6,"Standard patrol schedule, no major issues.",0.458,Medium
SVC00532,34,16,62,48.8,9,14,5.28,18,0,0,4,"Routine day, nothing much to report.",0.484,Medium
SVC00533,53,17,38,37.2,24,11,7.03,8,0,0,9,"Routine day, nothing much to report.",0.451,Medium
SVC00533,53,17,89,53.9,1,1,6.9,8,0,0,7,"Usual duty hours, a bit tired but okay overall.",0.478,Medium
SVC00533,53,17,32,34.7,1,6,6.8,5,1,0,7,"Routine day, nothing much to report.",0.357,Low
SVC00533,53,17,82,51.6,23,8,7.82,11,1,0,9,"Feeling isolated, it's been weeks since I saw my family.",0.534,Medium
SVC00533,53,17,66,60.1,1,0,5.34,18,0,0,6,"Nothing unusual, just getting through the schedule.",0.534,Medium
SVC00533,53,17,88,43.7,11,11,5.02,15,0,0,5,"Usual duty hours, a bit tired but okay overall.",0.55,Medium
SVC00534,51,5,70,53.2,27,1,6.49,7,0,1,2,"Usual duty hours, a bit tired but okay overall.",0.664,High
SVC00534,51,5,56,52.2,27,3,7.77,17,1,0,9,"Been a normal week, keeping busy with regular tasks.",0.555,Medium
SVC00534,51,5,22,58.0,19,3,6.85,10,0,0,2,"Standard patrol schedule, no major issues.",0.541,Medium
SVC00534,51,5,85,70.7,24,6,7.44,16,0,0,3,Really frustrated and anxious about the extended deployment.,0.831,High
SVC00534,51,5,6,36.8,22,3,3.97,10,0,0,6,"Standard patrol schedule, no major issues.",0.522,Medium
SVC00534,51,5,35,61.3,27,9,7.1,0,0,0,3,"Standard patrol schedule, no major issues.",0.534,Medium
SVC00535,32,11,33,39.5,19,7,6.18,17,1,0,4,"Routine day, nothing much to report.",0.412,Medium
SVC00535,32,11,86,40.9,4,5,3.85,13,0,0,6,"Routine day, nothing much to report.",0.501,Medium
SVC00535,32,11,65,38.9,20,4,5.92,4,0,0,8,"Standard patrol schedule, no major issues.",0.478,Medium
SVC00535,32,11,61,50.8,27,11,5.53,7,0,0,1,"Struggling to cope, everything feels overwhelming lately.",0.768,High
SVC00535,32,11,78,30.0,2,1,7.36,5,1,0,10,"Slept well last night, feeling fresh for duty.",0.481,Medium
SVC00535,32,11,57,62.7,22,5,4.77,15,0,0,6,"Feeling isolated, it's been weeks since I saw my family.",0.694,High
SVC00536,24,6,58,55.0,11,14,6.23,13,0,1,9,"Had a great time during the sports session, morale is high.",0.333,Low
SVC00536,24,6,75,58.2,11,8,7.73,8,0,0,5,"Been a normal week, keeping busy with regular tasks.",0.622,Medium
SVC00536,24,6,60,45.0,24,5,7.19,4,0,0,1,"Extremely exhausted, haven't slept properly in days.",0.709,High
SVC00536,24,6,47,37.9,25,1,4.82,6,1,0,3,"Usual duty hours, a bit tired but okay overall.",0.648,Medium
SVC00536,24,6,29,66.0,0,8,5.42,2,1,0,6,"Routine day, nothing much to report.",0.576,Medium
SVC00536,24,6,5,55.1,11,8,7.13,12,0,0,7,"Nothing unusual, just getting through the schedule.",0.428,Medium
SVC00537,26,8,78,40.8,27,0,4.85,13,0,0,8,"Been a normal week, keeping busy with regular tasks.",0.639,Medium
SVC00537,26,8,9,49.4,18,4,5.37,10,0,0,2,"Routine day, nothing much to report.",0.464,Medium
SVC00537,26,8,9,44.9,26,4,6.77,9,1,0,3,"Routine day, nothing much to report.",0.615,Medium
SVC00537,26,8,69,58.2,18,7,4.67,7,0,0,9,"Nothing unusual, just getting through the schedule.",0.547,Medium
SVC00537,26,8,49,52.3,8,5,6.34,16,0,0,6,"Routine day, nothing much to report.",0.384,Low
SVC00537,26,8,89,30.5,26,7,7.32,5,1,0,7,"Struggling to cope, everything feels overwhelming lately.",0.675,High
SVC00538,53,24,69,66.9,16,8,7.14,2,0,0,4,"Struggling to cope, everything feels overwhelming lately.",0.814,High
SVC00538,53,24,14,53.7,21,11,4.7,12,1,1,4,Really frustrated and anxious about the extended deployment.,0.651,High
SVC00538,53,24,48,31.4,11,5,7.82,11,0,0,1,"Usual duty hours, a bit tired but okay overall.",0.447,Medium
SVC00538,53,24,21,58.3,24,3,6.87,18,0,0,5,"Routine day, nothing much to report.",0.638,Medium
SVC00538,53,24,15,58.3,27,11,7.07,14,1,1,9,"Usual duty hours, a bit tired but okay overall.",0.625,Medium
SVC00538,53,24,44,47.7,29,14,8.2,17,0,0,10,"Been a normal week, keeping busy with regular tasks.",0.5,Medium
SVC00539,21,3,36,63.4,16,9,3.81,10,0,0,1,"Routine day, nothing much to report.",0.631,Medium
SVC00539,21,3,43,48.3,12,3,4.83,7,0,0,3,"Routine day, nothing much to report.",0.571,Medium
SVC00539,21,3,47,39.8,0,8,4.8,12,0,0,10,"Solid week, workload was manageable and the team is in good spirits.",0.288,Low
SVC00539,21,3,67,64.2,17,14,8.62,15,0,0,2,"Usual duty hours, a bit tired but okay overall.",0.628,Medium
SVC00539,21,3,84,75.2,18,2,9.16,8,0,0,7,"Standard patrol schedule, no major issues.",0.631,Medium
SVC00539,21,3,17,78.4,21,6,3.73,18,0,0,5,The back-to-back duty shifts are wearing me down badly.,0.663,High
SVC00540,31,13,19,45.9,11,2,8.59,2,0,0,8,"Usual duty hours, a bit tired but okay overall.",0.432,Medium
SVC00540,31,13,6,64.2,1,2,5.37,6,0,0,6,"Usual duty hours, a bit tired but okay overall.",0.49,Medium
SVC00540,31,13,78,42.9,18,0,8.23,13,0,0,2,"Usual duty hours, a bit tired but okay overall.",0.63,Medium
SVC00540,31,13,28,67.3,9,14,5.15,11,0,0,5,"Nothing unusual, just getting through the schedule.",0.398,Low
SVC00540,31,13,80,54.9,4,12,7.34,2,0,1,9,"Usual duty hours, a bit tired but okay overall.",0.379,Low
SVC00540,31,13,16,64.0,24,8,5.2,2,0,0,3,"Routine day, nothing much to report.",0.756,High
SVC00541,32,14,36,37.3,7,0,4.57,1,0,0,2,"Routine day, nothing much to report.",0.506,Medium
SVC00541,32,14,39,61.1,30,10,4.7,16,0,0,4,"Struggling to cope, everything feels overwhelming lately.",0.732,High
SVC00541,32,14,7,72.5,2,5,4.08,1,1,0,3,"Routine day, nothing much to report.",0.592,Medium
SVC00541,32,14,78,55.1,11,8,3.57,13,0,0,5,"Routine day, nothing much to report.",0.584,Medium
SVC00541,32,14,75,30.0,18,1,7.42,5,0,0,1,"Nothing unusual, just getting through the schedule.",0.604,Medium
SVC00541,32,14,1,51.0,8,0,7.5,7,0,0,3,"Usual duty hours, a bit tired but okay overall.",0.48,Medium
SVC00542,50,11,65,46.1,11,7,7.63,14,0,0,7,"Standard patrol schedule, no major issues.",0.467,Medium
SVC00542,50,11,89,36.1,0,1,7.36,2,0,1,4,"Been a normal week, keeping busy with regular tasks.",0.575,Medium
SVC00542,50,11,25,57.5,6,8,7.27,13,0,0,10,"Routine day, nothing much to report.",0.427,Medium
SVC00542,50,11,17,49.6,22,8,5.16,0,0,0,1,"Routine day, nothing much to report.",0.63,Medium
SVC00542,50,11,7,34.2,3,4,4.02,15,0,0,9,"Nothing unusual, just getting through the schedule.",0.287,Low
SVC00542,50,11,29,45.6,19,10,5.01,10,1,0,5,"Been a normal week, keeping busy with regular tasks.",0.493,Medium
SVC00543,47,3,0,39.3,10,13,6.48,3,0,0,7,"Slept well last night, feeling fresh for duty.",0.34,Low
SVC00543,47,3,88,58.2,25,2,4.46,19,0,0,3,"Extremely exhausted, haven't slept properly in days.",0.802,High
SVC00543,47,3,63,52.0,0,6,5.31,7,0,0,3,"Feeling steady. Caught up with family on call, that helped a lot.",0.435,Medium
SVC00543,47,3,24,43.9,13,1,4.99,17,0,0,1,"Been a normal week, keeping busy with regular tasks.",0.483,Medium
SVC00543,47,3,48,51.7,18,4,5.31,9,0,0,5,"Been a normal week, keeping busy with regular tasks.",0.58,Medium
SVC00543,47,3,76,66.3,27,5,6.92,14,0,0,10,"Been a normal week, keeping busy with regular tasks.",0.679,High
SVC00544,20,2,19,43.1,20,13,6.7,11,0,0,7,"Usual duty hours, a bit tired but okay overall.",0.475,Medium
SVC00544,20,2,13,50.3,28,8,6.9,3,0,0,7,"Been a normal week, keeping busy with regular tasks.",0.484,Medium
SVC00544,20,2,10,47.2,15,4,5.16,18,0,1,1,The back-to-back duty shifts are wearing me down badly.,0.523,Medium
SVC00544,20,2,62,44.3,9,1,5.18,17,0,0,9,"Been a normal week, keeping busy with regular tasks.",0.482,Medium
SVC00544,20,2,37,57.5,27,5,9.07,4,1,0,1,"Been a normal week, keeping busy with regular tasks.",0.716,High
SVC00544,20,2,56,56.2,26,2,6.96,16,0,0,9,"Feeling isolated, it's been weeks since I saw my family.",0.661,High
SVC00545,42,19,63,61.0,22,6,6.35,18,0,0,9,"Standard patrol schedule, no major issues.",0.492,Medium
SVC00545,42,19,64,53.6,25,2,7.52,1,0,1,4,"Feeling isolated, it's been weeks since I saw my family.",0.702,High
SVC00545,42,19,36,69.1,3,4,6.26,4,0,0,8,"Usual duty hours, a bit tired but okay overall.",0.515,Medium
SVC00545,42,19,22,53.5,6,2,5.53,10,1,0,10,"Standard patrol schedule, no major issues.",0.391,Low
SVC00545,42,19,58,68.7,28,14,6.33,4,0,0,3,The back-to-back duty shifts are wearing me down badly.,0.767,High
SVC00545,42,19,44,67.4,9,5,5.73,8,0,0,1,"Routine day, nothing much to report.",0.649,Medium
SVC00546,31,13,42,67.1,2,8,7.69,19,1,0,1,"Standard patrol schedule, no major issues.",0.56,Medium
SVC00546,31,13,67,69.2,13,12,5.6,17,1,0,4,"Extremely exhausted, haven't slept properly in days.",0.752,High
SVC00546,31,13,87,38.1,7,9,6.26,4,0,0,6,"Been a normal week, keeping busy with regular tasks.",0.601,Medium
SVC00546,31,13,40,49.3,22,10,8.38,9,0,0,6,"Usual duty hours, a bit tired but okay overall.",0.423,Medium
SVC00546,31,13,65,45.2,22,11,3.88,2,0,0,9,"Nothing unusual, just getting through the schedule.",0.613,Medium
SVC00546,31,13,15,39.0,5,1,5.35,7,0,0,10,"Standard patrol schedule, no major issues.",0.353,Low
SVC00547,39,13,90,57.0,0,10,6.76,9,0,0,8,"Nothing unusual, just getting through the schedule.",0.508,Medium
SVC00547,39,13,71,61.1,20,2,5.22,15,0,1,8,"Standard patrol schedule, no major issues.",0.586,Medium
SVC00547,39,13,68,57.5,2,11,5.37,16,0,0,3,"Nothing unusual, just getting through the schedule.",0.548,Medium
SVC00547,39,13,80,57.8,22,3,5.16,2,1,0,10,The back-to-back duty shifts are wearing me down badly.,0.727,High
SVC00547,39,13,29,45.9,14,9,6.45,1,0,0,10,"Usual duty hours, a bit tired but okay overall.",0.411,Medium
SVC00547,39,13,36,44.0,2,4,5.77,9,0,0,9,"Been a normal week, keeping busy with regular tasks.",0.476,Medium
SVC00548,45,25,85,41.5,24,3,7.75,1,0,0,3,"Usual duty hours, a bit tired but okay overall.",0.669,High
SVC00548,45,25,40,50.1,10,12,5.78,12,0,0,5,"Been a normal week, keeping busy with regular tasks.",0.425,Medium
SVC00548,45,25,86,62.1,25,11,7.5,19,0,0,7,"Routine day, nothing much to report.",0.585,Medium
SVC00548,45,25,16,59.7,29,5,7.79,10,0,0,4,"Usual duty hours, a bit tired but okay overall.",0.552,Medium
SVC00548,45,25,86,64.2,13,4,5.69,2,0,0,10,"Routine day, nothing much to report.",0.677,High
SVC00548,45,25,28,38.6,6,6,5.5,8,1,0,1,"Usual duty hours, a bit tired but okay overall.",0.384,Low
SVC00549,36,18,56,57.2,25,6,5.58,18,0,0,8,"Standard patrol schedule, no major issues.",0.555,Medium
SVC00549,36,18,30,54.6,28,3,5.49,19,0,0,7,"Usual duty hours, a bit tired but okay overall.",0.57,Medium
SVC00549,36,18,21,43.4,20,3,6.89,2,0,0,1,"Standard patrol schedule, no major issues.",0.549,Medium
SVC00549,36,18,40,53.5,19,14,4.96,2,0,0,6,"Usual duty hours, a bit tired but okay overall.",0.546,Medium
SVC00549,36,18,77,58.0,29,0,5.72,15,0,0,6,"Feeling isolated, it's been weeks since I saw my family.",0.719,High
SVC00549,36,18,58,30.0,29,7,7.13,0,0,0,2,Really frustrated and anxious about the extended deployment.,0.714,High
SVC00550,43,3,55,35.6,14,6,7.53,4,0,0,6,"Standard patrol schedule, no major issues.",0.491,Medium
SVC00550,43,3,77,54.3,28,7,4.47,18,0,0,6,"Usual duty hours, a bit tired but okay overall.",0.716,High
SVC00550,43,3,7,39.3,9,13,6.59,6,0,0,4,"Routine day, nothing much to report.",0.374,Low
SVC00550,43,3,34,30.0,16,4,8.26,15,1,0,8,"Had a great time during the sports session, morale is high.",0.337,Low
SVC00550,43,3,35,57.7,8,5,4.3,8,0,0,10,"Nothing unusual, just getting through the schedule.",0.535,Medium
SVC00550,43,3,81,47.8,22,12,6.64,16,0,0,6,"Usual duty hours, a bit tired but okay overall.",0.594,Medium
SVC00551,51,13,17,51.5,14,3,5.64,16,0,0,3,"Solid week, workload was manageable and the team is in good spirits.",0.613,Medium
SVC00551,51,13,11,39.8,2,8,5.53,9,0,0,9,"Usual duty hours, a bit tired but okay overall.",0.358,Low
SVC00551,51,13,76,35.7,11,4,6.45,3,0,0,5,"Routine day, nothing much to report.",0.499,Medium
SVC00551,51,13,53,39.5,5,0,5.88,1,0,0,8,"Nothing unusual, just getting through the schedule.",0.544,Medium
SVC00551,51,13,26,58.9,4,3,6.31,10,0,1,8,"Routine day, nothing much to report.",0.42,Medium
SVC00551,51,13,68,75.1,1,2,6.27,4,0,0,4,"Slept well last night, feeling fresh for duty.",0.609,Medium
SVC00552,37,19,72,59.7,3,2,5.32,3,0,0,6,"Struggling to cope, everything feels overwhelming lately.",0.662,High
SVC00552,37,19,14,40.3,25,5,6.41,14,0,0,8,"Nothing unusual, just getting through the schedule.",0.551,Medium
SVC00552,37,19,86,59.7,23,1,5.74,7,0,0,3,"Struggling to cope, everything feels overwhelming lately.",0.745,High
SVC00552,37,19,7,48.1,19,7,4.64,17,0,0,2,"Routine day, nothing much to report.",0.54,Medium
SVC00552,37,19,13,52.9,2,0,4.99,3,0,0,8,"Routine day, nothing much to report.",0.395,Low
SVC00552,37,19,66,59.2,3,1,6.86,6,0,0,5,"Solid week, workload was manageable and the team is in good spirits.",0.582,Medium
SVC00553,37,8,66,50.4,18,8,5.76,3,0,0,1,"Struggling to cope, everything feels overwhelming lately.",0.772,High
SVC00553,37,8,45,59.8,17,7,6.68,8,0,0,3,"Standard patrol schedule, no major issues.",0.517,Medium
SVC00553,37,8,89,52.1,15,4,6.27,18,0,0,3,"Standard patrol schedule, no major issues.",0.57,Medium
SVC00553,37,8,74,41.3,25,9,4.57,18,0,0,5,"Routine day, nothing much to report.",0.515,Medium
SVC00553,37,8,22,35.4,11,0,7.75,15,1,0,8,"Struggling to cope, everything feels overwhelming lately.",0.366,Low
SVC00553,37,8,1,55.7,7,5,6.47,12,0,0,3,"Routine day, nothing much to report.",0.451,Medium
SVC00554,25,4,7,35.4,9,6,7.47,0,0,0,10,"Nothing unusual, just getting through the schedule.",0.377,Low
SVC00554,25,4,7,52.2,10,8,5.0,3,1,0,4,"Feeling isolated, it's been weeks since I saw my family.",0.541,Medium
SVC00554,25,4,67,48.0,10,4,3.36,19,0,1,1,"Been a normal week, keeping busy with regular tasks.",0.562,Medium
SVC00554,25,4,35,63.1,29,7,7.49,15,1,0,8,"Extremely exhausted, haven't slept properly in days.",0.652,High
SVC00554,25,4,26,39.8,13,11,4.13,2,0,0,1,"Usual duty hours, a bit tired but okay overall.",0.491,Medium
SVC00554,25,4,88,49.0,21,0,3.4,18,0,0,5,"Routine day, nothing much to report.",0.71,High
SVC00555,33,15,68,48.9,23,12,6.79,4,0,0,7,"Routine day, nothing much to report.",0.559,Medium
SVC00555,33,15,79,37.9,13,14,6.33,0,0,0,4,"Standard patrol schedule, no major issues.",0.626,Medium
SVC00555,33,15,71,68.5,15,14,4.94,16,0,0,2,The back-to-back duty shifts are wearing me down badly.,0.707,High
SVC00555,33,15,42,45.0,2,6,5.0,16,1,0,7,"Nothing unusual, just getting through the schedule.",0.431,Medium
SVC00555,33,15,2,53.1,3,2,6.18,0,0,0,10,"Standard patrol schedule, no major issues.",0.469,Medium
SVC00555,33,15,55,37.7,30,1,3.95,4,0,0,1,"Routine day, nothing much to report.",0.763,High
SVC00556,37,19,41,32.3,25,5,8.05,15,1,0,5,"Nothing unusual, just getting through the schedule.",0.417,Medium
SVC00556,37,19,53,68.6,7,9,3.29,15,0,1,10,"Routine day, nothing much to report.",0.446,Medium
SVC00556,37,19,51,76.9,28,12,5.13,10,0,0,9,"Feeling isolated, it's been weeks since I saw my family.",0.668,High
SVC00556,37,19,22,67.4,6,4,6.99,6,0,0,2,"Been a normal week, keeping busy with regular tasks.",0.592,Medium
SVC00556,37,19,81,66.9,16,10,4.95,6,0,0,8,"Standard patrol schedule, no major issues.",0.62,Medium
SVC00556,37,19,75,42.2,11,14,6.05,18,0,0,10,"Been a normal week, keeping busy with regular tasks.",0.362,Low
SVC00557,29,11,81,66.2,19,5,3.09,0,0,0,3,"Good day today, training went well and I got some rest.",0.919,High
SVC00557,29,11,69,57.0,20,13,7.26,3,0,0,1,Really frustrated and anxious about the extended deployment.,0.75,High
SVC00557,29,11,36,56.0,21,14,6.01,0,0,0,9,"Standard patrol schedule, no major issues.",0.445,Medium
SVC00557,29,11,17,63.8,5,7,4.71,11,0,0,9,"Standard patrol schedule, no major issues.",0.427,Medium
SVC00557,29,11,7,49.4,23,3,5.17,16,0,0,7,"Nothing unusual, just getting through the schedule.",0.477,Medium
SVC00557,29,11,72,68.4,22,6,4.78,19,0,1,7,"Usual duty hours, a bit tired but okay overall.",0.592,Medium
SVC00558,28,3,9,35.4,9,8,7.95,7,0,0,2,"Standard patrol schedule, no major issues.",0.442,Medium
SVC00558,28,3,12,67.7,5,7,3.79,3,0,0,5,"Nothing unusual, just getting through the schedule.",0.526,Medium
SVC00558,28,3,85,45.6,8,11,6.24,0,0,0,8,"Usual duty hours, a bit tired but okay overall.",0.517,Medium
SVC00558,28,3,52,54.1,27,10,6.82,2,1,1,1,"Feeling isolated, it's been weeks since I saw my family.",0.701,High
SVC00558,28,3,4,49.3,12,0,6.87,7,0,0,7,"Been a normal week, keeping busy with regular tasks.",0.523,Medium
SVC00558,28,3,76,56.3,6,11,6.62,8,0,0,6,"Standard patrol schedule, no major issues.",0.512,Medium
SVC00559,39,21,16,53.0,3,10,6.88,3,0,0,10,"Routine day, nothing much to report.",0.246,Low
SVC00559,39,21,86,58.2,28,1,7.54,14,0,0,9,"Nothing unusual, just getting through the schedule.",0.556,Medium
SVC00559,39,21,26,36.0,0,10,5.78,3,0,0,10,"Nothing unusual, just getting through the schedule.",0.317,Low
SVC00559,39,21,20,51.4,9,9,9.47,10,0,0,7,"Been a normal week, keeping busy with regular tasks.",0.366,Low
SVC00559,39,21,62,62.8,28,4,7.42,2,0,0,9,The back-to-back duty shifts are wearing me down badly.,0.588,Medium
SVC00559,39,21,79,51.6,5,14,7.54,16,0,0,3,"Usual duty hours, a bit tired but okay overall.",0.448,Medium
SVC00560,28,2,21,45.7,0,12,6.11,2,0,0,5,"Usual duty hours, a bit tired but okay overall.",0.264,Low
SVC00560,28,2,32,55.1,16,12,4.36,10,0,1,10,"Routine day, nothing much to report.",0.396,Low
SVC00560,28,2,51,60.2,29,12,5.9,11,0,0,9,"Slept well last night, feeling fresh for duty.",0.453,Medium
SVC00560,28,2,25,59.3,13,11,4.78,17,0,0,9,"Routine day, nothing much to report.",0.474,Medium
SVC00560,28,2,42,61.1,7,7,3.7,19,0,0,8,"Been a normal week, keeping busy with regular tasks.",0.331,Low
SVC00560,28,2,26,56.8,24,11,6.16,10,1,0,1,"Been a normal week, keeping busy with regular tasks.",0.608,Medium
SVC00561,26,8,63,45.7,15,4,8.06,17,0,0,7,"Usual duty hours, a bit tired but okay overall.",0.452,Medium
SVC00561,26,8,30,55.9,23,7,5.9,13,0,0,5,"Usual duty hours, a bit tired but okay overall.",0.572,Medium
SVC00561,26,8,69,47.2,9,8,7.42,14,0,0,7,"Standard patrol schedule, no major issues.",0.519,Medium
SVC00561,26,8,64,65.0,12,8,7.86,6,0,0,3,"Standard patrol schedule, no major issues.",0.63,Medium
SVC00561,26,8,68,50.9,14,12,5.52,14,0,0,9,"Slept well last night, feeling fresh for duty.",0.348,Low
SVC00561,26,8,39,46.8,2,6,7.69,17,0,0,3,"Usual duty hours, a bit tired but okay overall.",0.543,Medium
SVC00562,45,10,66,56.8,13,13,4.91,10,0,0,2,"Nothing unusual, just getting through the schedule.",0.659,High
SVC00562,45,10,55,38.4,8,4,6.49,14,1,1,8,"Usual duty hours, a bit tired but okay overall.",0.481,Medium
SVC00562,45,10,24,46.3,13,11,9.06,19,0,0,1,"Usual duty hours, a bit tired but okay overall.",0.454,Medium
SVC00562,45,10,89,73.6,22,2,6.35,12,0,0,9,"Feeling isolated, it's been weeks since I saw my family.",0.705,High
SVC00562,45,10,28,70.3,13,6,5.23,0,0,0,2,"Extremely exhausted, haven't slept properly in days.",0.653,High
SVC00562,45,10,41,55.6,28,6,5.48,17,0,0,6,"Feeling isolated, it's been weeks since I saw my family.",0.66,High
SVC00563,30,8,13,55.9,19,12,6.37,1,0,0,7,"Usual duty hours, a bit tired but okay overall.",0.457,Medium
SVC00563,30,8,10,63.9,17,2,7.08,19,0,0,9,"Routine day, nothing much to report.",0.482,Medium
SVC00563,30,8,32,39.0,17,5,7.67,14,1,0,9,"Routine day, nothing much to report.",0.429,Medium
SVC00563,30,8,0,58.6,21,14,5.82,5,0,1,10,"Standard patrol schedule, no major issues.",0.442,Medium
SVC00563,30,8,30,54.9,28,2,5.75,4,0,0,1,The back-to-back duty shifts are wearing me down badly.,0.638,Medium
SVC00563,30,8,82,48.8,27,6,6.39,6,0,0,9,"Standard patrol schedule, no major issues.",0.63,Medium
SVC00564,34,12,90,59.7,27,6,4.57,17,0,0,2,"Feeling isolated, it's been weeks since I saw my family.",0.743,High
SVC00564,34,12,73,75.7,18,7,5.77,4,0,0,6,"Feeling isolated, it's been weeks since I saw my family.",0.704,High
SVC00564,34,12,0,51.2,20,0,6.53,11,0,0,5,"Standard patrol schedule, no major issues.",0.534,Medium
SVC00564,34,12,30,31.1,25,5,5.81,1,0,0,1,"Standard patrol schedule, no major issues.",0.457,Medium
SVC00564,34,12,11,30.0,0,4,6.87,19,0,0,1,"Standard patrol schedule, no major issues.",0.405,Medium
SVC00564,34,12,56,50.0,27,11,6.85,4,1,0,2,"Been a normal week, keeping busy with regular tasks.",0.614,Medium
SVC00565,52,16,61,30.0,13,8,6.83,8,0,0,4,"Been a normal week, keeping busy with regular tasks.",0.554,Medium
SVC00565,52,16,22,67.4,28,6,4.84,0,0,0,10,"Good day today, training went well and I got some rest.",0.596,Medium
SVC00565,52,16,20,43.5,18,5,6.4,11,0,0,6,"Extremely exhausted, haven't slept properly in days.",0.4,Low
SVC00565,52,16,71,33.8,24,0,4.52,13,0,0,3,"Extremely exhausted, haven't slept properly in days.",0.758,High
SVC00565,52,16,6,61.5,29,1,4.49,0,0,0,6,"Slept well last night, feeling fresh for duty.",0.711,High
SVC00565,52,16,4,39.9,26,2,5.2,15,0,0,2,"Had a great time during the sports session, morale is high.",0.564,Medium
SVC00566,23,5,31,56.1,27,6,6.52,4,0,0,4,"Standard patrol schedule, no major issues.",0.664,High
SVC00566,23,5,10,36.1,25,14,4.0,2,0,0,8,"Routine day, nothing much to report.",0.484,Medium
SVC00566,23,5,26,39.4,29,10,7.77,1,0,0,1,"Been a normal week, keeping busy with regular tasks.",0.587,Medium
SVC00566,23,5,14,51.1,27,0,7.72,19,0,1,6,"Been a normal week, keeping busy with regular tasks.",0.518,Medium
SVC00566,23,5,14,62.7,11,3,6.62,1,0,0,2,"Usual duty hours, a bit tired but okay overall.",0.629,Medium
SVC00566,23,5,23,60.4,15,6,7.97,10,0,0,1,"Been a normal week, keeping busy with regular tasks.",0.595,Medium
SVC00567,49,22,60,48.6,7,7,6.41,10,0,0,4,"Solid week, workload was manageable and the team is in good spirits.",0.491,Medium
SVC00567,49,22,60,69.2,12,12,4.93,2,0,0,8,"Usual duty hours, a bit tired but okay overall.",0.506,Medium
SVC00567,49,22,11,69.8,4,7,5.16,9,0,0,3,"Standard patrol schedule, no major issues.",0.484,Medium
SVC00567,49,22,83,49.9,11,0,5.42,5,0,1,9,"Solid week, workload was manageable and the team is in good spirits.",0.63,Medium
SVC00567,49,22,28,68.1,23,10,5.5,4,0,0,1,Really frustrated and anxious about the extended deployment.,0.657,High
SVC00567,49,22,56,48.7,26,0,5.07,13,0,0,10,"Standard patrol schedule, no major issues.",0.464,Medium
SVC00568,26,8,6,36.0,13,7,5.83,2,0,0,6,"Usual duty hours, a bit tired but okay overall.",0.534,Medium
SVC00568,26,8,68,38.7,7,2,8.71,9,1,0,1,"Routine day, nothing much to report.",0.627,Medium
SVC00568,26,8,37,30.0,17,10,3.27,13,0,0,6,"Good day today, training went well and I got some rest.",0.49,Medium
SVC00568,26,8,19,56.9,25,0,6.98,7,0,0,3,"Feeling steady. Caught up with family on call, that helped a lot.",0.764,High
SVC00568,26,8,89,54.1,14,4,4.57,14,0,1,1,"Struggling to cope, everything feels overwhelming lately.",0.811,High
SVC00568,26,8,26,45.6,6,8,5.89,14,1,1,6,"Usual duty hours, a bit tired but okay overall.",0.41,Medium
SVC00569,30,6,39,52.5,2,0,7.47,18,0,0,5,"Nothing unusual, just getting through the schedule.",0.413,Medium
SVC00569,30,6,12,51.4,17,1,6.77,0,0,0,10,"Usual duty hours, a bit tired but okay overall.",0.534,Medium
SVC00569,30,6,64,78.7,13,13,6.56,5,0,0,6,"Nothing unusual, just getting through the schedule.",0.578,Medium
SVC00569,30,6,76,48.0,4,3,5.81,18,0,0,7,"Usual duty hours, a bit tired but okay overall.",0.457,Medium
SVC00569,30,6,27,48.7,6,10,5.72,7,0,0,3,"Standard patrol schedule, no major issues.",0.548,Medium
SVC00569,30,6,68,78.2,14,5,5.38,1,0,2,2,"Feeling isolated, it's been weeks since I saw my family.",0.7,High
SVC00570,35,17,71,77.8,30,5,6.0,10,1,0,3,The back-to-back duty shifts are wearing me down badly.,0.818,High
SVC00570,35,17,57,61.7,7,7,8.0,16,0,0,8,"Nothing unusual, just getting through the schedule.",0.403,Medium
SVC00570,35,17,22,47.4,3,13,5.5,2,1,0,10,"Routine day, nothing much to report.",0.398,Low
SVC00570,35,17,22,68.5,12,8,7.32,15,0,0,1,"Usual duty hours, a bit tired but okay overall.",0.595,Medium
SVC00570,35,17,57,44.5,12,14,5.39,2,0,0,6,"Routine day, nothing much to report.",0.424,Medium
SVC00570,35,17,3,59.9,6,5,7.34,9,0,0,10,"Standard patrol schedule, no major issues.",0.395,Low
SVC00571,51,13,39,74.3,24,7,5.35,2,0,0,2,The back-to-back duty shifts are wearing me down badly.,0.766,High
SVC00571,51,13,10,37.7,11,8,5.47,10,0,1,10,"Had a great time during the sports session, morale is high.",0.277,Low
SVC00571,51,13,37,60.1,4,3,4.67,12,0,0,9,"Nothing unusual, just getting through the schedule.",0.544,Medium
SVC00571,51,13,21,53.5,3,0,6.8,13,0,0,9,"Solid week, workload was manageable and the team is in good spirits.",0.338,Low
SVC00571,51,13,25,64.2,28,4,7.05,3,0,0,6,"Feeling isolated, it's been weeks since I saw my family.",0.698,High
SVC00571,51,13,80,53.1,12,5,5.13,19,0,0,4,"Been a normal week, keeping busy with regular tasks.",0.547,Medium
SVC00572,24,6,5,56.3,16,5,5.77,17,1,0,6,"Routine day, nothing much to report.",0.494,Medium
SVC00572,24,6,87,42.0,0,10,5.75,7,0,0,2,"Routine day, nothing much to report.",0.602,Medium
SVC00572,24,6,70,47.9,10,6,6.61,15,0,0,2,"Been a normal week, keeping busy with regular tasks.",0.561,Medium
SVC00572,24,6,84,53.4,22,3,5.22,4,0,0,3,"Struggling to cope, everything feels overwhelming lately.",0.808,High
SVC00572,24,6,77,59.5,14,6,7.71,7,0,0,5,"Nothing unusual, just getting through the schedule.",0.632,Medium
SVC00572,24,6,15,49.3,18,10,6.64,15,0,1,10,"Feeling steady. Caught up with family on call, that helped a lot.",0.333,Low
SVC00573,28,10,14,66.6,2,1,5.87,11,0,0,7,"Routine day, nothing much to report.",0.48,Medium
SVC00573,28,10,41,49.0,25,3,8.34,4,0,0,8,"Usual duty hours, a bit tired but okay overall.",0.592,Medium
SVC00573,28,10,67,36.1,2,11,5.59,2,0,0,4,"Routine day, nothing much to report.",0.441,Medium
SVC00573,28,10,51,63.1,16,9,6.56,11,0,0,3,The back-to-back duty shifts are wearing me down badly.,0.781,High
SVC00573,28,10,25,37.8,27,13,6.28,1,0,0,2,"Routine day, nothing much to report.",0.624,Medium
SVC00573,28,10,19,70.8,25,6,7.15,1,1,0,1,"Struggling to cope, everything feels overwhelming lately.",0.861,High
SVC00574,51,12,49,30.0,11,14,7.0,11,0,0,7,"Had a great time during the sports session, morale is high.",0.298,Low
SVC00574,51,12,73,65.5,28,6,6.6,12,0,0,8,Really frustrated and anxious about the extended deployment.,0.665,High
SVC00574,51,12,75,49.0,5,11,4.3,3,1,0,9,"Routine day, nothing much to report.",0.51,Medium
SVC00574,51,12,7,55.1,27,4,3.71,17,0,0,7,"Routine day, nothing much to report.",0.57,Medium
SVC00574,51,12,18,47.9,19,7,7.43,3,0,0,5,"Routine day, nothing much to report.",0.488,Medium
SVC00574,51,12,49,47.1,23,13,4.56,10,0,0,7,"Usual duty hours, a bit tired but okay overall.",0.593,Medium
SVC00575,30,12,72,50.6,0,8,4.53,4,0,0,1,"Been a normal week, keeping busy with regular tasks.",0.64,Medium
SVC00575,30,12,75,48.9,23,9,7.24,3,0,0,7,"Been a normal week, keeping busy with regular tasks.",0.575,Medium
SVC00575,30,12,74,52.6,1,2,5.77,12,0,0,9,"Extremely exhausted, haven't slept properly in days.",0.433,Medium
SVC00575,30,12,64,52.0,16,5,6.99,13,0,0,3,"Routine day, nothing much to report.",0.574,Medium
SVC00575,30,12,40,30.9,25,6,6.02,10,0,0,8,"Standard patrol schedule, no major issues.",0.371,Low
SVC00575,30,12,4,62.5,24,2,8.16,1,0,0,2,Really frustrated and anxious about the extended deployment.,0.755,High
SVC00576,41,11,19,56.9,15,2,5.14,16,0,0,7,"Routine day, nothing much to report.",0.47,Medium
SVC00576,41,11,84,60.7,5,7,4.83,13,0,0,3,"Nothing unusual, just getting through the schedule.",0.641,Medium
SVC00576,41,11,50,40.7,21,0,4.73,5,0,0,8,"Routine day, nothing much to report.",0.523,Medium
SVC00576,41,11,31,51.0,27,9,7.04,10,0,0,5,"Been a normal week, keeping busy with regular tasks.",0.597,Medium
SVC00576,41,11,66,42.1,5,6,4.59,2,0,0,7,"Routine day, nothing much to report.",0.514,Medium
SVC00576,41,11,39,37.5,9,12,3.74,10,0,0,2,"Had a great time during the sports session, morale is high.",0.388,Low
SVC00577,24,6,19,56.6,11,6,5.33,1,0,0,1,"Been a normal week, keeping busy with regular tasks.",0.669,High
SVC00577,24,6,15,52.6,20,5,5.6,6,0,0,3,"Usual duty hours, a bit tired but okay overall.",0.706,High
SVC00577,24,6,35,52.9,0,0,5.64,10,0,0,10,"Nothing unusual, just getting through the schedule.",0.434,Medium
SVC00577,24,6,51,30.0,13,9,5.11,6,1,0,8,"Standard patrol schedule, no major issues.",0.452,Medium
SVC00577,24,6,22,59.8,2,1,8.59,10,0,0,4,"Been a normal week, keeping busy with regular tasks.",0.485,Medium
SVC00577,24,6,55,34.8,4,1,5.87,10,1,0,10,"Standard patrol schedule, no major issues.",0.503,Medium
SVC00578,47,23,67,66.4,25,0,5.33,7,0,0,4,"Feeling isolated, it's been weeks since I saw my family.",0.764,High
SVC00578,47,23,66,46.3,1,8,8.89,0,0,0,2,"Good day today, training went well and I got some rest.",0.436,Medium
SVC00578,47,23,38,41.5,27,4,6.14,4,0,0,3,"Usual duty hours, a bit tired but okay overall.",0.669,High
SVC00578,47,23,27,30.0,2,4,7.38,6,1,1,2,"Nothing unusual, just getting through the schedule.",0.377,Low
SVC00578,47,23,48,58.7,24,11,5.82,17,0,0,2,"Standard patrol schedule, no major issues.",0.528,Medium
SVC00578,47,23,78,55.8,20,0,7.38,19,0,0,8,"Routine day, nothing much to report.",0.501,Medium
SVC00579,32,5,82,69.1,5,6,7.11,10,0,0,5,"Standard patrol schedule, no major issues.",0.622,Medium
SVC00579,32,5,62,58.7,4,14,5.63,19,0,0,6,"Slept well last night, feeling fresh for duty.",0.261,Low
SVC00579,32,5,66,72.6,10,5,4.62,9,0,0,9,Really frustrated and anxious about the extended deployment.,0.66,High
SVC00579,32,5,7,31.5,5,11,7.66,14,0,0,3,"Feeling steady. Caught up with family on call, that helped a lot.",0.328,Low
SVC00579,32,5,64,43.8,23,7,7.95,0,0,0,7,"Been a normal week, keeping busy with regular tasks.",0.62,Medium
SVC00579,32,5,72,49.2,14,13,6.3,17,0,0,2,"Routine day, nothing much to report.",0.438,Medium
SVC00580,47,29,56,45.5,21,2,7.31,18,1,0,4,The back-to-back duty shifts are wearing me down badly.,0.673,High
SVC00580,47,29,42,42.8,20,14,7.27,5,0,0,3,"Been a normal week, keeping busy with regular tasks.",0.543,Medium
SVC00580,47,29,38,69.5,27,7,6.9,1,0,0,8,"Usual duty hours, a bit tired but okay overall.",0.673,High
SVC00580,47,29,54,53.9,24,2,3.32,18,0,0,6,"Been a normal week, keeping busy with regular tasks.",0.641,Medium
SVC00580,47,29,63,55.3,2,7,5.05,14,0,0,8,"Been a normal week, keeping busy with regular tasks.",0.49,Medium
SVC00580,47,29,38,67.9,0,7,6.55,14,0,0,10,"Extremely exhausted, haven't slept properly in days.",0.454,Medium
SVC00581,31,13,87,30.6,24,12,6.11,14,1,0,5,"Extremely exhausted, haven't slept properly in days.",0.655,High
SVC00581,31,13,44,47.5,26,13,7.96,6,0,0,4,"Usual duty hours, a bit tired but okay overall.",0.621,Medium
SVC00581,31,13,8,49.2,28,7,6.14,14,0,0,9,"Solid week, workload was manageable and the team is in good spirits.",0.593,Medium
SVC00581,31,13,77,38.3,28,4,7.61,19,0,0,3,"Struggling to cope, everything feels overwhelming lately.",0.685,High
SVC00581,31,13,54,42.6,17,2,6.39,2,1,0,7,"Feeling isolated, it's been weeks since I saw my family.",0.516,Medium
SVC00581,31,13,1,40.5,19,13,6.35,13,0,0,10,"Standard patrol schedule, no major issues.",0.417,Medium
SVC00582,30,12,59,64.9,9,4,6.29,19,0,0,2,"Usual duty hours, a bit tired but okay overall.",0.624,Medium
SVC00582,30,12,23,45.2,19,4,6.6,5,0,1,6,"Usual duty hours, a bit tired but okay overall.",0.455,Medium
SVC00582,30,12,63,34.6,1,0,7.18,19,0,0,1,"Usual duty hours, a bit tired but okay overall.",0.414,Medium
SVC00582,30,12,52,39.2,26,10,8.32,16,0,0,1,"Slept well last night, feeling fresh for duty.",0.517,Medium
SVC00582,30,12,85,54.4,3,10,7.06,1,0,0,8,"Feeling isolated, it's been weeks since I saw my family.",0.518,Medium
SVC00582,30,12,13,64.2,0,1,5.42,15,0,0,1,"Solid week, workload was manageable and the team is in good spirits.",0.49,Medium
SVC00583,50,16,71,56.5,20,8,4.78,7,0,0,4,"Usual duty hours, a bit tired but okay overall.",0.595,Medium
SVC00583,50,16,12,48.2,27,1,6.25,9,1,0,8,"Usual duty hours, a bit tired but okay overall.",0.639,Medium
SVC00583,50,16,62,43.8,20,8,7.6,5,1,0,3,"Usual duty hours, a bit tired but okay overall.",0.521,Medium
SVC00583,50,16,84,51.8,9,7,5.04,0,0,0,1,"Routine day, nothing much to report.",0.683,High
SVC00583,50,16,15,48.9,23,13,4.17,4,0,0,3,"Usual duty hours, a bit tired but okay overall.",0.594,Medium
SVC00583,50,16,16,64.6,30,2,6.8,7,0,0,4,"Usual duty hours, a bit tired but okay overall.",0.68,High
SVC00584,20,2,62,50.7,27,7,5.16,2,0,0,8,"Routine day, nothing much to report.",0.546,Medium
SVC00584,20,2,17,38.5,14,9,4.99,14,0,0,6,"Nothing unusual, just getting through the schedule.",0.394,Low
SVC00584,20,2,29,45.8,11,14,7.04,16,0,0,10,"Standard patrol schedule, no major issues.",0.244,Low
SVC00584,20,2,36,48.7,5,12,5.93,19,1,0,5,"Nothing unusual, just getting through the schedule.",0.352,Low
SVC00584,20,2,54,39.0,0,11,6.18,9,0,0,1,"Nothing unusual, just getting through the schedule.",0.429,Medium
SVC00584,20,2,84,58.9,0,7,5.17,18,1,0,10,"Nothing unusual, just getting through the schedule.",0.388,Low
SVC00585,43,8,60,67.0,10,6,4.99,16,1,0,3,"Struggling to cope, everything feels overwhelming lately.",0.674,High
SVC00585,43,8,15,69.7,13,4,4.78,16,0,0,2,"Struggling to cope, everything feels overwhelming lately.",0.664,High
SVC00585,43,8,35,68.3,2,0,6.84,1,0,0,5,"Nothing unusual, just getting through the schedule.",0.575,Medium
SVC00585,43,8,83,45.2,5,14,5.42,9,0,1,6,"Standard patrol schedule, no major issues.",0.425,Medium
SVC00585,43,8,50,74.9,17,7,6.0,15,0,0,8,"Been a normal week, keeping busy with regular tasks.",0.573,Medium
SVC00585,43,8,24,50.6,28,2,5.27,14,0,0,7,"Nothing unusual, just getting through the schedule.",0.574,Medium
SVC00586,30,11,41,61.0,18,5,6.81,17,0,0,2,"Nothing unusual, just getting through the schedule.",0.592,Medium
SVC00586,30,11,6,69.7,11,8,6.03,1,0,0,10,"Standard patrol schedule, no major issues.",0.499,Medium
SVC00586,30,11,50,58.7,28,1,6.68,4,0,1,5,"Struggling to cope, everything feels overwhelming lately.",0.77,High
SVC00586,30,11,59,43.7,0,6,6.63,2,0,0,10,"Usual duty hours, a bit tired but okay overall.",0.411,Medium
SVC00586,30,11,82,40.0,21,5,5.99,17,0,0,9,"Routine day, nothing much to report.",0.508,Medium
SVC00586,30,11,85,40.8,19,5,5.13,10,0,0,1,"Feeling steady. Caught up with family on call, that helped a lot.",0.542,Medium
SVC00587,52,24,43,70.5,3,7,6.55,17,0,0,8,"Standard patrol schedule, no major issues.",0.529,Medium
SVC00587,52,24,56,38.4,1,4,6.85,2,0,0,10,"Been a normal week, keeping busy with regular tasks.",0.338,Low
SVC00587,52,24,69,80.1,16,5,3.4,16,0,0,6,"Nothing unusual, just getting through the schedule.",0.652,High
SVC00587,52,24,68,58.9,13,7,5.51,17,0,0,1,"Routine day, nothing much to report.",0.638,Medium
SVC00587,52,24,49,33.8,9,5,8.19,1,0,0,7,"Routine day, nothing much to report.",0.5,Medium
SVC00587,52,24,75,64.4,22,5,4.75,9,0,0,4,Really frustrated and anxious about the extended deployment.,0.687,High
SVC00588,22,4,43,52.8,25,7,7.78,9,0,0,9,"Been a normal week, keeping busy with regular tasks.",0.536,Medium
SVC00588,22,4,5,62.6,8,8,4.82,19,0,0,10,"Good day today, training went well and I got some rest.",0.321,Low
SVC00588,22,4,59,55.9,2,14,8.91,2,0,0,4,"Routine day, nothing much to report.",0.363,Low
SVC00588,22,4,82,60.3,16,13,7.82,0,0,0,7,"Nothing unusual, just getting through the schedule.",0.471,Medium
SVC00588,22,4,69,71.6,22,12,5.68,2,0,1,3,"Been a normal week, keeping busy with regular tasks.",0.716,High
SVC00588,22,4,75,64.3,26,6,5.03,5,0,0,6,Really frustrated and anxious about the extended deployment.,0.742,High
SVC00589,39,8,23,50.8,20,12,9.5,1,0,0,8,"Been a normal week, keeping busy with regular tasks.",0.43,Medium
SVC00589,39,8,82,37.4,21,14,5.06,14,0,0,10,"Been a normal week, keeping busy with regular tasks.",0.471,Medium
SVC00589,39,8,28,36.4,13,13,6.38,5,1,0,9,"Been a normal week, keeping busy with regular tasks.",0.354,Low
SVC00589,39,8,34,35.5,3,4,5.58,10,0,0,6,"Usual duty hours, a bit tired but okay overall.",0.377,Low
SVC00589,39,8,35,73.0,10,2,5.63,1,2,0,7,"Struggling to cope, everything feels overwhelming lately.",0.652,High
SVC00589,39,8,86,48.4,20,7,5.19,19,0,0,1,"Struggling to cope, everything feels overwhelming lately.",0.673,High
SVC00590,47,24,72,31.4,0,6,6.17,11,1,0,6,"Routine day, nothing much to report.",0.426,Medium
SVC00590,47,24,35,33.0,25,3,6.79,3,0,0,7,"Been a normal week, keeping busy with regular tasks.",0.566,Medium
SVC00590,47,24,2,40.3,10,1,6.71,15,0,0,10,"Slept well last night, feeling fresh for duty.",0.227,Low
SVC00590,47,24,38,44.4,6,1,3.86,15,0,0,10,"Usual duty hours, a bit tired but okay overall.",0.406,Medium
SVC00590,47,24,12,40.3,5,9,6.26,9,0,1,1,"Standard patrol schedule, no major issues.",0.502,Medium
SVC00590,47,24,34,49.2,30,13,4.98,0,0,0,5,"Had a great time during the sports session, morale is high.",0.656,High
SVC00591,32,2,1,45.5,29,6,6.41,0,0,1,7,"Routine day, nothing much to report.",0.554,Medium
SVC00591,32,2,85,35.4,8,8,6.97,13,0,0,7,"Usual duty hours, a bit tired but okay overall.",0.505,Medium
SVC00591,32,2,81,48.7,27,4,9.5,7,0,0,8,"Usual duty hours, a bit tired but okay overall.",0.644,Medium
SVC00591,32,2,74,39.9,8,3,7.0,10,0,0,1,"Standard patrol schedule, no major issues.",0.577,Medium
SVC00591,32,2,21,49.0,9,1,5.94,12,1,0,1,"Usual duty hours, a bit tired but okay overall.",0.575,Medium
SVC00591,32,2,85,50.7,5,1,5.97,2,1,0,8,"Usual duty hours, a bit tired but okay overall.",0.506,Medium
SVC00592,38,5,14,61.8,6,13,6.56,19,0,0,3,"Feeling steady. Caught up with family on call, that helped a lot.",0.324,Low
SVC00592,38,5,46,48.5,2,3,5.89,15,0,0,7,"Feeling steady. Caught up with family on call, that helped a lot.",0.337,Low
SVC00592,38,5,22,58.0,13,13,5.6,0,0,0,2,"Standard patrol schedule, no major issues.",0.559,Medium
SVC00592,38,5,15,38.7,26,5,8.05,5,0,0,7,"Nothing unusual, just getting through the schedule.",0.389,Low
SVC00592,38,5,6,63.7,24,13,5.65,0,0,0,8,"Nothing unusual, just getting through the schedule.",0.458,Medium
SVC00592,38,5,41,61.8,29,11,8.03,8,1,1,8,"Routine day, nothing much to report.",0.442,Medium
SVC00593,33,5,24,67.9,28,11,6.32,12,0,0,7,"Nothing unusual, just getting through the schedule.",0.602,Medium
SVC00593,33,5,16,73.2,4,11,5.33,2,0,0,4,"Standard patrol schedule, no major issues.",0.528,Medium
SVC00593,33,5,48,43.4,22,12,6.14,8,0,0,1,"Standard patrol schedule, no major issues.",0.629,Medium
SVC00593,33,5,5,49.7,27,2,6.11,9,0,0,8,"Been a normal week, keeping busy with regular tasks.",0.467,Medium
SVC00593,33,5,57,42.1,2,10,9.29,11,0,0,4,"Slept well last night, feeling fresh for duty.",0.243,Low
SVC00593,33,5,3,35.4,20,11,4.27,0,0,0,1,"Had a great time during the sports session, morale is high.",0.545,Medium
SVC00594,39,15,25,48.0,3,4,7.38,18,0,0,4,"Routine day, nothing much to report.",0.46,Medium
SVC00594,39,15,63,68.2,10,7,6.71,0,0,0,8,"Usual duty hours, a bit tired but okay overall.",0.627,Medium
SVC00594,39,15,74,38.9,13,8,4.43,17,0,0,7,"Usual duty hours, a bit tired but okay overall.",0.523,Medium
SVC00594,39,15,39,62.4,10,8,8.48,19,0,0,6,"Been a normal week, keeping busy with regular tasks.",0.476,Medium
SVC00594,39,15,85,80.1,14,2,7.56,11,0,0,10,The back-to-back duty shifts are wearing me down badly.,0.705,High
SVC00594,39,15,43,51.2,6,9,5.71,2,0,0,6,Really frustrated and anxious about the extended deployment.,0.479,Medium
SVC00595,52,22,50,44.6,18,4,6.5,15,1,0,6,"Usual duty hours, a bit tired but okay overall.",0.54,Medium
SVC00595,52,22,83,30.0,28,0,6.67,17,0,0,4,"Standard patrol schedule, no major issues.",0.614,Medium
SVC00595,52,22,63,63.7,9,10,3.94,18,0,0,1,The back-to-back duty shifts are wearing me down badly.,0.657,High
SVC00595,52,22,86,39.0,16,1,4.5,0,1,1,9,The back-to-back duty shifts are wearing me down badly.,0.653,High
SVC00595,52,22,57,55.6,19,12,6.72,6,0,0,3,"Been a normal week, keeping busy with regular tasks.",0.619,Medium
SVC00595,52,22,24,49.8,2,11,4.66,12,0,0,1,"Usual duty hours, a bit tired but okay overall.",0.505,Medium
SVC00596,51,3,31,51.9,6,2,6.26,2,0,0,7,"Had a great time during the sports session, morale is high.",0.499,Medium
SVC00596,51,3,4,65.2,6,9,6.0,6,0,0,8,"Been a normal week, keeping busy with regular tasks.",0.451,Medium
SVC00596,51,3,52,64.8,18,5,7.87,16,1,0,3,"Been a normal week, keeping busy with regular tasks.",0.512,Medium
SVC00596,51,3,3,60.4,11,13,6.83,9,0,0,3,"Feeling isolated, it's been weeks since I saw my family.",0.394,Low
SVC00596,51,3,14,53.1,6,10,5.71,13,0,0,5,"Usual duty hours, a bit tired but okay overall.",0.283,Low
SVC00596,51,3,30,47.0,12,1,6.14,14,0,0,2,"Been a normal week, keeping busy with regular tasks.",0.465,Medium
SVC00597,46,28,37,38.9,20,14,5.15,13,0,0,10,"Been a normal week, keeping busy with regular tasks.",0.451,Medium
SVC00597,46,28,32,53.4,12,0,3.52,9,0,0,5,"Extremely exhausted, haven't slept properly in days.",0.656,High
SVC00597,46,28,9,62.5,24,9,4.9,3,0,0,3,"Been a normal week, keeping busy with regular tasks.",0.587,Medium
SVC00597,46,28,4,53.5,2,14,7.4,11,0,0,5,"Standard patrol schedule, no major issues.",0.294,Low
SVC00597,46,28,89,75.9,2,10,6.41,15,0,0,2,"Been a normal week, keeping busy with regular tasks.",0.683,High
SVC00597,46,28,13,58.1,9,13,6.44,19,0,0,6,"Standard patrol schedule, no major issues.",0.356,Low
SVC00598,39,21,1,70.6,22,0,4.79,4,0,0,5,Really frustrated and anxious about the extended deployment.,0.75,High
SVC00598,39,21,51,32.5,6,8,5.54,6,0,0,9,"Standard patrol schedule, no major issues.",0.323,Low
SVC00598,39,21,16,51.7,3,7,5.32,19,0,0,7,"Solid week, workload was manageable and the team is in good spirits.",0.309,Low
SVC00598,39,21,35,40.0,17,1,4.86,15,0,0,7,"Routine day, nothing much to report.",0.599,Medium
SVC00598,39,21,86,75.7,4,13,4.41,13,0,0,6,"Routine day, nothing much to report.",0.474,Medium
SVC00598,39,21,53,44.3,14,4,4.49,9,0,0,7,"Been a normal week, keeping busy with regular tasks.",0.581,Medium
SVC00599,24,6,13,54.4,27,6,4.33,14,0,0,10,"Been a normal week, keeping busy with regular tasks.",0.468,Medium
SVC00599,24,6,25,37.1,14,9,8.0,16,0,0,7,"Slept well last night, feeling fresh for duty.",0.342,Low
SVC00599,24,6,67,53.4,11,6,4.56,9,0,1,10,"Usual duty hours, a bit tired but okay overall.",0.634,Medium
SVC00599,24,6,69,52.7,24,14,6.64,15,0,0,7,"Been a normal week, keeping busy with regular tasks.",0.529,Medium
SVC00599,24,6,28,80.8,13,12,7.24,19,0,1,9,"Been a normal week, keeping busy with regular tasks.",0.476,Medium
SVC00599,24,6,1,58.6,2,11,2.73,1,0,0,5,"Been a normal week, keeping busy with regular tasks.",0.428,Medium
SVC00600,29,4,61,51.1,9,1,6.43,19,0,0,10,"Standard patrol schedule, no major issues.",0.396,Low
SVC00600,29,4,76,69.1,25,10,6.24,12,0,0,7,"Feeling isolated, it's been weeks since I saw my family.",0.75,High
SVC00600,29,4,54,54.7,12,14,6.05,6,0,0,5,"Feeling isolated, it's been weeks since I saw my family.",0.467,Medium
SVC00600,29,4,61,60.9,18,2,7.24,5,0,0,4,"Feeling isolated, it's been weeks since I saw my family.",0.752,High
SVC00600,29,4,67,48.7,7,9,5.07,2,0,0,1,"Usual duty hours, a bit tired but okay overall.",0.627,Medium
SVC00600,29,4,56,36.6,17,11,6.29,5,0,0,6,"Standard patrol schedule, no major issues.",0.421,Medium
